{
"type": "FeatureCollection",
"name": "reference roads",
"crs": { "type": "name", "properties": { "name": "urn:ogc:def:crs:OGC:1.3:CRS84" } },
"features": [
{ "type": "Feature", "properties": { "full_id": "w566863196", "osm_id": "566863196", "osm_type": "way", "highway": "motorway", "short_name": null, "old_name": null, "destination:ref:to": null, "shoulder": null, "opening_date": null, "noref": null, "change:lanes": null, "maxweight:hgv_articulated": null, "maxweight:hgv:conditional": null, "alt_name": null, "traffic_sign": null, "access": null, "destination:street": null, "bridge:name": null, "destination:symbol": null, "embankment": null, "future_ref": null, "maxspeed:permanent": null, "HFCS": null, "maxspeed:advisory": null, "lanes:permanant": null, "ref:fra_crossing": null, "motor_vehicle": null, "turn:lanes:forward": null, "source:hgv": null, "sidewalk": null, "smoothness": null, "tunnel": null, "destination:lanes": null, "old_ref": null, "junction:ref": null, "destination:ref": null, "destination": null, "maxweight": null, "maxheight": null, "toll": null, "lit": null, "expressway": null, "turn:lanes": null, "covered": null, "maxheight:signed": null, "placement": null, "source:minspeed": null, "source:maxspeed": null, "minspeed:type": null, "maxspeed:type": null, "minspeed": "40 mph", "horse": null, "foot": null, "loc_ref": null, "tiger:reviewed": null, "tiger:county": null, "tiger:cfcc": null, "name": null, "layer": "1", "bridge": "yes", "bicycle": null, "surface": "concrete", "source:hgv:national_network": "https://www.ecfr.gov/current/title-23/chapter-I/subchapter-G/part-658;https://hepgis-usdot.hub.arcgis.com/apps/usdot::national-network-conventional-combination-trucks-map", "ref": "I 435", "oneway": "yes", "noname": null, "maxspeed": "70 mph", "lanes": "4", "hgv:national_network": "yes", "hgv": "designated", "NHS": null, "road_name": null, "named": "I-435", "boundary": null, "admin_level": null, "wikipedia": null, "wikidata": null, "type": null, "source:short_name": null, "source:population": null, "source:name:br": null, "ref:fips": null, "ref:USPS": null, "ref:USCG": null, "population:date": null, "population": null, "nickname": null, "name:zh-Hant": null, "name:zh-Hans": null, "name:zh": null, "name:yi": null, "name:uz": null, "name:ur": null, "name:uk": null, "name:tl": null, "name:th": null, "name:ta": null, "name:sr": null, "name:sq": null, "name:sl": null, "name:sa": null, "name:ru": null, "name:qu": null, "name:pl": null, "name:oc": null, "name:nv": null, "name:mr": null, "name:ml": null, "name:mg": null, "name:lv": null, "name:lt": null, "name:la": null, "name:ko": null, "name:ka": null, "name:ja": null, "name:hy": null, "name:ht": null, "name:he": null, "name:haw": null, "name:hak": null, "name:gl": null, "name:ga": null, "name:fr": null, "name:fa": null, "name:eu": null, "name:es": null, "name:eo": null, "name:en": null, "name:el": null, "name:br": null, "name:bn": null, "name:bg": null, "name:az": null, "name:arc": null, "name:ar": null, "border_type": null, "ISO3166-2": null, "full_id_2": null, "osm_id_2": null, "osm_type_2": null, "boundary_2": null, "admin_level_2": null, "name_2": null, "wikipedia_2": null, "wikidata_2": null, "type_2": null, "source:short_name_2": null, "source:population_2": null, "source:name:br_2": null, "short_name_2": null, "ref:fips_2": null, "ref:USPS_2": null, "ref:USCG_2": null, "ref_2": null, "population:date_2": null, "population_2": null, "nickname_2": null, "name:zh-Hant_2": null, "name:zh-Hans_2": null, "name:zh_2": null, "name:yi_2": null, "name:uz_2": null, "name:ur_2": null, "name:uk_2": null, "name:th_2": null, "name:ta_2": null, "name:sr_2": null, "name:sh": null, "name:sa_2": null, "name:ru_2": null, "name:qu_2": null, "name:pl_2": null, "name:nv_2": null, "name:nan": null, "name:mr_2": null, "name:ml_2": null, "name:lv_2": null, "name:lt_2": null, "name:ko_2": null, "name:kn": null, "name:ka_2": null, "name:ja_2": null, "name:hy_2": null, "name:ht_2": null, "name:hi": null, "name:he_2": null, "name:hak_2": null, "name:ga_2": null, "name:fr_2": null, "name:fa_2": null, "name:eo_2": null, "name:en_2": null, "name:el_2": null, "name:de": null, "name:chr": null, "name:br_2": null, "name:bn_2": null, "name:az_2": null, "name:arc_2": null, "name:ar_2": null, "border_type_2": null, "ISO3166-2_2": null, "path": "MultiLineString?crs=EPSG:4326&field=full_id:string(0,0)&field=osm_id:string(0,0)&field=osm_type:string(0,0)&field=highway:string(0,0)&field=short_name:string(0,0)&field=old_name:string(0,0)&field=destination%3Aref%3Ato:string(0,0)&field=shoulder:string(0,0)&field=opening_date:string(0,0)&field=noref:string(0,0)&field=change%3Alanes:string(0,0)&field=maxweight%3Ahgv_articulated:string(0,0)&field=maxweight%3Ahgv%3Aconditional:string(0,0)&field=alt_name:string(0,0)&field=traffic_sign:string(0,0)&field=access:string(0,0)&field=destination%3Astreet:string(0,0)&field=bridge%3Aname:string(0,0)&field=destination%3Asymbol:string(0,0)&field=embankment:string(0,0)&field=future_ref:string(0,0)&field=maxspeed%3Apermanent:string(0,0)&field=HFCS:string(0,0)&field=maxspeed%3Aadvisory:string(0,0)&field=lanes%3Apermanant:string(0,0)&field=ref%3Afra_crossing:string(0,0)&field=motor_vehicle:string(0,0)&field=turn%3Alanes%3Aforward:string(0,0)&field=source%3Ahgv:string(0,0)&field=sidewalk:string(0,0)&field=smoothness:string(0,0)&field=tunnel:string(0,0)&field=destination%3Alanes:string(0,0)&field=old_ref:string(0,0)&field=junction%3Aref:string(0,0)&field=destination%3Aref:string(0,0)&field=destination:string(0,0)&field=maxweight:string(0,0)&field=maxheight:string(0,0)&field=toll:string(0,0)&field=lit:string(0,0)&field=expressway:string(0,0)&field=turn%3Alanes:string(0,0)&field=covered:string(0,0)&field=maxheight%3Asigned:string(0,0)&field=placement:string(0,0)&field=source%3Aminspeed:string(0,0)&field=source%3Amaxspeed:string(0,0)&field=minspeed%3Atype:string(0,0)&field=maxspeed%3Atype:string(0,0)&field=minspeed:string(0,0)&field=horse:string(0,0)&field=foot:string(0,0)&field=loc_ref:string(0,0)&field=tiger%3Areviewed:string(0,0)&field=tiger%3Acounty:string(0,0)&field=tiger%3Acfcc:string(0,0)&field=name:string(0,0)&field=layer:string(0,0)&field=bridge:string(0,0)&field=bicycle:string(0,0)&field=surface:string(0,0)&field=source%3Ahgv%3Anational_network:string(0,0)&field=ref:string(0,0)&field=oneway:string(0,0)&field=noname:string(0,0)&field=maxspeed:string(0,0)&field=lanes:string(0,0)&field=hgv%3Anational_network:string(0,0)&field=hgv:string(0,0)&field=NHS:string(0,0)&uid={b7692325-bc58-4149-b07b-21e821c84b93}" }, "geometry": { "type": "MultiLineString", "coordinates": [ [ [ -94.8208441, 39.1580265 ], [ -94.8210694, 39.1574275 ], [ -94.8212056, 39.1569333 ], [ -94.8212464, 39.1563003 ], [ -94.8212376, 39.1557735 ], [ -94.8212357, 39.1556597 ], [ -94.8211421, 39.1543612 ], [ -94.8207342, 39.1487047 ], [ -94.8206493, 39.1475273 ], [ -94.8203885, 39.14391 ], [ -94.820356, 39.1434581 ], [ -94.8202701, 39.1426842 ], [ -94.8201691, 39.1420962 ], [ -94.8196311, 39.1389651 ], [ -94.8191532, 39.1360429 ], [ -94.8190305, 39.1354251 ], [ -94.8184458, 39.1324573 ], [ -94.8180542, 39.1313337 ], [ -94.8172419, 39.1295627 ], [ -94.8170174, 39.1290732 ], [ -94.8165754, 39.1281914 ], [ -94.8164639, 39.1279638 ], [ -94.8150331, 39.1250038 ], [ -94.8142673, 39.1233963 ], [ -94.8139941, 39.122803 ], [ -94.8134167, 39.1215992 ], [ -94.8131957, 39.1211127 ], [ -94.8129476, 39.1204758 ], [ -94.8127852, 39.1199613 ], [ -94.8125777, 39.1192684 ], [ -94.8124694, 39.1187084 ], [ -94.8123524, 39.1179455 ], [ -94.8122872, 39.1172755 ], [ -94.8122486, 39.1166359 ], [ -94.8122105, 39.1160677 ], [ -94.8118459, 39.1112306 ], [ -94.8116848, 39.1091458 ], [ -94.8115974, 39.1075528 ], [ -94.8115742, 39.1071299 ], [ -94.8115013, 39.106144 ], [ -94.8113801, 39.1044477 ], [ -94.8113163, 39.1035995 ], [ -94.8111234, 39.1012314 ], [ -94.811049, 39.1003663 ], [ -94.8109655, 39.0997083 ], [ -94.8106848, 39.098639 ], [ -94.8103913, 39.0977082 ], [ -94.8100517, 39.0968587 ], [ -94.8096334, 39.0960308 ], [ -94.8093291, 39.0954654 ], [ -94.8089628, 39.0948546 ], [ -94.8083325, 39.0939509 ], [ -94.8073537, 39.0927664 ], [ -94.8065388, 39.0919584 ], [ -94.804957, 39.0905394 ], [ -94.8040353, 39.0897974 ], [ -94.803553, 39.0893634 ], [ -94.802998, 39.0887693 ], [ -94.8023856, 39.0880513 ], [ -94.8016456, 39.0870709 ], [ -94.8011608, 39.0862786 ], [ -94.8007206, 39.0854913 ], [ -94.8003378, 39.0847238 ], [ -94.7999104, 39.0835923 ], [ -94.7987111, 39.0803859 ], [ -94.7984878, 39.0797569 ], [ -94.7967079, 39.0749285 ], [ -94.7960572, 39.0731257 ], [ -94.7958403, 39.0724967 ], [ -94.79447, 39.068811 ], [ -94.7933775, 39.0657999 ], [ -94.7922799, 39.0624711 ], [ -94.7919447, 39.0612672 ], [ -94.7912663, 39.0584051 ], [ -94.7908644, 39.0561561 ], [ -94.7907905, 39.05565 ], [ -94.7906539, 39.0547145 ], [ -94.7903786, 39.0520262 ], [ -94.7903461, 39.0514052 ], [ -94.7902966, 39.0508801 ], [ -94.7900728, 39.0487501 ], [ -94.789549, 39.0431685 ], [ -94.7893745, 39.0412181 ], [ -94.7891469, 39.0385482 ], [ -94.7889118, 39.0363155 ], [ -94.788669, 39.0342295 ], [ -94.78854, 39.0335872 ], [ -94.7877724, 39.0305052 ], [ -94.7867776, 39.0265103 ], [ -94.7862489, 39.0244348 ], [ -94.7860593, 39.0236156 ], [ -94.785929, 39.0228858 ], [ -94.7856608, 39.0207936 ], [ -94.7855294, 39.0186327 ], [ -94.7855088, 39.018098 ], [ -94.7854602, 39.0168235 ], [ -94.7853164, 39.0112814 ], [ -94.7852044, 39.0093272 ], [ -94.7851869, 39.0089447 ], [ -94.7851592, 39.0085416 ], [ -94.7851132, 39.0081288 ], [ -94.7850569, 39.0077098 ], [ -94.7850005, 39.0073649 ], [ -94.7849455, 39.0070783 ], [ -94.7849046, 39.0066723 ], [ -94.7845372, 39.005417 ], [ -94.7843839, 39.004964 ], [ -94.7839211, 39.0034422 ], [ -94.7836207, 39.0024783 ], [ -94.7829126, 39.0002062 ], [ -94.7827092, 38.9994888 ], [ -94.7823045, 38.9981365 ], [ -94.7821182, 38.9975639 ], [ -94.7820235, 38.9972976 ], [ -94.7819194, 38.9970457 ], [ -94.7817288, 38.9966079 ], [ -94.7816269, 38.9964284 ], [ -94.7814564, 38.9961556 ], [ -94.781298, 38.9959297 ], [ -94.7811245, 38.9956836 ], [ -94.7809501, 38.9954594 ], [ -94.7806335, 38.9951144 ], [ -94.7800213, 38.9945296 ], [ -94.7796063, 38.9941147 ], [ -94.7792257, 38.9937401 ], [ -94.77865, 38.9931945 ], [ -94.7784682, 38.9930081 ], [ -94.7783422, 38.9928789 ], [ -94.7780375, 38.9925454 ], [ -94.7778461, 38.9923171 ], [ -94.7776406, 38.9920482 ], [ -94.7774584, 38.9917844 ], [ -94.7772945, 38.9915343 ], [ -94.7771299, 38.9912487 ], [ -94.776974, 38.990937 ], [ -94.7768506, 38.9906775 ], [ -94.776749, 38.990422 ], [ -94.7766589, 38.9901656 ], [ -94.7765707, 38.989878 ], [ -94.7765033, 38.9896142 ], [ -94.7764298, 38.9892692 ], [ -94.7763906, 38.9890076 ], [ -94.7763601, 38.9887167 ], [ -94.7763397, 38.9883946 ], [ -94.776337, 38.9879766 ], [ -94.7764271, 38.9811495 ], [ -94.7764969, 38.9759118 ], [ -94.7765425, 38.9747077 ], [ -94.7765581, 38.9740722 ], [ -94.7765657, 38.9736233 ], [ -94.7765841, 38.9714138 ], [ -94.7765854, 38.9705986 ], [ -94.7766228, 38.9683684 ], [ -94.7766406, 38.9673562 ], [ -94.7766443, 38.9665226 ], [ -94.776643, 38.9660772 ], [ -94.7766168, 38.9656433 ], [ -94.7765779, 38.9651988 ], [ -94.7765428, 38.9648988 ], [ -94.7764795, 38.9645362 ], [ -94.7763973, 38.964067 ], [ -94.7763118, 38.9635799 ], [ -94.7762168, 38.9628532 ], [ -94.7761499, 38.962496 ], [ -94.7751739, 38.9571153 ], [ -94.7743028, 38.9519198 ], [ -94.7739245, 38.9496649 ], [ -94.7737319, 38.9486175 ], [ -94.7736446, 38.948238 ], [ -94.7736402, 38.9482177 ], [ -94.7735788, 38.947933 ], [ -94.7735156, 38.9477023 ], [ -94.7734927, 38.9475883 ], [ -94.773121, 38.9469198 ], [ -94.7729501, 38.9466133 ], [ -94.7727723, 38.9463273 ], [ -94.772554, 38.9460369 ], [ -94.7723284, 38.9457526 ], [ -94.7721183, 38.9455186 ], [ -94.7719359, 38.9453331 ], [ -94.7716467, 38.9450609 ], [ -94.7713285, 38.9447967 ], [ -94.7710783, 38.9446102 ], [ -94.7707538, 38.9443786 ], [ -94.7704174, 38.9441724 ], [ -94.7700664, 38.9439832 ], [ -94.769484, 38.9436989 ], [ -94.7689453, 38.9434731 ], [ -94.7685707, 38.9433407 ], [ -94.7680654, 38.9431669 ], [ -94.7675608, 38.9430178 ], [ -94.767023, 38.942878 ], [ -94.7664862, 38.9427647 ], [ -94.7659528, 38.9426683 ], [ -94.7655226, 38.9426051 ], [ -94.7648598, 38.9425317 ], [ -94.7642756, 38.9424724 ], [ -94.7635184, 38.9424372 ], [ -94.761353, 38.942376 ], [ -94.7602857, 38.9423551 ], [ -94.7590207, 38.9423337 ], [ -94.7570023, 38.9423053 ], [ -94.7563947, 38.9422991 ], [ -94.7559911, 38.942274 ], [ -94.7556035, 38.9422417 ], [ -94.7551583, 38.9421906 ], [ -94.7546956, 38.9421166 ], [ -94.7543321, 38.9420488 ], [ -94.7532628, 38.9418048 ], [ -94.7527871, 38.9416447 ], [ -94.7523804, 38.9414973 ], [ -94.7521053, 38.9413938 ], [ -94.7516525, 38.9411857 ], [ -94.7512883, 38.9409875 ], [ -94.7510099, 38.9408457 ], [ -94.750471, 38.9405632 ], [ -94.7498766, 38.9402615 ], [ -94.7488821, 38.9397636 ], [ -94.7482932, 38.9394624 ], [ -94.7481082, 38.9393682 ], [ -94.7472557, 38.9389238 ], [ -94.7438492, 38.9371465 ], [ -94.7425063, 38.9364491 ], [ -94.7418218, 38.9360984 ], [ -94.7414254, 38.9359047 ], [ -94.7409305, 38.9356929 ], [ -94.7405671, 38.9355552 ], [ -94.739977, 38.9353581 ], [ -94.739285, 38.9351692 ], [ -94.7386573, 38.9350368 ], [ -94.7380954, 38.934947 ], [ -94.7376193, 38.9348928 ], [ -94.7370325, 38.9348522 ], [ -94.7358227, 38.9348389 ], [ -94.7282674, 38.9350174 ], [ -94.7238675, 38.935121 ], [ -94.7170543, 38.9351531 ], [ -94.7136124, 38.9351549 ], [ -94.704361, 38.9351596 ], [ -94.7019674, 38.935164 ], [ -94.7013116, 38.9351578 ], [ -94.7005579, 38.9351452 ], [ -94.6998793, 38.9351213 ], [ -94.699257, 38.935091 ], [ -94.6987152, 38.9350608 ], [ -94.6939398, 38.9347715 ], [ -94.6928601, 38.9347052 ], [ -94.68873, 38.9344093 ], [ -94.6874553, 38.9343556 ], [ -94.6865983, 38.9343347 ], [ -94.6857927, 38.9342952 ], [ -94.6849303, 38.9342765 ], [ -94.6836787, 38.9342575 ], [ -94.6824197, 38.934258 ], [ -94.6814792, 38.9342505 ], [ -94.6810126, 38.9342429 ], [ -94.6805339, 38.934222 ], [ -94.6799639, 38.9341866 ], [ -94.6793765, 38.9341354 ], [ -94.6787167, 38.9340635 ], [ -94.6781145, 38.9339842 ], [ -94.6774533, 38.9338799 ], [ -94.674168, 38.9332384 ], [ -94.6714841, 38.9327125 ], [ -94.668247, 38.932078 ], [ -94.667175, 38.9318695 ], [ -94.6644366, 38.9313312 ], [ -94.6635675, 38.9311654 ], [ -94.6628849, 38.9310464 ], [ -94.6622001, 38.9309453 ], [ -94.6615317, 38.9308712 ], [ -94.6607257, 38.9308002 ], [ -94.6603755, 38.9307784 ], [ -94.6601745, 38.9307679 ], [ -94.6597521, 38.9307522 ], [ -94.6590346, 38.9307376 ], [ -94.6585439, 38.9307373 ], [ -94.6579738, 38.9307512 ], [ -94.6574307, 38.9307773 ], [ -94.6569988, 38.9308065 ], [ -94.6565294, 38.9308472 ], [ -94.6561008, 38.9308777 ], [ -94.6536005, 38.9311424 ], [ -94.6493585, 38.9315795 ], [ -94.6384066, 38.9326557 ], [ -94.6378037, 38.9327151 ], [ -94.6372389, 38.9327573 ], [ -94.6365111, 38.9328042 ], [ -94.6357734, 38.9328382 ], [ -94.6351989, 38.9328541 ], [ -94.6344649, 38.932865 ], [ -94.6333486, 38.9328612 ], [ -94.6326344, 38.9328349 ], [ -94.6306604, 38.9327905 ], [ -94.6298496, 38.9327865 ], [ -94.6289915, 38.9327976 ], [ -94.6267701, 38.9327655 ], [ -94.6248869, 38.9327549 ], [ -94.6244685, 38.9327597 ], [ -94.6240057, 38.9327707 ], [ -94.6233991, 38.9327994 ], [ -94.6228449, 38.9328325 ], [ -94.6223954, 38.9328742 ], [ -94.6215819, 38.9329615 ], [ -94.6210982, 38.9330227 ], [ -94.6204418, 38.9331295 ], [ -94.6197574, 38.9332533 ], [ -94.619348, 38.9333406 ], [ -94.6186785, 38.9335022 ], [ -94.6181972, 38.933632 ], [ -94.6179099, 38.9337106 ], [ -94.6175703, 38.9338082 ], [ -94.6160881, 38.9342891 ], [ -94.6150779, 38.9346174 ], [ -94.6145555, 38.9347869 ], [ -94.6140465, 38.934945 ], [ -94.6125888, 38.9354079 ], [ -94.6116922, 38.9356942 ], [ -94.6089846, 38.9365796 ], [ -94.6084915, 38.9367318 ], [ -94.6079045, 38.9369099 ], [ -94.6077064, 38.93697 ], [ -94.6063972, 38.9373738 ], [ -94.6055537, 38.9376362 ], [ -94.6045173, 38.9379654 ], [ -94.6031716, 38.9383971 ], [ -94.601359, 38.9389748 ], [ -94.6003034, 38.9393129 ], [ -94.5997149, 38.9395036 ], [ -94.5991584, 38.9396754 ], [ -94.5985757, 38.9398333 ], [ -94.5982081, 38.9399333 ], [ -94.5978461, 38.9400182 ], [ -94.5973867, 38.9401133 ], [ -94.5969329, 38.9402009 ], [ -94.596509, 38.9402862 ], [ -94.5957805, 38.9404151 ], [ -94.5951868, 38.9405047 ], [ -94.5944681, 38.9406021 ], [ -94.5938426, 38.9406658 ], [ -94.5932866, 38.9407143 ], [ -94.5929707, 38.9407264 ], [ -94.5923696, 38.9407438 ], [ -94.5917621, 38.940748 ], [ -94.5905124, 38.940713 ], [ -94.5897594, 38.9406871 ], [ -94.5886909, 38.9406338 ], [ -94.5876489, 38.940593 ], [ -94.5872056, 38.9405757 ], [ -94.5830051, 38.9403452 ], [ -94.582478, 38.9403215 ], [ -94.5791867, 38.9402353 ], [ -94.5764863, 38.9401127 ], [ -94.5680902, 38.9396937 ], [ -94.5670201, 38.9396379 ], [ -94.5646155, 38.9395498 ], [ -94.5632851, 38.9394879 ], [ -94.5622088, 38.939435 ], [ -94.5601797, 38.9393359 ], [ -94.5582602, 38.9392493 ], [ -94.5514526, 38.9389114 ], [ -94.5503877, 38.938862 ], [ -94.5428438, 38.9385065 ], [ -94.5424859, 38.9385606 ], [ -94.5418623, 38.9385762 ], [ -94.541029, 38.9386465 ], [ -94.5403659, 38.9387763 ], [ -94.539391, 38.9390882 ], [ -94.5388109, 38.9393329 ], [ -94.5382108, 38.9396514 ], [ -94.5376368, 38.9400895 ], [ -94.5373582, 38.9403345 ], [ -94.5370244, 38.9406679 ], [ -94.5365199, 38.9412874 ], [ -94.5365038, 38.9413092 ], [ -94.536371, 38.9414886 ], [ -94.5362671, 38.9416668 ], [ -94.536241, 38.9417117 ], [ -94.5360596, 38.9420238 ], [ -94.5356699, 38.9427794 ], [ -94.5354582, 38.9431831 ], [ -94.5340878, 38.9458656 ], [ -94.5333797, 38.9472548 ], [ -94.5328975, 38.9480705 ], [ -94.5320334, 38.9495279 ], [ -94.5277427, 38.95575 ], [ -94.5211145, 38.9652842 ], [ -94.5197849, 38.9672082 ], [ -94.5194815, 38.9676683 ], [ -94.5174941, 38.9705249 ], [ -94.51562, 38.9732185 ], [ -94.5151496, 38.9738555 ], [ -94.5148462, 38.9741858 ], [ -94.514391, 38.9746871 ], [ -94.5133896, 38.9755069 ], [ -94.5126181, 38.9762242 ], [ -94.5095532, 38.978825 ], [ -94.5090069, 38.9792968 ], [ -94.5075319, 38.9804706 ], [ -94.5060207, 38.9818346 ], [ -94.5056643, 38.9821783 ], [ -94.5052436, 38.982525 ], [ -94.5039723, 38.9836114 ], [ -94.5035171, 38.9841008 ], [ -94.503244, 38.9844723 ], [ -94.502713, 38.9852507 ], [ -94.5023943, 38.9858227 ], [ -94.5022047, 38.9862473 ], [ -94.5020605, 38.9867721 ], [ -94.5019316, 38.9872557 ], [ -94.5018784, 38.9876862 ], [ -94.5018102, 38.9881107 ], [ -94.5018026, 38.988606 ], [ -94.5018102, 38.9890778 ], [ -94.5018329, 38.9895377 ], [ -94.501886, 38.9898856 ], [ -94.5019771, 38.9903456 ], [ -94.5021136, 38.9910413 ], [ -94.5023564, 38.9922442 ], [ -94.5024095, 38.9928162 ], [ -94.5024398, 38.9933468 ], [ -94.5024398, 38.9937891 ], [ -94.5023671, 38.9952465 ], [ -94.5023033, 38.9957466 ], [ -94.5021516, 38.997427 ], [ -94.5018102, 39.0014951 ], [ -94.501704, 39.0025209 ], [ -94.5014157, 39.0063058 ], [ -94.5013246, 39.0067243 ], [ -94.501097, 39.0072549 ], [ -94.5008391, 39.0077029 ], [ -94.5005963, 39.008151 ], [ -94.5003839, 39.00854 ], [ -94.5000729, 39.0089881 ], [ -94.4983242, 39.0111043 ], [ -94.4979046, 39.0116879 ], [ -94.4975137, 39.0123039 ], [ -94.4971618, 39.0131013 ], [ -94.4971114, 39.0133418 ], [ -94.4970309, 39.0138378 ], [ -94.4970041, 39.0142921 ], [ -94.4970095, 39.0146798 ], [ -94.4970832, 39.0152463 ], [ -94.497172, 39.0155959 ], [ -94.4972946, 39.0159699 ], [ -94.4974568, 39.0163646 ], [ -94.4975744, 39.0165797 ], [ -94.4978806, 39.0170951 ], [ -94.4981231, 39.0174371 ], [ -94.4996924, 39.0190926 ], [ -94.4999221, 39.0193602 ], [ -94.5002155, 39.0197914 ], [ -94.5004324, 39.0201979 ], [ -94.5005536, 39.0205151 ], [ -94.5006557, 39.0209116 ], [ -94.5007578, 39.0215708 ], [ -94.5007893, 39.0222497 ], [ -94.5007492, 39.0230278 ], [ -94.5006713, 39.0243568 ], [ -94.5006436, 39.0250469 ], [ -94.5005023, 39.0280589 ], [ -94.5003805, 39.0306559 ], [ -94.5003225, 39.031636 ], [ -94.5001577, 39.0347757 ], [ -94.5000764, 39.0363238 ], [ -94.4994649, 39.04797 ], [ -94.4993728, 39.0489205 ], [ -94.4993205, 39.0493573 ], [ -94.4991491, 39.0499388 ], [ -94.4989236, 39.0505169 ], [ -94.4986349, 39.0510774 ], [ -94.4982108, 39.0517395 ], [ -94.4980078, 39.0520127 ], [ -94.4977056, 39.0523805 ], [ -94.4972771, 39.0528009 ], [ -94.496729, 39.0532753 ], [ -94.4958461, 39.0539974 ], [ -94.4939591, 39.0554933 ], [ -94.4937005, 39.0556983 ], [ -94.4932678, 39.0560521 ], [ -94.4929233, 39.0563369 ], [ -94.4923619, 39.0567852 ], [ -94.491708, 39.0572608 ], [ -94.4915875, 39.0573537 ], [ -94.4911692, 39.0576462 ], [ -94.4905064, 39.0581524 ], [ -94.4901844, 39.0583857 ], [ -94.4899482, 39.0586 ], [ -94.4898527, 39.058699 ], [ -94.4896564, 39.0588789 ], [ -94.4893699, 39.0591678 ], [ -94.4891075, 39.0595045 ], [ -94.4888437, 39.0599481 ], [ -94.48863, 39.0603964 ], [ -94.4885621, 39.0605405 ], [ -94.4885131, 39.0606605 ], [ -94.4884641, 39.0607828 ], [ -94.4884112, 39.0609388 ], [ -94.4883461, 39.0611778 ], [ -94.4882652, 39.0615175 ], [ -94.4881372, 39.0626262 ], [ -94.4879863, 39.0658516 ], [ -94.4878619, 39.0689003 ], [ -94.4878073, 39.0701772 ], [ -94.4878164, 39.0706225 ], [ -94.4878468, 39.0709783 ], [ -94.4878741, 39.071261 ], [ -94.4879287, 39.0715272 ], [ -94.4880098, 39.071914 ], [ -94.4881507, 39.0725275 ], [ -94.4882719, 39.0728643 ], [ -94.4905707, 39.0787916 ], [ -94.490772, 39.0795987 ], [ -94.4908177, 39.0798593 ], [ -94.4908368, 39.0804409 ], [ -94.4907894, 39.0809207 ], [ -94.4906954, 39.0814332 ], [ -94.4906338, 39.0817366 ], [ -94.4905346, 39.0819817 ], [ -94.4903451, 39.0824299 ], [ -94.4899121, 39.0832353 ], [ -94.4890148, 39.0845398 ], [ -94.4879205, 39.0863586 ], [ -94.4875735, 39.0871677 ], [ -94.4875062, 39.0873826 ], [ -94.4873315, 39.0879399 ], [ -94.4872161, 39.0886915 ], [ -94.4872175, 39.0895338 ], [ -94.4872728, 39.0900827 ], [ -94.487309, 39.0904048 ], [ -94.48753, 39.0926735 ], [ -94.4876189, 39.0931925 ], [ -94.4877227, 39.0940467 ], [ -94.4878171, 39.0949527 ], [ -94.4878445, 39.0952161 ], [ -94.4878457, 39.0956776 ], [ -94.4878466, 39.0962849 ], [ -94.4878084, 39.096795 ], [ -94.4877452, 39.0971695 ], [ -94.4874791, 39.0982233 ], [ -94.4865273, 39.1014019 ], [ -94.4863559, 39.102137 ], [ -94.486269, 39.1029333 ], [ -94.4861199, 39.1053283 ], [ -94.486103, 39.1056 ], [ -94.4860491, 39.1064391 ], [ -94.4860446, 39.1068942 ], [ -94.4857695, 39.112323 ], [ -94.4858263, 39.1131367 ], [ -94.4859111, 39.113652 ], [ -94.4860487, 39.1142754 ], [ -94.4863013, 39.1148984 ], [ -94.4867064, 39.1157464 ], [ -94.4871668, 39.1164022 ], [ -94.487596, 39.1169308 ], [ -94.4884097, 39.1177316 ], [ -94.4904857, 39.1197002 ], [ -94.4915586, 39.1207448 ], [ -94.4920038, 39.1211527 ], [ -94.4936722, 39.1227799 ], [ -94.4952777, 39.1243376 ], [ -94.4960356, 39.1250725 ], [ -94.4969239, 39.1260902 ], [ -94.4971023, 39.1262887 ], [ -94.4979227, 39.1275659 ], [ -94.4981423, 39.1280066 ], [ -94.4982966, 39.1283481 ], [ -94.49859, 39.1290979 ], [ -94.4987527, 39.1298327 ], [ -94.4988548, 39.1302682 ], [ -94.4989664, 39.1314138 ], [ -94.4989409, 39.1321957 ], [ -94.4988108, 39.1336332 ], [ -94.4987853, 39.1356323 ], [ -94.4985789, 39.1400545 ], [ -94.498422, 39.1450371 ], [ -94.4981929, 39.150401 ], [ -94.4980014, 39.1549562 ], [ -94.497993, 39.155166 ], [ -94.4979808, 39.1554624 ], [ -94.4979268, 39.1567779 ], [ -94.4978966, 39.1572234 ], [ -94.4978243, 39.157656 ], [ -94.4977468, 39.1580085 ], [ -94.4976487, 39.1583649 ], [ -94.4975658, 39.1586533 ], [ -94.4973406, 39.1592555 ], [ -94.4958105, 39.1624402 ], [ -94.495718, 39.1626101 ], [ -94.4940937, 39.1660207 ], [ -94.493493, 39.1673026 ], [ -94.4932004, 39.1681441 ], [ -94.4930917, 39.1685951 ], [ -94.4930384, 39.1691929 ], [ -94.4929816, 39.1696495 ], [ -94.4928214, 39.1803775 ], [ -94.4928155, 39.1807973 ], [ -94.4927768, 39.1831174 ], [ -94.4927675, 39.1835182 ], [ -94.4925535, 39.1990634 ], [ -94.4925397, 39.2000657 ], [ -94.4925214, 39.2010498 ], [ -94.492534, 39.202297 ], [ -94.4925209, 39.2029366 ], [ -94.4925123, 39.2037006 ], [ -94.4924862, 39.204081 ], [ -94.4924471, 39.2043469 ], [ -94.4923689, 39.2046431 ], [ -94.4922647, 39.2049292 ], [ -94.4919953, 39.2054745 ], [ -94.4916826, 39.2059794 ], [ -94.4914347, 39.2063963 ], [ -94.4911483, 39.2068781 ], [ -94.4909311, 39.2072954 ], [ -94.490727, 39.2078205 ], [ -94.4906227, 39.2083119 ], [ -94.490608, 39.2088411 ], [ -94.4906336, 39.2095283 ], [ -94.4906744, 39.2096474 ], [ -94.4907389, 39.209855 ], [ -94.4909008, 39.2102741 ], [ -94.4910708, 39.2105923 ], [ -94.4911937, 39.2108208 ], [ -94.491464, 39.2111873 ], [ -94.4917343, 39.2114919 ], [ -94.4939004, 39.2136111 ], [ -94.4943796, 39.2142299 ], [ -94.4946314, 39.2146725 ], [ -94.4949605, 39.21534 ], [ -94.4975668, 39.2206253 ], [ -94.4981484, 39.2218046 ], [ -94.5010825, 39.2277263 ], [ -94.5029613, 39.2315524 ], [ -94.5032473, 39.2321402 ], [ -94.5051937, 39.2361742 ], [ -94.5055067, 39.2368231 ], [ -94.5062168, 39.2382703 ], [ -94.506653, 39.2394503 ], [ -94.5068496, 39.2403495 ], [ -94.5069951, 39.2410657 ], [ -94.5071092, 39.2421142 ], [ -94.5072309, 39.242998 ], [ -94.5073363, 39.2437629 ], [ -94.5074432, 39.2445383 ], [ -94.5079384, 39.2481324 ], [ -94.508597, 39.252911 ], [ -94.5090102, 39.256063 ], [ -94.5091342, 39.257023 ], [ -94.5091704, 39.2573909 ], [ -94.5093408, 39.2583309 ], [ -94.5094235, 39.2586829 ], [ -94.5095888, 39.2601348 ], [ -94.5096301, 39.2604107 ], [ -94.5099814, 39.2630424 ], [ -94.5100124, 39.2633984 ], [ -94.5100462, 39.2635881 ], [ -94.5100743, 39.2637463 ], [ -94.510125, 39.2644007 ], [ -94.510039, 39.270337 ], [ -94.5101053, 39.2715248 ], [ -94.5100484, 39.2795463 ], [ -94.510055, 39.280741 ], [ -94.510039, 39.2820622 ], [ -94.5100163, 39.2839305 ], [ -94.5099433, 39.2873177 ], [ -94.5099487, 39.2947919 ], [ -94.5099498, 39.2963788 ], [ -94.5099017, 39.3000249 ], [ -94.5098947, 39.3041795 ], [ -94.5098947, 39.304771 ], [ -94.5099295, 39.3052685 ], [ -94.5100511, 39.3059945 ], [ -94.5102683, 39.3065793 ], [ -94.5105463, 39.3071977 ], [ -94.5109424, 39.3077849 ], [ -94.5113515, 39.3082936 ], [ -94.5117898, 39.3087458 ], [ -94.5123084, 39.3091584 ], [ -94.5128856, 39.3095597 ], [ -94.5135576, 39.3099497 ], [ -94.5142297, 39.3102719 ], [ -94.5149018, 39.3105037 ], [ -94.5157346, 39.3107524 ], [ -94.5166697, 39.310905 ], [ -94.5173345, 39.3109615 ], [ -94.5178974, 39.3109719 ], [ -94.5335436, 39.3111601 ], [ -94.534134, 39.3111622 ], [ -94.5514914, 39.3113769 ], [ -94.5524279, 39.3113885 ], [ -94.5601346, 39.3114845 ], [ -94.5651785, 39.3115365 ], [ -94.5675684, 39.3115642 ], [ -94.568911, 39.3115833 ], [ -94.5709798, 39.3116067 ], [ -94.5723799, 39.311586 ], [ -94.5730837, 39.3115396 ], [ -94.5738431, 39.3114477 ], [ -94.5753801, 39.3112157 ], [ -94.5766426, 39.3110516 ], [ -94.5785128, 39.3107363 ], [ -94.5798817, 39.3105445 ], [ -94.5812911, 39.3103235 ], [ -94.5823824, 39.3101527 ], [ -94.5850154, 39.3097726 ], [ -94.588374, 39.3092335 ], [ -94.5888286, 39.3091576 ], [ -94.5894898, 39.3090257 ], [ -94.589903, 39.3089737 ], [ -94.5906328, 39.3088673 ], [ -94.5909723, 39.3088178 ], [ -94.5966315, 39.3079899 ], [ -94.5969193, 39.3079478 ], [ -94.5991133, 39.3075988 ], [ -94.5998055, 39.3074989 ], [ -94.6006527, 39.3074229 ], [ -94.6018924, 39.307303 ], [ -94.6033181, 39.307239 ], [ -94.604124, 39.3072271 ], [ -94.6072377, 39.307254 ], [ -94.6078226, 39.307259 ], [ -94.6209381, 39.3074349 ], [ -94.6214145, 39.3074389 ], [ -94.6268403, 39.3075125 ], [ -94.628585, 39.3075315 ], [ -94.6306797, 39.3075411 ], [ -94.638985, 39.3076409 ], [ -94.6406867, 39.3076504 ], [ -94.6418415, 39.3076418 ], [ -94.6424584, 39.3076406 ], [ -94.6428542, 39.3076423 ], [ -94.6446299, 39.3076501 ], [ -94.6485829, 39.3076374 ], [ -94.6493771, 39.3076417 ], [ -94.6550406, 39.3076302 ], [ -94.6642082, 39.3076267 ], [ -94.6651885, 39.3076258 ], [ -94.6657313, 39.3076731 ], [ -94.6661007, 39.3077244 ], [ -94.6666693, 39.3078498 ], [ -94.6668148, 39.3078921 ], [ -94.667543, 39.3080625 ], [ -94.6678952, 39.3081996 ], [ -94.6684704, 39.3084539 ], [ -94.668812, 39.3086574 ], [ -94.6692968, 39.3089634 ], [ -94.6699858, 39.3094768 ], [ -94.6713638, 39.3104886 ], [ -94.6755967, 39.3136817 ], [ -94.6760207, 39.3139684 ], [ -94.6767926, 39.3144521 ], [ -94.6773668, 39.3147778 ], [ -94.6778707, 39.3150147 ], [ -94.6783556, 39.3152418 ], [ -94.6788978, 39.3154737 ], [ -94.6794018, 39.3156563 ], [ -94.6800908, 39.3158636 ], [ -94.6815006, 39.3162289 ], [ -94.6848434, 39.316984 ], [ -94.690234, 39.3181784 ], [ -94.6908981, 39.3183537 ], [ -94.6916491, 39.3186193 ], [ -94.6924162, 39.318943 ], [ -94.6930251, 39.3192192 ], [ -94.6959071, 39.3207845 ], [ -94.6969009, 39.3213043 ], [ -94.6980275, 39.3219118 ], [ -94.6983887, 39.3220461 ], [ -94.6988048, 39.3222841 ], [ -94.6996041, 39.3226866 ], [ -94.7000213, 39.3229138 ], [ -94.7059485, 39.3260446 ], [ -94.7101876, 39.328218 ], [ -94.7120611, 39.3292196 ], [ -94.7127921, 39.3296104 ], [ -94.7146722, 39.3305749 ], [ -94.7172927, 39.3319736 ], [ -94.724791, 39.3359357 ], [ -94.7281442, 39.3376725 ], [ -94.7296125, 39.3382457 ], [ -94.7372514, 39.3404114 ], [ -94.738968, 39.3410503 ], [ -94.7399121, 39.3415149 ], [ -94.7409593, 39.3420393 ], [ -94.7414139, 39.3422669 ], [ -94.7418642, 39.3426473 ], [ -94.743223, 39.343856 ], [ -94.7442948, 39.3448501 ], [ -94.7445755, 39.3450697 ], [ -94.7448275, 39.3452325 ], [ -94.7450986, 39.3453805 ], [ -94.7454048, 39.3455087 ], [ -94.7456823, 39.3456148 ], [ -94.7462054, 39.3457431 ], [ -94.7466328, 39.3458023 ], [ -94.7472899, 39.3458368 ], [ -94.7478641, 39.3457924 ], [ -94.7483393, 39.3456987 ], [ -94.7487093, 39.3455926 ], [ -94.7492261, 39.3453755 ], [ -94.7496758, 39.3451165 ], [ -94.7500139, 39.3448773 ], [ -94.750368, 39.3445714 ], [ -94.7505785, 39.3443395 ], [ -94.7507954, 39.3440484 ], [ -94.7509485, 39.3438017 ], [ -94.7510506, 39.3435403 ], [ -94.751159, 39.3432048 ], [ -94.7514844, 39.341848 ], [ -94.7517013, 39.3410858 ], [ -94.7525797, 39.3387087 ], [ -94.7526869, 39.3382554 ], [ -94.7527681, 39.337767 ], [ -94.7533533, 39.3348979 ], [ -94.7541192, 39.3311431 ], [ -94.7542105, 39.3306545 ], [ -94.7551653, 39.3259614 ], [ -94.7563831, 39.3200686 ], [ -94.7577685, 39.3133949 ], [ -94.7579164, 39.3126824 ], [ -94.7583267, 39.310765 ], [ -94.7584032, 39.3104075 ], [ -94.7586308, 39.3093441 ], [ -94.758832, 39.3086163 ], [ -94.7590693, 39.3079517 ], [ -94.7594972, 39.3066904 ], [ -94.7599264, 39.3056153 ], [ -94.7608491, 39.3037225 ], [ -94.7629734, 39.2993015 ], [ -94.7645022, 39.2960386 ], [ -94.7647168, 39.2954117 ], [ -94.7650869, 39.2944444 ], [ -94.7652479, 39.2938757 ], [ -94.7654839, 39.2930993 ], [ -94.7662671, 39.2903426 ], [ -94.7663637, 39.2898319 ], [ -94.7664388, 39.2893462 ], [ -94.7665514, 39.2881214 ], [ -94.7665514, 39.2874737 ], [ -94.76653, 39.2868467 ], [ -94.7664549, 39.2860869 ], [ -94.7662993, 39.2851361 ], [ -94.7660847, 39.284289 ], [ -94.7657843, 39.2833631 ], [ -94.7655644, 39.2827652 ], [ -94.7633299, 39.2769392 ], [ -94.7623858, 39.2744776 ], [ -94.7622122, 39.2740247 ], [ -94.7610308, 39.2709441 ], [ -94.7580775, 39.2632424 ], [ -94.7557636, 39.2572077 ], [ -94.7556134, 39.2566885 ], [ -94.755372, 39.2557207 ], [ -94.7552701, 39.2551391 ], [ -94.7551896, 39.2545867 ], [ -94.755136, 39.2541588 ], [ -94.7550984, 39.2534568 ], [ -94.7550984, 39.2529251 ], [ -94.7551467, 39.2518451 ], [ -94.7552387, 39.2500331 ], [ -94.7554386, 39.2460951 ], [ -94.7554561, 39.245751 ], [ -94.7554822, 39.245066 ], [ -94.7556071, 39.2422405 ], [ -94.7556539, 39.241183 ], [ -94.7557057, 39.2404128 ], [ -94.7558078, 39.2399335 ], [ -94.7559673, 39.2392862 ], [ -94.7561395, 39.2386736 ], [ -94.7563756, 39.2381399 ], [ -94.7568923, 39.2371715 ], [ -94.7590996, 39.2334112 ], [ -94.759342, 39.2329764 ], [ -94.7595206, 39.2325465 ], [ -94.760452, 39.2298682 ], [ -94.7607441, 39.2289986 ], [ -94.7610565, 39.2280686 ], [ -94.7612686, 39.2273727 ], [ -94.7617279, 39.2260186 ], [ -94.7620141, 39.2251638 ], [ -94.76215, 39.224758 ], [ -94.7622127, 39.2245706 ], [ -94.7626722, 39.2231537 ], [ -94.7629596, 39.2224422 ], [ -94.7633483, 39.2211359 ], [ -94.7634728, 39.2206926 ], [ -94.7635675, 39.2203396 ], [ -94.7636216, 39.2199377 ], [ -94.7636577, 39.2193401 ], [ -94.7636667, 39.2188194 ], [ -94.7636081, 39.2184315 ], [ -94.7613436, 39.2078414 ], [ -94.7612714, 39.2073591 ], [ -94.7611947, 39.2067998 ], [ -94.7611603, 39.2062791 ], [ -94.7611587, 39.2057477 ], [ -94.7611722, 39.2052129 ], [ -94.7612173, 39.2045068 ], [ -94.7620563, 39.1965646 ], [ -94.7622052, 39.1961311 ], [ -94.7623332, 39.1958692 ], [ -94.7626318, 39.1952585 ], [ -94.7627547, 39.1950475 ], [ -94.7629292, 39.1948003 ], [ -94.7631187, 39.1945696 ], [ -94.7632811, 39.1944018 ], [ -94.7636916, 39.1940137 ], [ -94.7640885, 39.1937061 ], [ -94.7645876, 39.1933741 ], [ -94.7651474, 39.1930732 ], [ -94.7656025, 39.1928821 ], [ -94.7660881, 39.192691 ], [ -94.766695, 39.1925322 ], [ -94.7755594, 39.1907729 ], [ -94.7843158, 39.18904 ], [ -94.7856682, 39.1887285 ], [ -94.7863062, 39.1885703 ], [ -94.7870271, 39.1883231 ], [ -94.7878354, 39.1880116 ], [ -94.7885075, 39.1877424 ], [ -94.789554, 39.1871969 ], [ -94.7903209, 39.1867214 ], [ -94.7911238, 39.186141 ], [ -94.7917373, 39.185634 ], [ -94.7936838, 39.1840312 ], [ -94.7947644, 39.183152 ], [ -94.7951108, 39.1828735 ], [ -94.7961082, 39.1820716 ], [ -94.7972226, 39.1811709 ], [ -94.7987856, 39.1799074 ], [ -94.7993788, 39.179455 ], [ -94.8007919, 39.1784825 ], [ -94.8018594, 39.1777738 ], [ -94.8051358, 39.1756397 ], [ -94.8057309, 39.1752872 ], [ -94.8085881, 39.1734425 ], [ -94.8107228, 39.1720643 ], [ -94.8110756, 39.1717732 ], [ -94.8115915, 39.1712968 ], [ -94.8121934, 39.1706324 ], [ -94.8126763, 39.1699911 ], [ -94.8130588, 39.1693695 ], [ -94.813314, 39.1688304 ], [ -94.8136265, 39.1679352 ], [ -94.8137988, 39.1672329 ], [ -94.814144, 39.1651391 ], [ -94.8143156, 39.1644903 ], [ -94.8145892, 39.1638955 ], [ -94.8149325, 39.1633506 ], [ -94.8153188, 39.1628681 ], [ -94.8161288, 39.1621694 ], [ -94.8167242, 39.1617534 ], [ -94.8175558, 39.1612588 ], [ -94.8184516, 39.1607261 ], [ -94.8185467, 39.160656 ], [ -94.8192133, 39.1601645 ], [ -94.8198785, 39.1595156 ], [ -94.8203335, 39.1589226 ], [ -94.8205544, 39.1585548 ], [ -94.8208441, 39.1580265 ] ], [ [ -94.8207271, 39.1543726 ], [ -94.8208218, 39.1557736 ], [ -94.8208243, 39.1558112 ], [ -94.8208243, 39.1565017 ], [ -94.820768, 39.1569281 ], [ -94.8206365, 39.1573794 ], [ -94.820379, 39.1580699 ], [ -94.8200951, 39.1585532 ], [ -94.8197246, 39.1590557 ], [ -94.8192525, 39.159584 ], [ -94.8186249, 39.1601247 ], [ -94.8182718, 39.1603851 ], [ -94.8180777, 39.1605282 ], [ -94.817484, 39.1608862 ], [ -94.8158568, 39.1618675 ], [ -94.8153633, 39.1622003 ], [ -94.8147893, 39.1626994 ], [ -94.8143816, 39.1631236 ], [ -94.8139739, 39.1637267 ], [ -94.8137164, 39.1642009 ], [ -94.8134589, 39.1648165 ], [ -94.8133248, 39.165457 ], [ -94.8130673, 39.1674991 ], [ -94.812901, 39.1681437 ], [ -94.8126221, 39.1689298 ], [ -94.8123002, 39.1695578 ], [ -94.811796, 39.1702648 ], [ -94.8112917, 39.1709177 ], [ -94.8107767, 39.171421 ], [ -94.810394, 39.1717624 ], [ -94.80989, 39.1721482 ], [ -94.8082992, 39.1731822 ], [ -94.8057364, 39.1748481 ], [ -94.8050769, 39.1752564 ], [ -94.8015972, 39.1774707 ], [ -94.7990868, 39.1792158 ], [ -94.7984672, 39.1796753 ], [ -94.7960691, 39.1816015 ], [ -94.7944326, 39.1829159 ], [ -94.7933611, 39.1838054 ], [ -94.7906016, 39.1860954 ], [ -94.7897647, 39.1866816 ], [ -94.7890996, 39.1870849 ], [ -94.7882949, 39.1875174 ], [ -94.7874688, 39.1879456 ], [ -94.7866748, 39.1882283 ], [ -94.7858755, 39.1884778 ], [ -94.7849207, 39.188719 ], [ -94.7837566, 39.1889726 ], [ -94.7755067, 39.1906129 ], [ -94.7661345, 39.1924734 ], [ -94.7656517, 39.1926355 ], [ -94.7651152, 39.1928351 ], [ -94.7644179, 39.193176 ], [ -94.7638546, 39.1935127 ], [ -94.7632592, 39.193995 ], [ -94.7629105, 39.1943151 ], [ -94.7627575, 39.1944571 ], [ -94.7625613, 39.1947064 ], [ -94.7623797, 39.1949627 ], [ -94.7622321, 39.1951892 ], [ -94.761962, 39.1956934 ], [ -94.761942, 39.1957404 ], [ -94.7617743, 39.1961341 ], [ -94.7616563, 39.1965374 ], [ -94.7615704, 39.1970654 ], [ -94.7607389, 39.204756 ], [ -94.7606907, 39.2056705 ], [ -94.7607014, 39.2061859 ], [ -94.7607389, 39.2069466 ], [ -94.7607819, 39.2074329 ], [ -94.7608784, 39.2080938 ], [ -94.7609964, 39.2085926 ], [ -94.7622975, 39.2145643 ], [ -94.7630349, 39.2179485 ], [ -94.7631207, 39.2184306 ], [ -94.7631583, 39.2188088 ], [ -94.7632012, 39.2191953 ], [ -94.7631798, 39.2197606 ], [ -94.7631355, 39.2201531 ], [ -94.7628816, 39.2212897 ], [ -94.7627581, 39.2216328 ], [ -94.7624221, 39.2225661 ], [ -94.7617118, 39.2247074 ], [ -94.7615192, 39.2252882 ], [ -94.760687, 39.227797 ], [ -94.7593531, 39.2318184 ], [ -94.7590418, 39.2326639 ], [ -94.7588253, 39.233209 ], [ -94.7585907, 39.2337646 ], [ -94.7567548, 39.2368567 ], [ -94.7563759, 39.2374996 ], [ -94.7559022, 39.2385268 ], [ -94.7556406, 39.2393862 ], [ -94.7554872, 39.2399802 ], [ -94.7553925, 39.2405916 ], [ -94.7553215, 39.2413477 ], [ -94.7552996, 39.2423002 ], [ -94.7551862, 39.2450719 ], [ -94.755139, 39.2457317 ], [ -94.7549981, 39.2487315 ], [ -94.7548473, 39.2519433 ], [ -94.7547937, 39.2531936 ], [ -94.754842, 39.2541698 ], [ -94.7548849, 39.2546101 ], [ -94.7550351, 39.2555863 ], [ -94.7551907, 39.2563049 ], [ -94.7554213, 39.2570276 ], [ -94.7556252, 39.2576715 ], [ -94.7571433, 39.2615924 ], [ -94.7577933, 39.2633122 ], [ -94.757889, 39.2635653 ], [ -94.7583342, 39.2647075 ], [ -94.7610531, 39.2718304 ], [ -94.7618925, 39.2740293 ], [ -94.7620645, 39.27448 ], [ -94.7634215, 39.2780347 ], [ -94.7656835, 39.2839595 ], [ -94.7660643, 39.2854875 ], [ -94.7662038, 39.2864715 ], [ -94.7662628, 39.2875718 ], [ -94.7662199, 39.2886928 ], [ -94.7661394, 39.2894194 ], [ -94.7660107, 39.2901086 ], [ -94.7658927, 39.2905819 ], [ -94.7649754, 39.2936873 ], [ -94.7647179, 39.294472 ], [ -94.7644335, 39.2953978 ], [ -94.7641814, 39.2960454 ], [ -94.7636574, 39.2971835 ], [ -94.7595233, 39.3057935 ], [ -94.7594866, 39.3058927 ], [ -94.758805, 39.3077361 ], [ -94.7585115, 39.3086552 ], [ -94.7582308, 39.3097115 ], [ -94.7580685, 39.3103809 ], [ -94.7579864, 39.3107844 ], [ -94.7574856, 39.3132449 ], [ -94.7538927, 39.3306827 ], [ -94.7537987, 39.3311776 ], [ -94.7530562, 39.3348414 ], [ -94.7530402, 39.3349204 ], [ -94.752774, 39.3362253 ], [ -94.75235, 39.3383117 ], [ -94.7522147, 39.3387966 ], [ -94.7520162, 39.3393374 ], [ -94.7518538, 39.3397107 ], [ -94.7516192, 39.3401119 ], [ -94.7513215, 39.3405026 ], [ -94.7509877, 39.3408445 ], [ -94.7506359, 39.341148 ], [ -94.7503042, 39.3413739 ], [ -94.749851, 39.341687 ], [ -94.7493609, 39.3419076 ], [ -94.7490037, 39.3420687 ], [ -94.7484297, 39.342272 ], [ -94.7478021, 39.3424255 ], [ -94.7470403, 39.3425417 ], [ -94.7446049, 39.3426578 ], [ -94.7440148, 39.3426371 ], [ -94.743371, 39.3425624 ], [ -94.7427756, 39.3424546 ], [ -94.7415884, 39.3420795 ], [ -94.7387588, 39.3407434 ], [ -94.7379863, 39.3404239 ], [ -94.7372246, 39.3401709 ], [ -94.7296876, 39.338001 ], [ -94.729178, 39.337835 ], [ -94.7286924, 39.3376247 ], [ -94.7280703, 39.3373372 ], [ -94.7244856, 39.3354615 ], [ -94.7177846, 39.331955 ], [ -94.7165071, 39.3312838 ], [ -94.7117128, 39.3287605 ], [ -94.7056508, 39.3255931 ], [ -94.7056152, 39.3255172 ], [ -94.7040432, 39.3246339 ], [ -94.7034135, 39.3241938 ], [ -94.70278, 39.323648 ], [ -94.7023931, 39.3232577 ], [ -94.7020972, 39.3229144 ], [ -94.7011148, 39.3217171 ], [ -94.70088, 39.3214263 ], [ -94.700622, 39.3211504 ], [ -94.7003489, 39.3208863 ], [ -94.7000037, 39.3206105 ], [ -94.6997155, 39.320408 ], [ -94.6994499, 39.3202349 ], [ -94.6991389, 39.3200705 ], [ -94.6988734, 39.3199532 ], [ -94.6983461, 39.319736 ], [ -94.6977582, 39.3195717 ], [ -94.6953608, 39.3190112 ], [ -94.6937296, 39.3186585 ], [ -94.6862313, 39.3169837 ], [ -94.684292, 39.3165592 ], [ -94.6810321, 39.3158189 ], [ -94.6806047, 39.3157054 ], [ -94.680273, 39.3156166 ], [ -94.6798264, 39.3154833 ], [ -94.6793033, 39.3152908 ], [ -94.6788184, 39.3151181 ], [ -94.6783209, 39.314896 ], [ -94.6776829, 39.3145603 ], [ -94.6768664, 39.3141161 ], [ -94.6762284, 39.3137163 ], [ -94.6758755, 39.313477 ], [ -94.6730949, 39.3113824 ], [ -94.6699374, 39.3090219 ], [ -94.6690462, 39.3084006 ], [ -94.6687394, 39.3082148 ], [ -94.6682039, 39.3079731 ], [ -94.6676729, 39.3077406 ], [ -94.6671579, 39.3075788 ], [ -94.6667148, 39.3074766 ], [ -94.6660818, 39.3073669 ], [ -94.6656499, 39.3073293 ], [ -94.6652428, 39.3072965 ], [ -94.6641914, 39.3072758 ], [ -94.6563247, 39.30727 ], [ -94.6544793, 39.3072687 ], [ -94.64939, 39.3072996 ], [ -94.6486289, 39.3072971 ], [ -94.6450698, 39.3073104 ], [ -94.6423725, 39.3073155 ], [ -94.6417377, 39.3073111 ], [ -94.6401405, 39.3073301 ], [ -94.6353552, 39.3073063 ], [ -94.6278484, 39.307178 ], [ -94.6214319, 39.3071028 ], [ -94.6209461, 39.3070925 ], [ -94.6197124, 39.307106 ], [ -94.6172082, 39.3070525 ], [ -94.6167239, 39.3070421 ], [ -94.6155902, 39.3070421 ], [ -94.6079797, 39.3069285 ], [ -94.6036275, 39.3068808 ], [ -94.6029456, 39.3069278 ], [ -94.6006564, 39.3070723 ], [ -94.5996921, 39.30719 ], [ -94.5987147, 39.3073043 ], [ -94.5973371, 39.3075277 ], [ -94.5967253, 39.3076269 ], [ -94.5909518, 39.3085044 ], [ -94.5902082, 39.3086267 ], [ -94.589609, 39.3087087 ], [ -94.589157, 39.3087866 ], [ -94.588377, 39.3089505 ], [ -94.5855878, 39.3093432 ], [ -94.5832383, 39.3097141 ], [ -94.5810477, 39.3100469 ], [ -94.5801611, 39.3102022 ], [ -94.5784307, 39.3104518 ], [ -94.5775383, 39.3105851 ], [ -94.5762946, 39.310783 ], [ -94.5746418, 39.3109937 ], [ -94.5735753, 39.3111746 ], [ -94.5724795, 39.311282 ], [ -94.5715079, 39.3113385 ], [ -94.5707481, 39.3113442 ], [ -94.5700541, 39.3113272 ], [ -94.5677895, 39.3112481 ], [ -94.566533, 39.3112763 ], [ -94.5657221, 39.3112989 ], [ -94.5646774, 39.3112763 ], [ -94.5612972, 39.3112206 ], [ -94.5603757, 39.3112054 ], [ -94.5557723, 39.3111294 ], [ -94.5522837, 39.3110875 ], [ -94.5341207, 39.3108618 ], [ -94.5335241, 39.3108653 ], [ -94.5203414, 39.3106974 ], [ -94.519143, 39.3106575 ], [ -94.5183991, 39.3105855 ], [ -94.517791, 39.310478 ], [ -94.5170265, 39.3102427 ], [ -94.5164358, 39.3100142 ], [ -94.5155583, 39.309584 ], [ -94.5136905, 39.3086698 ], [ -94.512787, 39.3080514 ], [ -94.5119878, 39.3074598 ], [ -94.5115708, 39.3070565 ], [ -94.5111016, 39.3064986 ], [ -94.510841, 39.3060818 ], [ -94.5106023, 39.3055338 ], [ -94.5104285, 39.3049355 ], [ -94.5103243, 39.3044044 ], [ -94.5103069, 39.303954 ], [ -94.5102982, 39.3018163 ], [ -94.5103044, 39.3016516 ], [ -94.5103676, 39.2999585 ], [ -94.510349, 39.296098 ], [ -94.5104159, 39.2889468 ], [ -94.510431, 39.2873388 ], [ -94.5103621, 39.2849761 ], [ -94.5103851, 39.2839388 ], [ -94.5104556, 39.2815178 ], [ -94.5104549, 39.280684 ], [ -94.5104856, 39.2761095 ], [ -94.5104856, 39.2754771 ], [ -94.5104634, 39.2724141 ], [ -94.5104508, 39.270679 ], [ -94.5104508, 39.2700872 ], [ -94.5104335, 39.2689438 ], [ -94.5105334, 39.2644879 ], [ -94.5103292, 39.2623724 ], [ -94.5100686, 39.2606572 ], [ -94.509, 39.2529885 ], [ -94.5086643, 39.2501228 ], [ -94.5085593, 39.2492267 ], [ -94.5078511, 39.2443506 ], [ -94.5077693, 39.2437399 ], [ -94.50767, 39.2429994 ], [ -94.5075474, 39.242085 ], [ -94.507408, 39.2410449 ], [ -94.5072878, 39.2403083 ], [ -94.5070979, 39.2395558 ], [ -94.5065532, 39.2379527 ], [ -94.506287, 39.2373775 ], [ -94.5034899, 39.2316918 ], [ -94.5032428, 39.2312059 ], [ -94.5022596, 39.2292076 ], [ -94.5016336, 39.2279099 ], [ -94.5000767, 39.224801 ], [ -94.4996, 39.2238491 ], [ -94.4983862, 39.2213186 ], [ -94.495233, 39.2149356 ], [ -94.4949136, 39.2143882 ], [ -94.4946249, 39.2139456 ], [ -94.4942498, 39.2134053 ], [ -94.4940238, 39.2131668 ], [ -94.4919633, 39.211156 ], [ -94.4917761, 39.2109666 ], [ -94.4914588, 39.2105072 ], [ -94.4912199, 39.2100047 ], [ -94.4910725, 39.2095811 ], [ -94.4909742, 39.209029 ], [ -94.4909497, 39.2086696 ], [ -94.4909619, 39.2082864 ], [ -94.4910602, 39.2077581 ], [ -94.4912384, 39.2072154 ], [ -94.4914595, 39.2067704 ], [ -94.4920155, 39.2058469 ], [ -94.4923963, 39.2051543 ], [ -94.4925008, 39.2048687 ], [ -94.4925683, 39.2046141 ], [ -94.4926175, 39.2043284 ], [ -94.492642, 39.2039738 ], [ -94.492656, 39.2029109 ], [ -94.4926706, 39.2022429 ], [ -94.4927244, 39.2014084 ], [ -94.4927377, 39.2005326 ], [ -94.4927948, 39.1967657 ], [ -94.4930308, 39.1846946 ], [ -94.4930584, 39.1832815 ], [ -94.4931075, 39.1807977 ], [ -94.4930979, 39.1803807 ], [ -94.4932453, 39.1698468 ], [ -94.4932822, 39.1693848 ], [ -94.4933498, 39.1689323 ], [ -94.4933805, 39.168618 ], [ -94.493491, 39.1681465 ], [ -94.4937122, 39.1674607 ], [ -94.4943709, 39.1661031 ], [ -94.4966393, 39.161362 ], [ -94.497614, 39.1592556 ], [ -94.497814, 39.1586293 ], [ -94.4978747, 39.1583886 ], [ -94.4979225, 39.1581446 ], [ -94.4979939, 39.1577678 ], [ -94.4980309, 39.1573876 ], [ -94.4980534, 39.1567814 ], [ -94.4981048, 39.1559444 ], [ -94.49815, 39.155207 ], [ -94.4981478, 39.1549606 ], [ -94.4982701, 39.1516806 ], [ -94.4985675, 39.1450474 ], [ -94.4986256, 39.1441531 ], [ -94.4987404, 39.1430547 ], [ -94.4989828, 39.1363453 ], [ -94.4990364, 39.1353396 ], [ -94.4991228, 39.1337159 ], [ -94.4992067, 39.1313917 ], [ -94.4991345, 39.130286 ], [ -94.4990533, 39.1298101 ], [ -94.4987195, 39.1287813 ], [ -94.4982504, 39.1276546 ], [ -94.4980672, 39.1272408 ], [ -94.4974203, 39.1262478 ], [ -94.4962871, 39.1249644 ], [ -94.4923046, 39.1211346 ], [ -94.4918627, 39.1207098 ], [ -94.4907944, 39.1196908 ], [ -94.4886689, 39.1176416 ], [ -94.4877889, 39.116794 ], [ -94.4872356, 39.1160637 ], [ -94.4870103, 39.1156724 ], [ -94.4864846, 39.1146486 ], [ -94.4863559, 39.1142656 ], [ -94.4861628, 39.113583 ], [ -94.4860896, 39.1130791 ], [ -94.4860452, 39.1120935 ], [ -94.4863195, 39.1069044 ], [ -94.4863581, 39.1064358 ], [ -94.486379, 39.105531 ], [ -94.4864155, 39.1042527 ], [ -94.486542, 39.1028753 ], [ -94.4867217, 39.1015843 ], [ -94.487555, 39.098964 ], [ -94.4879401, 39.0975 ], [ -94.4880422, 39.0971089 ], [ -94.4881267, 39.096551 ], [ -94.4881267, 39.0959931 ], [ -94.4878813, 39.0932576 ], [ -94.4878317, 39.0927028 ], [ -94.4875957, 39.0908461 ], [ -94.4875383, 39.0902272 ], [ -94.4875001, 39.0894471 ], [ -94.487501, 39.0887506 ], [ -94.4876531, 39.0879148 ], [ -94.4879338, 39.0869988 ], [ -94.4881616, 39.0864642 ], [ -94.4883637, 39.0861002 ], [ -94.4894636, 39.0843611 ], [ -94.4904409, 39.0827502 ], [ -94.4905979, 39.0825083 ], [ -94.490791, 39.0820211 ], [ -94.4909264, 39.0815753 ], [ -94.4910109, 39.0812425 ], [ -94.4910807, 39.0808094 ], [ -94.491152, 39.0800149 ], [ -94.4910393, 39.0793403 ], [ -94.4908409, 39.0786615 ], [ -94.4892221, 39.0743538 ], [ -94.4884511, 39.072425 ], [ -94.4881893, 39.0716387 ], [ -94.4880794, 39.0711021 ], [ -94.4880343, 39.0704717 ], [ -94.4881353, 39.0678794 ], [ -94.488321, 39.0630032 ], [ -94.4883187, 39.0623753 ], [ -94.488357, 39.0619493 ], [ -94.4885165, 39.0613103 ], [ -94.4886507, 39.0610012 ], [ -94.488805, 39.0606108 ], [ -94.4889715, 39.0603193 ], [ -94.4891991, 39.059958 ], [ -94.4894217, 39.0596597 ], [ -94.4895244, 39.0595221 ], [ -94.4897604, 39.0592886 ], [ -94.4902578, 39.0587966 ], [ -94.4904558, 39.0586007 ], [ -94.4915723, 39.057705 ], [ -94.4918708, 39.0574661 ], [ -94.4924015, 39.0570155 ], [ -94.49329, 39.0563587 ], [ -94.4937245, 39.0559829 ], [ -94.494177, 39.0556322 ], [ -94.4945751, 39.0553072 ], [ -94.4955805, 39.0545146 ], [ -94.4964587, 39.0538093 ], [ -94.4968805, 39.0534552 ], [ -94.4974529, 39.0529711 ], [ -94.4978713, 39.052542 ], [ -94.4981663, 39.0521712 ], [ -94.4984499, 39.0518235 ], [ -94.498919, 39.0510879 ], [ -94.4992032, 39.0505029 ], [ -94.4993792, 39.0500299 ], [ -94.4995416, 39.0495465 ], [ -94.4996543, 39.049056 ], [ -94.4997265, 39.048436 ], [ -94.4998557, 39.0459047 ], [ -94.5001296, 39.0406139 ], [ -94.5004343, 39.0347289 ], [ -94.5005943, 39.0316372 ], [ -94.5006184, 39.030641 ], [ -94.5007628, 39.0279024 ], [ -94.5009118, 39.025076 ], [ -94.500961, 39.0243568 ], [ -94.5010411, 39.0225291 ], [ -94.5010717, 39.0218308 ], [ -94.5011165, 39.020806 ], [ -94.5011112, 39.0201517 ], [ -94.5010575, 39.0196807 ], [ -94.5009395, 39.0192806 ], [ -94.5007571, 39.0188555 ], [ -94.5006762, 39.0186073 ], [ -94.5003706, 39.0181943 ], [ -94.4990351, 39.0168382 ], [ -94.4985759, 39.0162844 ], [ -94.4983399, 39.0159302 ], [ -94.4981575, 39.0155759 ], [ -94.4979697, 39.0151341 ], [ -94.4978624, 39.0147715 ], [ -94.4977766, 39.0143588 ], [ -94.4977337, 39.0139503 ], [ -94.4977337, 39.0135752 ], [ -94.4977551, 39.0132001 ], [ -94.4978356, 39.0128083 ], [ -94.497959, 39.0123748 ], [ -94.4981715, 39.011912 ], [ -94.498503, 39.0112967 ], [ -94.4987511, 39.0109883 ], [ -94.5003389, 39.0090464 ], [ -94.5006908, 39.0085241 ], [ -94.5009804, 39.0080565 ], [ -94.5010381, 39.0079633 ], [ -94.5012772, 39.0075322 ], [ -94.5015388, 39.0069433 ], [ -94.5016967, 39.0063964 ], [ -94.5017373, 39.0059092 ], [ -94.5022624, 38.9996506 ], [ -94.5024094, 38.997899 ], [ -94.5025898, 38.9957745 ], [ -94.502635, 38.9953117 ], [ -94.5026936, 38.9939409 ], [ -94.5027162, 38.9933239 ], [ -94.5026891, 38.9928611 ], [ -94.502635, 38.9922686 ], [ -94.5025583, 38.9918549 ], [ -94.502247, 38.9902 ], [ -94.5021388, 38.9897617 ], [ -94.5020846, 38.9894041 ], [ -94.5020666, 38.9891131 ], [ -94.502035, 38.9887274 ], [ -94.502053, 38.9883452 ], [ -94.5020891, 38.9880507 ], [ -94.5021252, 38.9876159 ], [ -94.5022064, 38.9872162 ], [ -94.5022876, 38.9868901 ], [ -94.5025583, 38.9861047 ], [ -94.5027026, 38.9858137 ], [ -94.5028966, 38.9854771 ], [ -94.5033432, 38.9847583 ], [ -94.5035732, 38.9844532 ], [ -94.5042634, 38.9836993 ], [ -94.5054423, 38.9826778 ], [ -94.5059222, 38.9822641 ], [ -94.5075315, 38.9807713 ], [ -94.5086687, 38.9798997 ], [ -94.5093715, 38.9793368 ], [ -94.5098382, 38.9788822 ], [ -94.5105034, 38.9783025 ], [ -94.5126974, 38.9764343 ], [ -94.514355, 38.9749955 ], [ -94.5147842, 38.9746076 ], [ -94.515149, 38.9742281 ], [ -94.5154118, 38.9739279 ], [ -94.51568, 38.9735734 ], [ -94.5170954, 38.9715404 ], [ -94.5180749, 38.9701335 ], [ -94.5187753, 38.9691275 ], [ -94.519757, 38.9676886 ], [ -94.5200789, 38.9672173 ], [ -94.5215942, 38.9650837 ], [ -94.521951, 38.9645812 ], [ -94.5254099, 38.959531 ], [ -94.5281258, 38.9555652 ], [ -94.5315097, 38.9506132 ], [ -94.532646, 38.9489293 ], [ -94.5330931, 38.9481976 ], [ -94.5336004, 38.9473131 ], [ -94.5342498, 38.9461372 ], [ -94.5354253, 38.9437515 ], [ -94.535774, 38.9431715 ], [ -94.5361603, 38.9426667 ], [ -94.536525, 38.9422161 ], [ -94.537201, 38.9415318 ], [ -94.5377267, 38.9411229 ], [ -94.5387137, 38.9404553 ], [ -94.5395184, 38.9400464 ], [ -94.5402685, 38.9397164 ], [ -94.5411488, 38.9393938 ], [ -94.5421855, 38.9391619 ], [ -94.5425074, 38.9391035 ], [ -94.542899, 38.9390399 ], [ -94.5431142, 38.9390122 ], [ -94.543312, 38.9389935 ], [ -94.5443997, 38.9389079 ], [ -94.5446451, 38.9389236 ], [ -94.5448154, 38.9389215 ], [ -94.5449764, 38.9389257 ], [ -94.5454397, 38.9389439 ], [ -94.5460834, 38.9389663 ], [ -94.5466113, 38.9389128 ], [ -94.5530525, 38.9392115 ], [ -94.5557396, 38.9393201 ], [ -94.5602227, 38.9395476 ], [ -94.5622223, 38.9396582 ], [ -94.56365, 38.9397147 ], [ -94.5669745, 38.9398632 ], [ -94.5680279, 38.9399117 ], [ -94.5769988, 38.9403665 ], [ -94.5784254, 38.9404369 ], [ -94.5805597, 38.9405897 ], [ -94.5824518, 38.9406899 ], [ -94.5830105, 38.9407144 ], [ -94.5858331, 38.9407741 ], [ -94.5872698, 38.9408221 ], [ -94.5881291, 38.9408586 ], [ -94.5890115, 38.9408972 ], [ -94.5907677, 38.9409674 ], [ -94.5917561, 38.9409981 ], [ -94.5924381, 38.9410192 ], [ -94.5927988, 38.9410182 ], [ -94.5931526, 38.9410078 ], [ -94.5939968, 38.9409553 ], [ -94.5945959, 38.9409085 ], [ -94.5951498, 38.940849 ], [ -94.5954569, 38.9408116 ], [ -94.5957447, 38.9407696 ], [ -94.5964664, 38.9406471 ], [ -94.5969437, 38.9405487 ], [ -94.5975436, 38.9404038 ], [ -94.5981533, 38.9402422 ], [ -94.5987904, 38.9400491 ], [ -94.5993986, 38.9398552 ], [ -94.6010749, 38.9393317 ], [ -94.6038629, 38.938427 ], [ -94.6045911, 38.938209 ], [ -94.6053113, 38.9379785 ], [ -94.6054696, 38.9379117 ], [ -94.6076855, 38.9371909 ], [ -94.6079053, 38.9371216 ], [ -94.6085353, 38.9369229 ], [ -94.6093561, 38.9366526 ], [ -94.6104326, 38.9363046 ], [ -94.6116055, 38.9359381 ], [ -94.6116847, 38.9359117 ], [ -94.612564, 38.9356363 ], [ -94.6144965, 38.9350168 ], [ -94.6156359, 38.9346565 ], [ -94.6167109, 38.9343066 ], [ -94.6175292, 38.9340495 ], [ -94.6180502, 38.9338975 ], [ -94.6184823, 38.9337766 ], [ -94.6189181, 38.9336702 ], [ -94.619661, 38.9335085 ], [ -94.6202555, 38.9333861 ], [ -94.6207313, 38.9333061 ], [ -94.6212171, 38.9332338 ], [ -94.6216978, 38.9331707 ], [ -94.622325, 38.9331015 ], [ -94.6226129, 38.9330776 ], [ -94.6228931, 38.9330554 ], [ -94.6233969, 38.9330304 ], [ -94.624152, 38.9329955 ], [ -94.6249402, 38.9329977 ], [ -94.6255444, 38.9329967 ], [ -94.6277018, 38.9330259 ], [ -94.62893, 38.933035 ], [ -94.6298496, 38.9330483 ], [ -94.6306579, 38.9330546 ], [ -94.6326658, 38.9330703 ], [ -94.6330565, 38.9330705 ], [ -94.6334286, 38.9330674 ], [ -94.6344723, 38.9330474 ], [ -94.635344, 38.9330275 ], [ -94.6358402, 38.9330036 ], [ -94.6364585, 38.9329712 ], [ -94.6371759, 38.9329264 ], [ -94.6380678, 38.9328502 ], [ -94.6421729, 38.9324329 ], [ -94.6462727, 38.9320167 ], [ -94.6485539, 38.9317871 ], [ -94.6504542, 38.931591 ], [ -94.652191, 38.9314168 ], [ -94.6535428, 38.9312801 ], [ -94.65422, 38.9312102 ], [ -94.6544229, 38.9311902 ], [ -94.6553922, 38.9310944 ], [ -94.6563528, 38.9310145 ], [ -94.6570222, 38.9309597 ], [ -94.6578246, 38.9309107 ], [ -94.6587063, 38.9309012 ], [ -94.6592331, 38.9309054 ], [ -94.6597994, 38.9309188 ], [ -94.6603854, 38.9309531 ], [ -94.6610543, 38.9309999 ], [ -94.6618154, 38.931069 ], [ -94.6623623, 38.9311361 ], [ -94.6629055, 38.9312115 ], [ -94.6631814, 38.9312503 ], [ -94.6671282, 38.9319899 ], [ -94.6681996, 38.9322036 ], [ -94.672407, 38.9330563 ], [ -94.6765107, 38.9338307 ], [ -94.6771261, 38.9339477 ], [ -94.6777028, 38.9340468 ], [ -94.6783626, 38.9341469 ], [ -94.6789326, 38.9342168 ], [ -94.6796782, 38.9342888 ], [ -94.6803367, 38.9343409 ], [ -94.6808115, 38.9343587 ], [ -94.6812862, 38.9343722 ], [ -94.6823513, 38.934386 ], [ -94.6839724, 38.9343889 ], [ -94.6850574, 38.9344004 ], [ -94.6859023, 38.9344223 ], [ -94.6868303, 38.9344682 ], [ -94.688936, 38.9345941 ], [ -94.6917039, 38.9347603 ], [ -94.6928558, 38.9348322 ], [ -94.6939387, 38.9348984 ], [ -94.6956932, 38.9350084 ], [ -94.6976249, 38.9351244 ], [ -94.6995789, 38.9352368 ], [ -94.7003258, 38.9352664 ], [ -94.7008047, 38.9352798 ], [ -94.7013013, 38.9352889 ], [ -94.7055996, 38.9352904 ], [ -94.7160845, 38.9352936 ], [ -94.7204298, 38.9353211 ], [ -94.7231823, 38.9352673 ], [ -94.7248493, 38.9352318 ], [ -94.7282422, 38.9351592 ], [ -94.7358404, 38.9349779 ], [ -94.736883, 38.9349909 ], [ -94.7373162, 38.9350201 ], [ -94.7377427, 38.9350681 ], [ -94.7382067, 38.9351275 ], [ -94.7386801, 38.9352151 ], [ -94.7390972, 38.9353007 ], [ -94.7395264, 38.9354081 ], [ -94.739989, 38.9355427 ], [ -94.7404987, 38.9357138 ], [ -94.7409989, 38.9359099 ], [ -94.7414495, 38.9361071 ], [ -94.7418813, 38.936323 ], [ -94.7426025, 38.9367063 ], [ -94.7469022, 38.9389464 ], [ -94.7471364, 38.9390664 ], [ -94.7479917, 38.9395145 ], [ -94.751109, 38.9411411 ], [ -94.7514327, 38.9413134 ], [ -94.7516499, 38.9414135 ], [ -94.7518685, 38.9415115 ], [ -94.7521695, 38.9416343 ], [ -94.7524546, 38.9417426 ], [ -94.7532637, 38.9420079 ], [ -94.7536804, 38.9421186 ], [ -94.7540426, 38.9422007 ], [ -94.7544621, 38.9422881 ], [ -94.7548498, 38.9423471 ], [ -94.7551906, 38.942385 ], [ -94.755652, 38.9424319 ], [ -94.7561503, 38.9424633 ], [ -94.7602721, 38.9425507 ], [ -94.7613642, 38.9425749 ], [ -94.7614778, 38.9425808 ], [ -94.7631888, 38.9426016 ], [ -94.7639076, 38.9426193 ], [ -94.764397, 38.9426427 ], [ -94.7649215, 38.9426871 ], [ -94.7652622, 38.9427299 ], [ -94.7655679, 38.9427728 ], [ -94.7659595, 38.9428352 ], [ -94.7663304, 38.9429051 ], [ -94.7667414, 38.9430042 ], [ -94.7670971, 38.9430955 ], [ -94.7675246, 38.9432212 ], [ -94.7678961, 38.9433416 ], [ -94.7682568, 38.9434684 ], [ -94.7685947, 38.9436033 ], [ -94.7689287, 38.9437479 ], [ -94.7692432, 38.9438948 ], [ -94.7696234, 38.9440869 ], [ -94.7699395, 38.9442588 ], [ -94.7703087, 38.9444801 ], [ -94.7706075, 38.9446723 ], [ -94.7709194, 38.9448951 ], [ -94.7712687, 38.9451719 ], [ -94.7715195, 38.9453787 ], [ -94.7717692, 38.9456316 ], [ -94.7719909, 38.9458707 ], [ -94.7722252, 38.9461584 ], [ -94.7724387, 38.9464663 ], [ -94.7727004, 38.9468962 ], [ -94.7728609, 38.947215 ], [ -94.7729894, 38.9475068 ], [ -94.7731023, 38.9478199 ], [ -94.7731851, 38.9481019 ], [ -94.7732239, 38.9482801 ], [ -94.7732932, 38.9485981 ], [ -94.7734764, 38.9496337 ], [ -94.7737083, 38.9511735 ], [ -94.7740209, 38.9527503 ], [ -94.7748013, 38.957473 ], [ -94.7755838, 38.9617435 ], [ -94.7757382, 38.9625386 ], [ -94.7758469, 38.9630967 ], [ -94.7759669, 38.9637865 ], [ -94.7760709, 38.9643709 ], [ -94.7761305, 38.9647865 ], [ -94.7761494, 38.964937 ], [ -94.7761975, 38.9653902 ], [ -94.7762311, 38.9658376 ], [ -94.7762431, 38.966189 ], [ -94.7762378, 38.9665612 ], [ -94.7762351, 38.9669887 ], [ -94.7762296, 38.9674492 ], [ -94.7762081, 38.9678941 ], [ -94.7761777, 38.9705727 ], [ -94.776173, 38.9714191 ], [ -94.7761479, 38.9734963 ], [ -94.7761293, 38.9749443 ], [ -94.7761155, 38.9759065 ], [ -94.7759601, 38.987716 ], [ -94.7759601, 38.9881695 ], [ -94.7759722, 38.9885531 ], [ -94.775999, 38.9889096 ], [ -94.7760393, 38.9892108 ], [ -94.7760996, 38.9895204 ], [ -94.776164, 38.9897956 ], [ -94.7762646, 38.9901552 ], [ -94.7763665, 38.9904523 ], [ -94.7765221, 38.9908349 ], [ -94.7767112, 38.9912299 ], [ -94.7769003, 38.9915697 ], [ -94.7771309, 38.9919345 ], [ -94.777375, 38.9922806 ], [ -94.7777103, 38.9927059 ], [ -94.7781274, 38.9931583 ], [ -94.7788878, 38.9939307 ], [ -94.7789548, 38.9939988 ], [ -94.7799905, 38.9950556 ], [ -94.780358, 38.9954479 ], [ -94.7805719, 38.9956803 ], [ -94.7808272, 38.9959939 ], [ -94.7810824, 38.9963653 ], [ -94.7812407, 38.9966536 ], [ -94.7813905, 38.9969386 ], [ -94.7816008, 38.9973621 ], [ -94.7817002, 38.9976518 ], [ -94.7818733, 38.9981874 ], [ -94.7820347, 38.9986796 ], [ -94.7822622, 38.9994388 ], [ -94.7824883, 39.0001699 ], [ -94.7829371, 39.0016179 ], [ -94.7831897, 39.002427 ], [ -94.7832309, 39.0025593 ], [ -94.7833563, 39.0029616 ], [ -94.7839916, 39.0050302 ], [ -94.7840521, 39.0052465 ], [ -94.7842763, 39.0059882 ], [ -94.7843957, 39.0063853 ], [ -94.7844969, 39.0067873 ], [ -94.7845754, 39.0071221 ], [ -94.7846357, 39.0074552 ], [ -94.7847001, 39.0078443 ], [ -94.7847498, 39.0082134 ], [ -94.7847806, 39.0085143 ], [ -94.7848025, 39.0088382 ], [ -94.7848262, 39.0092824 ], [ -94.7848494, 39.0099759 ], [ -94.7849014, 39.0114035 ], [ -94.784971, 39.0133746 ], [ -94.7850381, 39.0153859 ], [ -94.7851344, 39.0181013 ], [ -94.7851534, 39.0186377 ], [ -94.785191, 39.0207792 ], [ -94.7853904, 39.0229775 ], [ -94.7857456, 39.0258336 ], [ -94.7862466, 39.0285698 ], [ -94.7866039, 39.0302596 ], [ -94.7876246, 39.0341546 ], [ -94.7879117, 39.0353803 ], [ -94.7881512, 39.0364027 ], [ -94.7883327, 39.0371773 ], [ -94.7884794, 39.0378512 ], [ -94.7886836, 39.0391346 ], [ -94.7889451, 39.0411066 ], [ -94.7891429, 39.0432174 ], [ -94.7896522, 39.0487461 ], [ -94.7898332, 39.0508515 ], [ -94.7898939, 39.0514171 ], [ -94.7899546, 39.0519827 ], [ -94.7902049, 39.0545749 ], [ -94.7903187, 39.0555116 ], [ -94.7905615, 39.0569254 ], [ -94.7908422, 39.0584041 ], [ -94.7915349, 39.0613164 ], [ -94.7918648, 39.0625269 ], [ -94.7920987, 39.0632634 ], [ -94.7929516, 39.0659489 ], [ -94.7939644, 39.0687486 ], [ -94.7953789, 39.072476 ], [ -94.7956368, 39.0731239 ], [ -94.7980645, 39.0797494 ], [ -94.7983072, 39.0804561 ], [ -94.7993921, 39.0834006 ], [ -94.799908, 39.0847491 ], [ -94.8004162, 39.0858326 ], [ -94.8009625, 39.0867395 ], [ -94.802017, 39.0882116 ], [ -94.802806, 39.0891361 ], [ -94.8036866, 39.089999 ], [ -94.8041715, 39.0904668 ], [ -94.8065764, 39.0925277 ], [ -94.8072778, 39.0933114 ], [ -94.8079689, 39.0941195 ], [ -94.8085417, 39.094935 ], [ -94.8092397, 39.096089 ], [ -94.8097328, 39.0971311 ], [ -94.8099793, 39.097764 ], [ -94.8102183, 39.0985618 ], [ -94.8104156, 39.0993301 ], [ -94.8105483, 39.100069 ], [ -94.8106836, 39.1009144 ], [ -94.8108714, 39.1036494 ], [ -94.8109143, 39.104482 ], [ -94.8110038, 39.1056826 ], [ -94.8110373, 39.1061592 ], [ -94.8110894, 39.1070975 ], [ -94.8111072, 39.1074355 ], [ -94.8112737, 39.1093689 ], [ -94.8115029, 39.1127614 ], [ -94.8117243, 39.1160577 ], [ -94.8117661, 39.1166468 ], [ -94.8118165, 39.1173182 ], [ -94.8119408, 39.1182371 ], [ -94.8121009, 39.119131 ], [ -94.8122223, 39.1197255 ], [ -94.8123558, 39.1201431 ], [ -94.8124423, 39.1204141 ], [ -94.8126699, 39.1210792 ], [ -94.812981, 39.1217443 ], [ -94.8135348, 39.1229096 ], [ -94.8138071, 39.1234923 ], [ -94.8143787, 39.1246557 ], [ -94.8158244, 39.1275988 ], [ -94.816118, 39.1281986 ], [ -94.8165239, 39.1290244 ], [ -94.8166683, 39.1293044 ], [ -94.8174622, 39.130963 ], [ -94.817684, 39.1315085 ], [ -94.8179952, 39.1325238 ], [ -94.8182097, 39.1333519 ], [ -94.8185531, 39.135449 ], [ -94.818647, 39.136027 ], [ -94.8190695, 39.1384412 ], [ -94.8196767, 39.1417117 ], [ -94.819805, 39.1426444 ], [ -94.8199123, 39.1434182 ], [ -94.8199692, 39.1441378 ], [ -94.8202322, 39.1474644 ], [ -94.8204273, 39.1499332 ], [ -94.8207271, 39.1543726 ] ] ] } },
{ "type": "Feature", "properties": { "full_id": "w541960868", "osm_id": "541960868", "osm_type": "way", "highway": "motorway", "short_name": null, "old_name": null, "destination:ref:to": null, "shoulder": null, "opening_date": null, "noref": null, "change:lanes": null, "maxweight:hgv_articulated": null, "maxweight:hgv:conditional": null, "alt_name": null, "traffic_sign": null, "access": null, "destination:street": null, "bridge:name": null, "destination:symbol": null, "embankment": null, "future_ref": null, "maxspeed:permanent": null, "HFCS": null, "maxspeed:advisory": null, "lanes:permanant": null, "ref:fra_crossing": null, "motor_vehicle": null, "turn:lanes:forward": null, "source:hgv": null, "sidewalk": null, "smoothness": null, "tunnel": null, "destination:lanes": null, "old_ref": null, "junction:ref": null, "destination:ref": null, "destination": null, "maxweight": null, "maxheight": null, "toll": null, "lit": null, "expressway": null, "turn:lanes": null, "covered": null, "maxheight:signed": null, "placement": null, "source:minspeed": null, "source:maxspeed": null, "minspeed:type": null, "maxspeed:type": null, "minspeed": null, "horse": null, "foot": null, "loc_ref": null, "tiger:reviewed": null, "tiger:county": null, "tiger:cfcc": null, "name": null, "layer": null, "bridge": null, "bicycle": null, "surface": "asphalt", "source:hgv:national_network": null, "ref": "I 29;I 35;US 71", "oneway": "yes", "noname": null, "maxspeed": "45 mph", "lanes": "3", "hgv:national_network": null, "hgv": null, "NHS": null, "road_name": null, "named": "I-35", "boundary": null, "admin_level": null, "wikipedia": null, "wikidata": null, "type": null, "source:short_name": null, "source:population": null, "source:name:br": null, "ref:fips": null, "ref:USPS": null, "ref:USCG": null, "population:date": null, "population": null, "nickname": null, "name:zh-Hant": null, "name:zh-Hans": null, "name:zh": null, "name:yi": null, "name:uz": null, "name:ur": null, "name:uk": null, "name:tl": null, "name:th": null, "name:ta": null, "name:sr": null, "name:sq": null, "name:sl": null, "name:sa": null, "name:ru": null, "name:qu": null, "name:pl": null, "name:oc": null, "name:nv": null, "name:mr": null, "name:ml": null, "name:mg": null, "name:lv": null, "name:lt": null, "name:la": null, "name:ko": null, "name:ka": null, "name:ja": null, "name:hy": null, "name:ht": null, "name:he": null, "name:haw": null, "name:hak": null, "name:gl": null, "name:ga": null, "name:fr": null, "name:fa": null, "name:eu": null, "name:es": null, "name:eo": null, "name:en": null, "name:el": null, "name:br": null, "name:bn": null, "name:bg": null, "name:az": null, "name:arc": null, "name:ar": null, "border_type": null, "ISO3166-2": null, "full_id_2": null, "osm_id_2": null, "osm_type_2": null, "boundary_2": null, "admin_level_2": null, "name_2": null, "wikipedia_2": null, "wikidata_2": null, "type_2": null, "source:short_name_2": null, "source:population_2": null, "source:name:br_2": null, "short_name_2": null, "ref:fips_2": null, "ref:USPS_2": null, "ref:USCG_2": null, "ref_2": null, "population:date_2": null, "population_2": null, "nickname_2": null, "name:zh-Hant_2": null, "name:zh-Hans_2": null, "name:zh_2": null, "name:yi_2": null, "name:uz_2": null, "name:ur_2": null, "name:uk_2": null, "name:th_2": null, "name:ta_2": null, "name:sr_2": null, "name:sh": null, "name:sa_2": null, "name:ru_2": null, "name:qu_2": null, "name:pl_2": null, "name:nv_2": null, "name:nan": null, "name:mr_2": null, "name:ml_2": null, "name:lv_2": null, "name:lt_2": null, "name:ko_2": null, "name:kn": null, "name:ka_2": null, "name:ja_2": null, "name:hy_2": null, "name:ht_2": null, "name:hi": null, "name:he_2": null, "name:hak_2": null, "name:ga_2": null, "name:fr_2": null, "name:fa_2": null, "name:eo_2": null, "name:en_2": null, "name:el_2": null, "name:de": null, "name:chr": null, "name:br_2": null, "name:bn_2": null, "name:az_2": null, "name:arc_2": null, "name:ar_2": null, "border_type_2": null, "ISO3166-2_2": null, "path": "MultiLineString?crs=EPSG:4326&field=full_id:string(0,0)&field=osm_id:string(0,0)&field=osm_type:string(0,0)&field=highway:string(0,0)&field=short_name:string(0,0)&field=old_name:string(0,0)&field=destination%3Aref%3Ato:string(0,0)&field=shoulder:string(0,0)&field=opening_date:string(0,0)&field=noref:string(0,0)&field=change%3Alanes:string(0,0)&field=maxweight%3Ahgv_articulated:string(0,0)&field=maxweight%3Ahgv%3Aconditional:string(0,0)&field=alt_name:string(0,0)&field=traffic_sign:string(0,0)&field=access:string(0,0)&field=destination%3Astreet:string(0,0)&field=bridge%3Aname:string(0,0)&field=destination%3Asymbol:string(0,0)&field=embankment:string(0,0)&field=future_ref:string(0,0)&field=maxspeed%3Apermanent:string(0,0)&field=HFCS:string(0,0)&field=maxspeed%3Aadvisory:string(0,0)&field=lanes%3Apermanant:string(0,0)&field=ref%3Afra_crossing:string(0,0)&field=motor_vehicle:string(0,0)&field=turn%3Alanes%3Aforward:string(0,0)&field=source%3Ahgv:string(0,0)&field=sidewalk:string(0,0)&field=smoothness:string(0,0)&field=tunnel:string(0,0)&field=destination%3Alanes:string(0,0)&field=old_ref:string(0,0)&field=junction%3Aref:string(0,0)&field=destination%3Aref:string(0,0)&field=destination:string(0,0)&field=maxweight:string(0,0)&field=maxheight:string(0,0)&field=toll:string(0,0)&field=lit:string(0,0)&field=expressway:string(0,0)&field=turn%3Alanes:string(0,0)&field=covered:string(0,0)&field=maxheight%3Asigned:string(0,0)&field=placement:string(0,0)&field=source%3Aminspeed:string(0,0)&field=source%3Amaxspeed:string(0,0)&field=minspeed%3Atype:string(0,0)&field=maxspeed%3Atype:string(0,0)&field=minspeed:string(0,0)&field=horse:string(0,0)&field=foot:string(0,0)&field=loc_ref:string(0,0)&field=tiger%3Areviewed:string(0,0)&field=tiger%3Acounty:string(0,0)&field=tiger%3Acfcc:string(0,0)&field=name:string(0,0)&field=layer:string(0,0)&field=bridge:string(0,0)&field=bicycle:string(0,0)&field=surface:string(0,0)&field=source%3Ahgv%3Anational_network:string(0,0)&field=ref:string(0,0)&field=oneway:string(0,0)&field=noname:string(0,0)&field=maxspeed:string(0,0)&field=lanes:string(0,0)&field=hgv%3Anational_network:string(0,0)&field=hgv:string(0,0)&field=NHS:string(0,0)&uid={98cffafb-9b17-4ce2-a867-b0d8889d5918}" }, "geometry": { "type": "MultiLineString", "coordinates": [ [ [ -95.3374028, 38.5566386 ], [ -95.33656, 38.556735 ], [ -95.336227, 38.556796 ], [ -95.334592, 38.557035 ], [ -95.333448, 38.557216 ], [ -95.333133, 38.557261 ], [ -95.331502, 38.557549 ], [ -95.330823, 38.557684 ], [ -95.32867, 38.558133 ], [ -95.328356, 38.558218 ], [ -95.326066, 38.558746 ], [ -95.325757, 38.558833 ], [ -95.325252, 38.558955 ], [ -95.3235428, 38.5593785 ], [ -95.314852, 38.561597 ], [ -95.314313, 38.561735 ], [ -95.313962, 38.561833 ], [ -95.312504, 38.562172 ], [ -95.3113548, 38.5624826 ], [ -95.3103034, 38.5627762 ], [ -95.3092842, 38.5631118 ], [ -95.308296, 38.563463 ], [ -95.3070955, 38.563892 ], [ -95.305969, 38.5642695 ], [ -95.3051321, 38.5646722 ], [ -95.304051, 38.565171 ], [ -95.303008, 38.565613 ], [ -95.301833, 38.566154 ], [ -95.300616, 38.566654 ], [ -95.297942, 38.567712 ], [ -95.297546, 38.567856 ], [ -95.297127, 38.568009 ], [ -95.296201, 38.568301 ], [ -95.29512, 38.568581 ], [ -95.294226, 38.568795 ], [ -95.293938, 38.568854 ], [ -95.291642, 38.5693139 ], [ -95.2883093, 38.5699234 ], [ -95.2859704, 38.5704016 ], [ -95.2833418, 38.5710475 ], [ -95.2802446, 38.5719295 ], [ -95.276804, 38.5728688 ], [ -95.27458, 38.573499 ], [ -95.27263, 38.574023 ], [ -95.2682476, 38.5753282 ], [ -95.2673607, 38.5755751 ], [ -95.26249, 38.5769651 ], [ -95.2606675, 38.5775406 ], [ -95.2601091, 38.5777342 ], [ -95.2584944, 38.5782899 ], [ -95.256152, 38.57913 ], [ -95.254582, 38.57972 ], [ -95.251778, 38.58083 ], [ -95.249706, 38.581594 ], [ -95.248382, 38.582089 ], [ -95.244511, 38.583542 ], [ -95.243539, 38.583944 ], [ -95.241854, 38.584778 ], [ -95.24005, 38.585875 ], [ -95.239012, 38.586658 ], [ -95.237795, 38.587705 ], [ -95.237142, 38.588387 ], [ -95.236964, 38.588573 ], [ -95.236066, 38.589661 ], [ -95.235664, 38.590181 ], [ -95.235016, 38.591214 ], [ -95.234357, 38.592532 ], [ -95.2338798, 38.593739 ], [ -95.2337748, 38.5941131 ], [ -95.2335773, 38.5948272 ], [ -95.2333797, 38.5958195 ], [ -95.2332707, 38.596725 ], [ -95.2331707, 38.5978818 ], [ -95.2330562, 38.5990133 ], [ -95.2329075, 38.6006501 ], [ -95.232698, 38.602971 ], [ -95.232615, 38.603842 ], [ -95.232509, 38.605159 ], [ -95.23249, 38.605401 ], [ -95.232428, 38.60694 ], [ -95.232403, 38.607807 ], [ -95.232378, 38.608788 ], [ -95.232357, 38.609954 ], [ -95.232316, 38.611611 ], [ -95.232258, 38.614684 ], [ -95.232225, 38.61605 ], [ -95.232214, 38.616734 ], [ -95.2322, 38.61758 ], [ -95.2321982, 38.6186135 ], [ -95.2321195, 38.6226454 ], [ -95.2321006, 38.6232975 ], [ -95.2320167, 38.6270081 ], [ -95.2319799, 38.6274865 ], [ -95.2319276, 38.6279381 ], [ -95.2318405, 38.6283886 ], [ -95.2317157, 38.6289774 ], [ -95.2316192, 38.6293378 ], [ -95.2314717, 38.629781 ], [ -95.2313161, 38.6301937 ], [ -95.231186, 38.6305185 ], [ -95.2310184, 38.6308821 ], [ -95.2308145, 38.6312875 ], [ -95.2305034, 38.631826 ], [ -95.2301252, 38.6324127 ], [ -95.2296451, 38.6330706 ], [ -95.2290536, 38.6337578 ], [ -95.2284703, 38.6343581 ], [ -95.2280478, 38.6347509 ], [ -95.227392, 38.6352999 ], [ -95.226446, 38.635984 ], [ -95.2255936, 38.6365182 ], [ -95.224808, 38.636952 ], [ -95.2240178, 38.6373217 ], [ -95.2235578, 38.6375165 ], [ -95.2227598, 38.6378308 ], [ -95.2207439, 38.6385637 ], [ -95.2127552, 38.6415055 ], [ -95.2123993, 38.6416419 ], [ -95.2114605, 38.6419813 ], [ -95.2097814, 38.642593 ], [ -95.208251, 38.643198 ], [ -95.206881, 38.643881 ], [ -95.205597, 38.644652 ], [ -95.204595, 38.645317 ], [ -95.203268, 38.64627 ], [ -95.1954638, 38.6519024 ], [ -95.1914298, 38.6548139 ], [ -95.188566, 38.656867 ], [ -95.1874333, 38.6575871 ], [ -95.1865696, 38.6580856 ], [ -95.1856737, 38.6585632 ], [ -95.1846867, 38.6590617 ], [ -95.1835602, 38.6595979 ], [ -95.1829808, 38.6598408 ], [ -95.1815431, 38.6604398 ], [ -95.1794457, 38.6612399 ], [ -95.1770424, 38.6621489 ], [ -95.1725114, 38.6638551 ], [ -95.16894, 38.6652 ], [ -95.168403, 38.665404 ], [ -95.1663404, 38.6662286 ], [ -95.1623955, 38.6676953 ], [ -95.1617177, 38.6679473 ], [ -95.1601193, 38.6685502 ], [ -95.1513212, 38.6718657 ], [ -95.1488792, 38.6728043 ], [ -95.143659, 38.674745 ], [ -95.141462, 38.675573 ], [ -95.131836, 38.679204 ], [ -95.130247, 38.679854 ], [ -95.128737, 38.680532 ], [ -95.127142, 38.681331 ], [ -95.125794, 38.682067 ], [ -95.12504, 38.682502 ], [ -95.123863, 38.683217 ], [ -95.12082, 38.685019 ], [ -95.117494, 38.687025 ], [ -95.116664, 38.687503 ], [ -95.115977, 38.687932 ], [ -95.109529, 38.691772 ], [ -95.109212, 38.691961 ], [ -95.106011, 38.693833 ], [ -95.10543, 38.694194 ], [ -95.104772, 38.694576 ], [ -95.1038316, 38.6951715 ], [ -95.1027853, 38.6957863 ], [ -95.1023324, 38.6960439 ], [ -95.1018369, 38.6963097 ], [ -95.1011185, 38.6966745 ], [ -95.1003699, 38.6970231 ], [ -95.0996773, 38.6973289 ], [ -95.0991854, 38.697536 ], [ -95.0985571, 38.6977775 ], [ -95.0978266, 38.6980396 ], [ -95.0970436, 38.6983037 ], [ -95.0964062, 38.6985005 ], [ -95.0957988, 38.6986697 ], [ -95.0953514, 38.6987973 ], [ -95.093839, 38.699191 ], [ -95.091803, 38.699729 ], [ -95.0880809, 38.7007678 ], [ -95.0855233, 38.7014546 ], [ -95.0820391, 38.7024023 ], [ -95.081707, 38.7024897 ], [ -95.0807435, 38.7027428 ], [ -95.0750642, 38.7043022 ], [ -95.0695058, 38.705786 ], [ -95.0680316, 38.7061897 ], [ -95.0667369, 38.7065429 ], [ -95.0654605, 38.7068864 ], [ -95.0646213, 38.7071406 ], [ -95.0636724, 38.7074634 ], [ -95.0626142, 38.7078584 ], [ -95.0615519, 38.7083053 ], [ -95.0607489, 38.7086712 ], [ -95.0599377, 38.7090776 ], [ -95.0594189, 38.7093464 ], [ -95.0581989, 38.7100555 ], [ -95.0574479, 38.7105331 ], [ -95.0564291, 38.7112406 ], [ -95.0406877, 38.7220653 ], [ -95.0383882, 38.7236465 ], [ -95.037576, 38.7242059 ], [ -95.0326353, 38.7276377 ], [ -95.029876, 38.729503 ], [ -95.028477, 38.730441 ], [ -95.027478, 38.731111 ], [ -95.025291, 38.732653 ], [ -95.019306, 38.736775 ], [ -95.018582, 38.737276 ], [ -95.017764, 38.737846 ], [ -95.016994, 38.738383 ], [ -95.013981, 38.740455 ], [ -95.012818, 38.741208 ], [ -95.011938, 38.741741 ], [ -95.010995, 38.742283 ], [ -95.010162, 38.742726 ], [ -95.009451, 38.743091 ], [ -95.00877, 38.743423 ], [ -95.008034, 38.743768 ], [ -95.0079045, 38.7438263 ], [ -95.007521, 38.743999 ], [ -95.007108, 38.744177 ], [ -95.006495, 38.744434 ], [ -95.005912, 38.7446657 ], [ -95.004692, 38.7451264 ], [ -95.003746, 38.745457 ], [ -95.003134, 38.745659 ], [ -95.001308, 38.7462 ], [ -95.000516, 38.746412 ], [ -94.998744, 38.746849 ], [ -94.9966975, 38.7473221 ], [ -94.99594, 38.7475 ], [ -94.995138, 38.747687 ], [ -94.993371, 38.7480984 ], [ -94.991942, 38.748431 ], [ -94.9875898, 38.7494411 ], [ -94.985204, 38.750013 ], [ -94.9843985, 38.7502202 ], [ -94.9836743, 38.7504252 ], [ -94.9830678, 38.7506244 ], [ -94.9826818, 38.7507441 ], [ -94.9821293, 38.7509021 ], [ -94.981292, 38.751213 ], [ -94.98011, 38.751654 ], [ -94.979169, 38.752032 ], [ -94.9768579, 38.7529939 ], [ -94.9758493, 38.7534039 ], [ -94.9741542, 38.7541318 ], [ -94.971908, 38.7551757 ], [ -94.970737, 38.75572 ], [ -94.968141, 38.757029 ], [ -94.958817, 38.7620334 ], [ -94.9552366, 38.7639455 ], [ -94.946079, 38.768911 ], [ -94.945028, 38.769529 ], [ -94.943425, 38.770559 ], [ -94.9330197, 38.7776334 ], [ -94.9316169, 38.7785871 ], [ -94.9301082, 38.779612 ], [ -94.9290153, 38.7803547 ], [ -94.927958, 38.7810684 ], [ -94.9239887, 38.7837879 ], [ -94.9237134, 38.7839779 ], [ -94.9234919, 38.7841371 ], [ -94.9219706, 38.785237 ], [ -94.9216895, 38.7854402 ], [ -94.9193784, 38.7871052 ], [ -94.9178791, 38.7881913 ], [ -94.9166329, 38.7890904 ], [ -94.9152754, 38.7900751 ], [ -94.9137287, 38.7911827 ], [ -94.9121216, 38.7923524 ], [ -94.9106336, 38.7934179 ], [ -94.9097919, 38.7940278 ], [ -94.9081916, 38.795181 ], [ -94.9062031, 38.7966202 ], [ -94.9049241, 38.7975389 ], [ -94.9039498, 38.7982393 ], [ -94.9031992, 38.7987879 ], [ -94.9020418, 38.7996236 ], [ -94.9011572, 38.8002598 ], [ -94.899906, 38.8011659 ], [ -94.8986862, 38.8020433 ], [ -94.8979296, 38.8025889 ], [ -94.8973328, 38.803027 ], [ -94.8965159, 38.8036146 ], [ -94.8949947, 38.8047068 ], [ -94.8944401, 38.8051007 ], [ -94.893273, 38.805952 ], [ -94.8923925, 38.8065801 ], [ -94.8916644, 38.8070771 ], [ -94.8913736, 38.8072691 ], [ -94.8906638, 38.8077234 ], [ -94.8898173, 38.8082272 ], [ -94.8889973, 38.8086962 ], [ -94.8886566, 38.8088824 ], [ -94.8879533, 38.8092573 ], [ -94.8872154, 38.8096339 ], [ -94.886554, 38.809951 ], [ -94.8854029, 38.8104725 ], [ -94.8844159, 38.8109203 ], [ -94.883852, 38.8111701 ], [ -94.88173, 38.8121197 ], [ -94.8801755, 38.8128189 ], [ -94.8793461, 38.8131969 ], [ -94.8784187, 38.813606 ], [ -94.8775165, 38.8140063 ], [ -94.876839, 38.8143121 ], [ -94.8761141, 38.8146405 ], [ -94.8745941, 38.8153116 ], [ -94.8735256, 38.8157986 ], [ -94.872583, 38.8162178 ], [ -94.8723621, 38.8163192 ], [ -94.8721427, 38.8164174 ], [ -94.871754, 38.8165931 ], [ -94.871473, 38.8167292 ], [ -94.868739, 38.818149 ], [ -94.867021, 38.819185 ], [ -94.865788, 38.820001 ], [ -94.8648325, 38.8206977 ], [ -94.8641232, 38.8212278 ], [ -94.8615865, 38.8231477 ], [ -94.8543671, 38.8285955 ], [ -94.8542069, 38.8287114 ], [ -94.8536839, 38.8290906 ], [ -94.8531179, 38.8294835 ], [ -94.8525329, 38.8298729 ], [ -94.85094, 38.8308897 ], [ -94.8491889, 38.8320038 ], [ -94.8480344, 38.8327382 ], [ -94.8474792, 38.8330918 ], [ -94.8465925, 38.8336537 ], [ -94.8440802, 38.8352502 ], [ -94.8421803, 38.836454 ], [ -94.8415603, 38.8368464 ], [ -94.8392724, 38.8383005 ], [ -94.8381029, 38.839038 ], [ -94.8369394, 38.8397389 ], [ -94.8334144, 38.8417691 ], [ -94.8326956, 38.8421874 ], [ -94.8319888, 38.8425969 ], [ -94.8313732, 38.8429708 ], [ -94.831105, 38.8431359 ], [ -94.8303406, 38.8436352 ], [ -94.8296539, 38.8441063 ], [ -94.8289928, 38.8445805 ], [ -94.8282766, 38.8451184 ], [ -94.8265495, 38.8464872 ], [ -94.820697, 38.8511254 ], [ -94.8171421, 38.8539471 ], [ -94.8153491, 38.8553669 ], [ -94.8144284, 38.8560943 ], [ -94.8121687, 38.8579099 ], [ -94.8108624, 38.8589197 ], [ -94.8106807, 38.8590659 ], [ -94.80999, 38.8596215 ], [ -94.8085443, 38.8607786 ], [ -94.8078348, 38.861342 ], [ -94.8072637, 38.8617938 ], [ -94.8061415, 38.8626865 ], [ -94.8047952, 38.86375 ], [ -94.8040107, 38.8643808 ], [ -94.8035561, 38.8647624 ], [ -94.8031041, 38.8651467 ], [ -94.802217, 38.8659147 ], [ -94.8013251, 38.866689 ], [ -94.8005013, 38.8674034 ], [ -94.7990848, 38.8686306 ], [ -94.7976565, 38.8698727 ], [ -94.7965588, 38.8708239 ], [ -94.7962216, 38.8711272 ], [ -94.7958971, 38.8714336 ], [ -94.7957021, 38.871644 ], [ -94.7954905, 38.871884 ], [ -94.7952399, 38.8721943 ], [ -94.7950427, 38.8724637 ], [ -94.7948605, 38.8727381 ], [ -94.7947139, 38.872977 ], [ -94.7945606, 38.8732525 ], [ -94.7944236, 38.8735341 ], [ -94.7943118, 38.8737771 ], [ -94.7942164, 38.8740206 ], [ -94.7941234, 38.8742835 ], [ -94.7925012, 38.8795074 ], [ -94.7900721, 38.8873622 ], [ -94.7893511, 38.8896868 ], [ -94.7885159, 38.8923811 ], [ -94.7883714, 38.8928187 ], [ -94.78825, 38.8931534 ], [ -94.7881515, 38.8934023 ], [ -94.7879738, 38.8938221 ], [ -94.7877328, 38.8943361 ], [ -94.7875225, 38.8947381 ], [ -94.7873354, 38.8950734 ], [ -94.7870953, 38.8954758 ], [ -94.7868861, 38.895804 ], [ -94.7866263, 38.8961861 ], [ -94.7862471, 38.8967283 ], [ -94.7849848, 38.8985327 ], [ -94.7843739, 38.8994036 ], [ -94.7837142, 38.9003402 ], [ -94.7832769, 38.9009309 ], [ -94.782839, 38.9014928 ], [ -94.7823522, 38.902092 ], [ -94.7819801, 38.9025264 ], [ -94.7814442, 38.9031299 ], [ -94.7803194, 38.9043705 ], [ -94.779727, 38.9050215 ], [ -94.7791153, 38.9056713 ], [ -94.7786343, 38.90617 ], [ -94.7781451, 38.9066576 ], [ -94.777719, 38.9070764 ], [ -94.7774977, 38.9072903 ], [ -94.776909, 38.9078397 ], [ -94.7760058, 38.9086571 ], [ -94.7752567, 38.9093086 ], [ -94.7745071, 38.9099366 ], [ -94.7733767, 38.9108462 ], [ -94.7728039, 38.9113096 ], [ -94.772196, 38.9118099 ], [ -94.7715593, 38.9123463 ], [ -94.7712569, 38.9126015 ], [ -94.7706571, 38.9131303 ], [ -94.7699755, 38.9137431 ], [ -94.7696047, 38.9140796 ], [ -94.7690863, 38.9145628 ], [ -94.7683004, 38.9153094 ], [ -94.7678613, 38.9157386 ], [ -94.7674307, 38.9161676 ], [ -94.7669486, 38.9166591 ], [ -94.7664702, 38.9171542 ], [ -94.7659931, 38.9176593 ], [ -94.765523, 38.9181677 ], [ -94.7647773, 38.9189552 ], [ -94.7641431, 38.9196929 ], [ -94.7636958, 38.9202094 ], [ -94.7632833, 38.9206774 ], [ -94.7629937, 38.921018 ], [ -94.7627242, 38.9213326 ], [ -94.762468, 38.92162 ], [ -94.7578794, 38.9270395 ], [ -94.7573034, 38.9277176 ], [ -94.755339, 38.9300181 ], [ -94.7536904, 38.9319426 ], [ -94.7531211, 38.9326097 ], [ -94.7526108, 38.9332044 ], [ -94.7521636, 38.93372 ], [ -94.7515266, 38.9344708 ], [ -94.7509613, 38.9351312 ], [ -94.7506535, 38.9354911 ], [ -94.750309, 38.9358902 ], [ -94.7470532, 38.9397048 ], [ -94.7434453, 38.9439198 ], [ -94.7426946, 38.9448039 ], [ -94.7418803, 38.9457474 ], [ -94.7411129, 38.9466446 ], [ -94.7371027, 38.9513334 ], [ -94.7345979, 38.9542619 ], [ -94.7342316, 38.9546902 ], [ -94.7335426, 38.9554934 ], [ -94.732786, 38.9563407 ], [ -94.7323568, 38.9568173 ], [ -94.7319065, 38.9572968 ], [ -94.7315803, 38.9576443 ], [ -94.7312511, 38.9579895 ], [ -94.7305365, 38.9587343 ], [ -94.7288251, 38.9605324 ], [ -94.7271893, 38.9622468 ], [ -94.7230447, 38.9665765 ], [ -94.7190582, 38.9707564 ], [ -94.7183224, 38.9715274 ], [ -94.7143185, 38.975722 ], [ -94.7135559, 38.9765144 ], [ -94.7128129, 38.9772963 ], [ -94.7117704, 38.9783852 ], [ -94.7095121, 38.980743 ], [ -94.7051899, 38.985259 ], [ -94.7045807, 38.9859043 ], [ -94.7000134, 38.990678 ], [ -94.697981, 38.9928075 ], [ -94.69747, 38.9933391 ], [ -94.6972226, 38.9936138 ], [ -94.6969869, 38.9938961 ], [ -94.696772, 38.9941651 ], [ -94.69659, 38.9944079 ], [ -94.6962637, 38.9948854 ], [ -94.6959767, 38.9953565 ], [ -94.6956929, 38.9959182 ], [ -94.6955846, 38.9961134 ], [ -94.6953504, 38.996675 ], [ -94.6952203, 38.9970627 ], [ -94.6950887, 38.997501 ], [ -94.6949816, 38.9978893 ], [ -94.6949052, 38.9982036 ], [ -94.6948515, 38.9985344 ], [ -94.6948069, 38.9988546 ], [ -94.6946503, 39.0002562 ], [ -94.6945699, 39.0009441 ], [ -94.6944918, 39.0016386 ], [ -94.694011, 39.0058265 ], [ -94.6938468, 39.0072719 ], [ -94.6937679, 39.0079698 ], [ -94.6936409, 39.00912 ], [ -94.6932365, 39.012638 ], [ -94.6931429, 39.013535 ], [ -94.6930651, 39.0143874 ], [ -94.6930088, 39.0150668 ], [ -94.6928857, 39.0168173 ], [ -94.6928507, 39.0171512 ], [ -94.6928009, 39.0175561 ], [ -94.6927452, 39.0179549 ], [ -94.6926716, 39.0183694 ], [ -94.6925872, 39.0187891 ], [ -94.692471, 39.0192827 ], [ -94.692349, 39.0197516 ], [ -94.6917298, 39.0218324 ], [ -94.691549, 39.0225432 ], [ -94.6914848, 39.0228125 ], [ -94.6913579, 39.0233649 ], [ -94.6912412, 39.0239234 ], [ -94.6910226, 39.0250857 ], [ -94.6909348, 39.0255328 ], [ -94.6908309, 39.0259279 ], [ -94.6906833, 39.0263843 ], [ -94.6894065, 39.0298405 ], [ -94.6892926, 39.0301202 ], [ -94.6891535, 39.0304267 ], [ -94.6889439, 39.0308151 ], [ -94.6888058, 39.0310505 ], [ -94.688661, 39.031261 ], [ -94.6883082, 39.0317443 ], [ -94.6877034, 39.0324559 ], [ -94.6869333, 39.0333466 ], [ -94.686635, 39.0337247 ], [ -94.6860214, 39.0344312 ], [ -94.6856294, 39.0348919 ], [ -94.6854074, 39.0351394 ], [ -94.6852183, 39.0353279 ], [ -94.6849434, 39.0355769 ], [ -94.6846846, 39.0357805 ], [ -94.6844314, 39.0359636 ], [ -94.6819659, 39.0374544 ], [ -94.6816845, 39.0376144 ], [ -94.6814367, 39.0377417 ], [ -94.6809716, 39.0379492 ], [ -94.6806371, 39.0380801 ], [ -94.6802494, 39.0382135 ], [ -94.6798451, 39.0383303 ], [ -94.6795307, 39.0384103 ], [ -94.6792378, 39.0384709 ], [ -94.6787116, 39.0385552 ], [ -94.6784404, 39.03859 ], [ -94.6781004, 39.0386134 ], [ -94.6777008, 39.0386368 ], [ -94.6772998, 39.0386405 ], [ -94.6769115, 39.0386384 ], [ -94.676296, 39.0386478 ], [ -94.675777, 39.0386645 ], [ -94.6753867, 39.0386926 ], [ -94.6750246, 39.0387311 ], [ -94.6746518, 39.0387884 ], [ -94.6743554, 39.0388457 ], [ -94.6739826, 39.0389324 ], [ -94.6736915, 39.0390082 ], [ -94.6733481, 39.0391116 ], [ -94.6728614, 39.0392866 ], [ -94.6724632, 39.0394581 ], [ -94.6721332, 39.0396134 ], [ -94.6700967, 39.040584 ], [ -94.6695743, 39.0408201 ], [ -94.6691586, 39.0409905 ], [ -94.6687398, 39.0411639 ], [ -94.6682479, 39.0413449 ], [ -94.6680146, 39.0414269 ], [ -94.6675922, 39.0415738 ], [ -94.6667607, 39.0418279 ], [ -94.6662846, 39.0419612 ], [ -94.6656007, 39.0421435 ], [ -94.6650106, 39.0422946 ], [ -94.662028, 39.0430622 ], [ -94.6610313, 39.043324 ], [ -94.6591042, 39.0438336 ], [ -94.6583372, 39.0440674 ], [ -94.6576506, 39.0442934 ], [ -94.6568634, 39.0445767 ], [ -94.6560131, 39.0448892 ], [ -94.6543166, 39.045522 ], [ -94.6538098, 39.0457108 ], [ -94.6531299, 39.0459334 ], [ -94.6525477, 39.0460995 ], [ -94.6504129, 39.0466384 ], [ -94.6494404, 39.0468848 ], [ -94.6482498, 39.0471867 ], [ -94.6469083, 39.0475253 ], [ -94.6459411, 39.0477591 ], [ -94.6444528, 39.048144 ], [ -94.6428695, 39.0485337 ], [ -94.6424742, 39.0486335 ], [ -94.6423996, 39.0486523 ], [ -94.642075, 39.0487408 ], [ -94.6417357, 39.0488449 ], [ -94.6413642, 39.0489803 ], [ -94.6411443, 39.0490762 ], [ -94.6408412, 39.0492293 ], [ -94.6406159, 39.0493563 ], [ -94.6402203, 39.0496198 ], [ -94.6399038, 39.0498865 ], [ -94.6396744, 39.0500958 ], [ -94.6389516, 39.0508228 ], [ -94.638619, 39.0511362 ], [ -94.6382971, 39.0514049 ], [ -94.637982, 39.0516414 ], [ -94.6376494, 39.0518819 ], [ -94.6372256, 39.0521517 ], [ -94.6368366, 39.0523714 ], [ -94.6340793, 39.0538128 ], [ -94.6326108, 39.0545689 ], [ -94.6316168, 39.0550889 ], [ -94.6307749, 39.0555249 ], [ -94.6303564, 39.0557498 ], [ -94.6299553, 39.0559795 ], [ -94.6297707, 39.0561026 ], [ -94.6295694, 39.0562566 ], [ -94.6292921, 39.0564908 ], [ -94.6290992, 39.0566929 ], [ -94.6289131, 39.0569101 ], [ -94.6287803, 39.0570819 ], [ -94.6286215, 39.0573384 ], [ -94.6285155, 39.0575195 ], [ -94.6283613, 39.0578551 ], [ -94.6282469, 39.0581919 ], [ -94.6280377, 39.0590635 ], [ -94.6279451, 39.0594239 ], [ -94.6278647, 39.0596717 ], [ -94.6277699, 39.0598852 ], [ -94.6276514, 39.060133 ], [ -94.6274972, 39.0603923 ], [ -94.6273121, 39.0606495 ], [ -94.627119, 39.0608745 ], [ -94.6261843, 39.0618668 ], [ -94.6255149, 39.0625776 ], [ -94.6250765, 39.0630446 ], [ -94.6247078, 39.0634244 ], [ -94.6244529, 39.0636621 ], [ -94.6242579, 39.0638385 ], [ -94.6239795, 39.0640775 ], [ -94.6236894, 39.0643069 ], [ -94.6231574, 39.0647106 ], [ -94.6219343, 39.0656342 ], [ -94.6216258, 39.0658998 ], [ -94.6213354, 39.0661705 ], [ -94.6210425, 39.0664787 ], [ -94.6207711, 39.066804 ], [ -94.620555, 39.0670992 ], [ -94.6203461, 39.0674315 ], [ -94.6201694, 39.0677574 ], [ -94.6200132, 39.0680901 ], [ -94.6199079, 39.068354 ], [ -94.6198006, 39.0686809 ], [ -94.6197121, 39.0690172 ], [ -94.6194814, 39.0700553 ], [ -94.6194036, 39.0703302 ], [ -94.619358, 39.070477 ], [ -94.6192909, 39.0706629 ], [ -94.6192119, 39.0708456 ], [ -94.6191113, 39.0710622 ], [ -94.619, 39.0712693 ], [ -94.6188957, 39.0714457 ], [ -94.6186727, 39.0717785 ], [ -94.6184689, 39.0720252 ], [ -94.6182758, 39.0722397 ], [ -94.6180786, 39.0724407 ], [ -94.6179163, 39.0725875 ], [ -94.6176592, 39.072805 ], [ -94.6173866, 39.0730071 ], [ -94.6171051, 39.0731963 ], [ -94.6167565, 39.073406 ], [ -94.6165136, 39.0735328 ], [ -94.6162212, 39.0736672 ], [ -94.6157482, 39.0738606 ], [ -94.6152703, 39.074018 ], [ -94.6148519, 39.0741273 ], [ -94.6142565, 39.0742637 ], [ -94.6113202, 39.0749306 ], [ -94.6088356, 39.0754954 ], [ -94.6079179, 39.0757023 ], [ -94.6071424, 39.0758856 ], [ -94.6069438, 39.0759321 ], [ -94.6065012, 39.0760357 ], [ -94.6062528, 39.076094 ], [ -94.6058719, 39.0761877 ], [ -94.6056473, 39.0762334 ], [ -94.605319, 39.0762794 ], [ -94.6050061, 39.0763108 ], [ -94.6041424, 39.0762631 ], [ -94.6035673, 39.0761964 ], [ -94.6013837, 39.0758065 ], [ -94.6004126, 39.0756279 ], [ -94.5998332, 39.0755487 ], [ -94.5993665, 39.0755238 ], [ -94.5989696, 39.0755196 ], [ -94.5984868, 39.0755529 ], [ -94.5980898, 39.0756154 ], [ -94.5975849, 39.0757234 ], [ -94.597289, 39.075835 ], [ -94.596803, 39.076019 ], [ -94.596296, 39.076264 ], [ -94.595803, 39.076567 ], [ -94.595439, 39.076852 ], [ -94.595047, 39.077224 ], [ -94.5946468, 39.0776769 ], [ -94.5944053, 39.0779853 ], [ -94.594146, 39.0783999 ], [ -94.5939925, 39.0786769 ], [ -94.593821, 39.0789839 ], [ -94.5936641, 39.0792808 ], [ -94.5935439, 39.0795566 ], [ -94.5934369, 39.0798838 ], [ -94.5933525, 39.0802363 ], [ -94.5933077, 39.080568 ], [ -94.593254, 39.0812476 ], [ -94.5931672, 39.0817719 ], [ -94.5931558, 39.081864 ], [ -94.5930815, 39.0824951 ], [ -94.5930396, 39.0826782 ], [ -94.5922689, 39.0855816 ], [ -94.5912002, 39.0899131 ], [ -94.5909091, 39.0910723 ], [ -94.5908009, 39.0918706 ], [ -94.5907617, 39.0928582 ], [ -94.5907612, 39.0930411 ], [ -94.5907606, 39.0932328 ], [ -94.5908021, 39.0934209 ], [ -94.590824, 39.095131 ], [ -94.5908353, 39.0953053 ], [ -94.5908566, 39.0954818 ], [ -94.5908806, 39.0956333 ], [ -94.5909185, 39.0957971 ], [ -94.5909539, 39.0959444 ], [ -94.591084, 39.096395 ], [ -94.5911883, 39.096649 ], [ -94.5912708, 39.0968532 ], [ -94.5915292, 39.0973028 ], [ -94.5916633, 39.0974569 ], [ -94.591831, 39.0976584 ], [ -94.591931, 39.0977785 ], [ -94.5921755, 39.0980283 ], [ -94.5925253, 39.0983635 ], [ -94.5927815, 39.0986216 ], [ -94.5929096, 39.0987562 ], [ -94.5930377, 39.098902 ], [ -94.5931174, 39.0990026 ], [ -94.5931885, 39.0990988 ], [ -94.5932605, 39.0992022 ], [ -94.5933254, 39.0993001 ], [ -94.5934096, 39.0994322 ], [ -94.5934842, 39.0995625 ], [ -94.5935546, 39.0996966 ], [ -94.5936155, 39.0998271 ], [ -94.5936891, 39.0999994 ], [ -94.5937555, 39.1001717 ], [ -94.593838, 39.1004149 ], [ -94.5939133, 39.100671 ], [ -94.5939451, 39.1008225 ], [ -94.5939721, 39.1009833 ], [ -94.5939873, 39.1011366 ], [ -94.5939978, 39.1012955 ], [ -94.5939944, 39.1014206 ], [ -94.5939863, 39.101542 ], [ -94.5939707, 39.1016648 ], [ -94.5939527, 39.1017821 ], [ -94.5939285, 39.1018955 ], [ -94.5939018, 39.1020015 ], [ -94.5938653, 39.102116 ], [ -94.5938288, 39.1022231 ], [ -94.5937783, 39.1023235 ], [ -94.5936918, 39.1025134 ], [ -94.5931959, 39.1038436 ], [ -94.5929537, 39.1044928 ], [ -94.5928646, 39.1047129 ], [ -94.5926951, 39.105304 ], [ -94.5925785, 39.105511 ], [ -94.5924506, 39.1056996 ], [ -94.5923596, 39.1058217 ], [ -94.5922623, 39.1059408 ], [ -94.592205, 39.1060032 ], [ -94.5921437, 39.1060679 ], [ -94.5920634, 39.1061477 ], [ -94.5919792, 39.1062188 ], [ -94.5919016, 39.1062765 ], [ -94.591808, 39.1063435 ], [ -94.5917047, 39.1064084 ], [ -94.5915975, 39.1064718 ], [ -94.5914591, 39.1065402 ], [ -94.5913259, 39.1065911 ], [ -94.5912335, 39.1066311 ], [ -94.5911876, 39.1066372 ], [ -94.5910122, 39.1067008 ], [ -94.5908793, 39.1067415 ], [ -94.5908204, 39.1067516 ], [ -94.5907401, 39.1067672 ], [ -94.5906786, 39.1067745 ], [ -94.5906039, 39.1067796 ], [ -94.5905359, 39.1067829 ], [ -94.5892969, 39.1067928 ], [ -94.5888973, 39.1068094 ], [ -94.5885352, 39.1068302 ], [ -94.5876805, 39.1068742 ], [ -94.5855037, 39.1068108 ], [ -94.5850691, 39.106798 ], [ -94.5813807, 39.1066782 ], [ -94.5805595, 39.1066477 ], [ -94.5772014, 39.1065507 ], [ -94.5757765, 39.1065062 ], [ -94.5738281, 39.1063886 ], [ -94.5734073, 39.1063591 ], [ -94.5732081, 39.1063438 ], [ -94.5728717, 39.1063437 ], [ -94.5722577, 39.1062868 ], [ -94.571971, 39.1062755 ], [ -94.5714453, 39.1062713 ], [ -94.5710671, 39.1062921 ], [ -94.570697, 39.10634 ], [ -94.570418, 39.106392 ], [ -94.570182, 39.1064586 ], [ -94.5698548, 39.1065856 ], [ -94.569608, 39.106725 ], [ -94.5693617, 39.1068247 ], [ -94.5683336, 39.1077587 ], [ -94.5674314, 39.1084448 ], [ -94.5669307, 39.1087703 ], [ -94.566335, 39.1091419 ], [ -94.5660285, 39.1093338 ], [ -94.5656615, 39.1096022 ], [ -94.5652774, 39.1099539 ], [ -94.5649662, 39.1103784 ], [ -94.5647302, 39.1108196 ], [ -94.5646444, 39.1111193 ], [ -94.5646122, 39.1113108 ], [ -94.5645746, 39.1115855 ], [ -94.5645586, 39.1118935 ], [ -94.5645961, 39.1124929 ], [ -94.5645999, 39.1132386 ], [ -94.5645754, 39.1139369 ], [ -94.5644887, 39.1165081 ], [ -94.5644513, 39.1178371 ], [ -94.5644178, 39.1183988 ], [ -94.5643848, 39.1190363 ], [ -94.564401, 39.119762 ], [ -94.5644867, 39.1202974 ], [ -94.5646563, 39.1208962 ], [ -94.5647065, 39.121064 ], [ -94.5667825, 39.1256075 ], [ -94.567088, 39.1262533 ], [ -94.5675954, 39.1273744 ], [ -94.5677509, 39.1279835 ], [ -94.567895, 39.1287633 ], [ -94.5679216, 39.1295342 ], [ -94.5679208, 39.1301181 ], [ -94.5678988, 39.1305288 ], [ -94.5678198, 39.1343421 ], [ -94.5678134, 39.134654 ], [ -94.567804, 39.1351071 ], [ -94.5677433, 39.1360721 ], [ -94.5676712, 39.1367459 ], [ -94.567584, 39.137199 ], [ -94.567474, 39.1375462 ], [ -94.5673412, 39.1378963 ], [ -94.5670378, 39.1385112 ], [ -94.5666812, 39.1390525 ], [ -94.5661464, 39.1397645 ], [ -94.5644984, 39.141534 ], [ -94.5620353, 39.1442213 ], [ -94.5617842, 39.1444657 ], [ -94.561204, 39.1450886 ], [ -94.5604349, 39.1458846 ], [ -94.5600921, 39.1464374 ], [ -94.5597944, 39.147186 ], [ -94.559767, 39.147346 ], [ -94.5596585, 39.1480006 ], [ -94.5595706, 39.1574049 ], [ -94.5595237, 39.1624246 ], [ -94.5594028, 39.1633006 ], [ -94.5592816, 39.1640798 ], [ -94.5590328, 39.1650542 ], [ -94.5589151, 39.1654155 ], [ -94.5585926, 39.1663699 ], [ -94.5584331, 39.1667952 ], [ -94.5582042, 39.1675847 ], [ -94.5579001, 39.1683616 ], [ -94.5575208, 39.1691468 ], [ -94.5572173, 39.1696202 ], [ -94.5568227, 39.1700939 ], [ -94.5563146, 39.170626 ], [ -94.5558594, 39.1709877 ], [ -94.5552675, 39.1714141 ], [ -94.5546606, 39.1717493 ], [ -94.5539019, 39.1720905 ], [ -94.5534866, 39.1722158 ], [ -94.5525667, 39.1724933 ], [ -94.551689, 39.172679 ], [ -94.5503401, 39.1728109 ], [ -94.5493197, 39.1728294 ], [ -94.5487128, 39.1728588 ], [ -94.5459699, 39.1729262 ], [ -94.5449272, 39.1729912 ], [ -94.5430799, 39.1731147 ], [ -94.5413919, 39.1732705 ], [ -94.540175, 39.17347 ], [ -94.5389523, 39.1736672 ], [ -94.5379284, 39.1738599 ], [ -94.5371686, 39.1740133 ], [ -94.5368648, 39.1740859 ], [ -94.5365407, 39.1741827 ], [ -94.5356303, 39.1744709 ], [ -94.5347199, 39.1748826 ], [ -94.533844, 39.175327 ], [ -94.5332026, 39.175753 ], [ -94.5269931, 39.1799785 ], [ -94.5264206, 39.1803242 ], [ -94.525641, 39.180795 ], [ -94.5240746, 39.1817656 ], [ -94.5220946, 39.1829447 ], [ -94.5207176, 39.1838738 ], [ -94.518648, 39.185266 ], [ -94.518032, 39.1857996 ], [ -94.5173291, 39.1864638 ], [ -94.516445, 39.1875092 ], [ -94.5148932, 39.1903517 ], [ -94.5144783, 39.1909201 ], [ -94.5135535, 39.1921871 ], [ -94.5089207, 39.197966 ], [ -94.5071073, 39.2002382 ], [ -94.506296, 39.2009625 ], [ -94.5059421, 39.2012463 ], [ -94.5047523, 39.2019953 ], [ -94.5035466, 39.2025687 ], [ -94.4978714, 39.2047897 ], [ -94.4974547, 39.2049345 ], [ -94.4968539, 39.2050762 ], [ -94.4960891, 39.2052876 ], [ -94.4923786, 39.2061266 ], [ -94.4908401, 39.2064933 ], [ -94.4890158, 39.2071197 ], [ -94.4878031, 39.2076201 ], [ -94.4856523, 39.2087284 ], [ -94.484456, 39.2094807 ], [ -94.4837886, 39.2098929 ], [ -94.4828555, 39.2104542 ], [ -94.47993, 39.2122818 ], [ -94.4791474, 39.2127727 ], [ -94.4783791, 39.2132245 ], [ -94.4772563, 39.213956 ], [ -94.4765267, 39.214502 ], [ -94.4762001, 39.2148235 ], [ -94.4756793, 39.2154271 ], [ -94.4754673, 39.2157186 ], [ -94.4752704, 39.2160214 ], [ -94.4749484, 39.2164852 ], [ -94.4744408, 39.2172058 ], [ -94.4739943, 39.2178365 ], [ -94.4730901, 39.21912 ], [ -94.4727127, 39.2196706 ], [ -94.4721423, 39.2204854 ], [ -94.4715618, 39.2213755 ], [ -94.4704543, 39.2233101 ], [ -94.4700409, 39.2239571 ], [ -94.4697044, 39.224391 ], [ -94.4686777, 39.2259135 ], [ -94.4680643, 39.2268058 ], [ -94.4590927, 39.2398554 ], [ -94.45854, 39.2406592 ], [ -94.4577208, 39.2418641 ], [ -94.454338, 39.246843 ], [ -94.4535413, 39.2479129 ], [ -94.4510756, 39.2515593 ], [ -94.4503832, 39.2526929 ], [ -94.4501059, 39.2532928 ], [ -94.4499402, 39.2537413 ], [ -94.4497701, 39.2543491 ], [ -94.449697, 39.2547777 ], [ -94.4494162, 39.2587356 ], [ -94.4490914, 39.2602515 ], [ -94.4488311, 39.2610456 ], [ -94.448516, 39.2618491 ], [ -94.448123, 39.262735 ], [ -94.4474313, 39.2638279 ], [ -94.4467457, 39.2646033 ], [ -94.4466049, 39.2647459 ], [ -94.4455325, 39.265629 ], [ -94.444734, 39.2661424 ], [ -94.4437326, 39.2666418 ], [ -94.4429647, 39.2669089 ], [ -94.4419553, 39.2672599 ], [ -94.4402366, 39.2678327 ], [ -94.4388292, 39.2684089 ], [ -94.4375374, 39.2690515 ], [ -94.4294403, 39.2739799 ], [ -94.4262239, 39.2759582 ], [ -94.4226667, 39.278146 ], [ -94.4225036, 39.2782463 ], [ -94.4215962, 39.2788044 ], [ -94.4204496, 39.2796481 ], [ -94.419467, 39.2805848 ], [ -94.4190432, 39.2810416 ], [ -94.4185068, 39.2817309 ], [ -94.4181903, 39.2821959 ], [ -94.4178362, 39.2827565 ], [ -94.4162372, 39.2857933 ], [ -94.4159836, 39.2862794 ], [ -94.414073, 39.289847 ], [ -94.4132569, 39.2913672 ], [ -94.411203, 39.295193 ], [ -94.411035, 39.295506 ], [ -94.4104915, 39.2965182 ], [ -94.40719, 39.302667 ], [ -94.4007841, 39.3146073 ], [ -94.3984592, 39.3189272 ], [ -94.3930847, 39.3289204 ], [ -94.3843884, 39.3451222 ], [ -94.3839116, 39.3460126 ], [ -94.382336, 39.3489432 ], [ -94.381692, 39.350141 ], [ -94.3814111, 39.3506715 ], [ -94.38009, 39.353122 ], [ -94.380019, 39.353254 ], [ -94.3799399, 39.3533999 ], [ -94.379936, 39.353407 ], [ -94.3784171, 39.3562557 ], [ -94.376829, 39.359187 ], [ -94.376492, 39.359816 ], [ -94.376161, 39.360423 ], [ -94.376155, 39.360434 ], [ -94.374968, 39.362614 ], [ -94.3742393, 39.3639842 ], [ -94.373188, 39.365961 ], [ -94.37259, 39.367085 ], [ -94.3722959, 39.367625 ], [ -94.372021, 39.368114 ], [ -94.370648, 39.370624 ], [ -94.370074, 39.371672 ], [ -94.368112, 39.375327 ], [ -94.3657106, 39.3797994 ], [ -94.3653932, 39.3803899 ], [ -94.362529, 39.385716 ], [ -94.3610617, 39.3884416 ], [ -94.3608076, 39.3889137 ], [ -94.358695, 39.3928401 ], [ -94.358433, 39.393327 ], [ -94.35557, 39.398647 ], [ -94.353117, 39.403199 ], [ -94.3482175, 39.4121128 ], [ -94.3479646, 39.412563 ], [ -94.33218, 39.440649 ], [ -94.330764, 39.443163 ], [ -94.3257369, 39.4518928 ], [ -94.323396, 39.455596 ], [ -94.3223338, 39.4573419 ], [ -94.318937, 39.4626675 ], [ -94.3128244, 39.4723561 ], [ -94.3097197, 39.4773015 ], [ -94.29728, 39.496952 ], [ -94.2872474, 39.5126973 ], [ -94.2870114, 39.5131029 ], [ -94.2869147, 39.5132551 ], [ -94.2827701, 39.5197797 ], [ -94.2822122, 39.5208102 ], [ -94.2816156, 39.5221196 ], [ -94.2792047, 39.5281041 ], [ -94.2704588, 39.5498281 ], [ -94.2684014, 39.5549443 ], [ -94.2675321, 39.5571429 ], [ -94.2670978, 39.5581827 ] ], [ [ -94.2670978, 39.5581827 ], [ -94.2672075, 39.5580326 ], [ -94.2673584, 39.5578374 ], [ -94.2677035, 39.557383 ], [ -94.2678518, 39.5571731 ], [ -94.2686604, 39.5551637 ], [ -94.270837, 39.5497579 ], [ -94.2795233, 39.52811 ], [ -94.2819277, 39.5221474 ], [ -94.2825223, 39.5208422 ], [ -94.2830598, 39.5198818 ], [ -94.2872581, 39.5132436 ], [ -94.2875371, 39.5128215 ], [ -94.2975176, 39.4970547 ], [ -94.3049816, 39.4853036 ], [ -94.307893, 39.480714 ], [ -94.3192099, 39.4627857 ], [ -94.3223308, 39.457908 ], [ -94.323756, 39.455595 ], [ -94.3260042, 39.4520191 ], [ -94.329773, 39.445552 ], [ -94.332615, 39.440501 ], [ -94.338695, 39.429702 ], [ -94.343264, 39.421505 ], [ -94.3481788, 39.4127695 ], [ -94.3484577, 39.4122737 ], [ -94.35032, 39.408937 ], [ -94.35276, 39.404438 ], [ -94.355745, 39.398935 ], [ -94.358753, 39.393344 ], [ -94.3589099, 39.3930522 ], [ -94.3589729, 39.3929351 ], [ -94.3610821, 39.3890132 ], [ -94.3613437, 39.3885275 ], [ -94.362922, 39.385599 ], [ -94.3655579, 39.3806995 ], [ -94.3658758, 39.3801091 ], [ -94.36845, 39.37534 ], [ -94.3703, 39.371911 ], [ -94.3707739, 39.3710339 ], [ -94.371238, 39.370234 ], [ -94.3723873, 39.3680686 ], [ -94.3726318, 39.3676187 ], [ -94.372921, 39.367086 ], [ -94.373577, 39.365853 ], [ -94.374905, 39.36337 ], [ -94.3754956, 39.3622793 ], [ -94.376492, 39.360439 ], [ -94.377176, 39.359175 ], [ -94.3787379, 39.3562907 ], [ -94.378833, 39.356115 ], [ -94.3802782, 39.3534126 ], [ -94.380365, 39.35325 ], [ -94.380437, 39.353116 ], [ -94.3813451, 39.3514247 ], [ -94.3817369, 39.350695 ], [ -94.3842705, 39.3459763 ], [ -94.3847264, 39.3451343 ], [ -94.3868191, 39.3411769 ], [ -94.3885572, 39.3379491 ], [ -94.3933476, 39.32902 ], [ -94.3981696, 39.3200824 ], [ -94.4004729, 39.3157891 ], [ -94.4027246, 39.3115692 ], [ -94.4036419, 39.3098799 ], [ -94.4074936, 39.3026741 ], [ -94.4082339, 39.3012876 ], [ -94.4107498, 39.2966017 ], [ -94.4107659, 39.2965718 ], [ -94.4134199, 39.2916612 ], [ -94.4138, 39.2909579 ], [ -94.4140543, 39.2904874 ], [ -94.4161464, 39.2866077 ], [ -94.4163931, 39.286151 ], [ -94.4180025, 39.2830596 ], [ -94.4182278, 39.2826734 ], [ -94.4185443, 39.2821752 ], [ -94.418995, 39.2815482 ], [ -94.4194938, 39.2809669 ], [ -94.4198701, 39.2805929 ], [ -94.4206286, 39.279863 ], [ -94.4212793, 39.2793395 ], [ -94.4222618, 39.2786877 ], [ -94.4231761, 39.2781378 ], [ -94.4253332, 39.2768289 ], [ -94.4363551, 39.2700626 ], [ -94.4389805, 39.2685991 ], [ -94.4405585, 39.268 ], [ -94.442969, 39.267214 ], [ -94.4444427, 39.2665551 ], [ -94.4454138, 39.266003 ], [ -94.4463393, 39.2653158 ], [ -94.4470373, 39.2646814 ], [ -94.4476973, 39.2639355 ], [ -94.448446, 39.262783 ], [ -94.4488049, 39.2620265 ], [ -94.4492338, 39.2609191 ], [ -94.4496849, 39.2593773 ], [ -94.4498728, 39.257951 ], [ -94.4499341, 39.2571709 ], [ -94.4501902, 39.2541689 ], [ -94.4503198, 39.2536196 ], [ -94.450474, 39.2531758 ], [ -94.4506529, 39.2527512 ], [ -94.450922, 39.252248 ], [ -94.4514147, 39.2514634 ], [ -94.4532957, 39.24873 ], [ -94.4543756, 39.2471607 ], [ -94.4579822, 39.2419097 ], [ -94.4687124, 39.2262842 ], [ -94.4691002, 39.2257194 ], [ -94.4697516, 39.2247455 ], [ -94.4705593, 39.2235535 ], [ -94.4709719, 39.2228896 ], [ -94.4718541, 39.2213648 ], [ -94.4728438, 39.2199008 ], [ -94.4731029, 39.2195276 ], [ -94.4731185, 39.2195052 ], [ -94.4751638, 39.2165653 ], [ -94.4755241, 39.2160785 ], [ -94.4762194, 39.2151009 ], [ -94.4768083, 39.2145101 ], [ -94.4771847, 39.2141632 ], [ -94.4774427, 39.2139722 ], [ -94.4782005, 39.2135118 ], [ -94.4788329, 39.2131297 ], [ -94.4838842, 39.210036 ], [ -94.4845978, 39.2096072 ], [ -94.4875438, 39.2079045 ], [ -94.4881479, 39.2076394 ], [ -94.4899949, 39.2069661 ], [ -94.4923164, 39.2062607 ], [ -94.4954344, 39.2055905 ], [ -94.4972687, 39.2051448 ], [ -94.4977716, 39.205004 ], [ -94.5020422, 39.2033801 ], [ -94.5044615, 39.2023577 ], [ -94.5053998, 39.2018613 ], [ -94.5060112, 39.2014248 ], [ -94.5063867, 39.2011297 ], [ -94.50754, 39.200053 ], [ -94.5107391, 39.1960009 ], [ -94.5124864, 39.1938239 ], [ -94.5145103, 39.1913022 ], [ -94.5152797, 39.1899736 ], [ -94.5160253, 39.1886307 ], [ -94.5166047, 39.1878199 ], [ -94.5169239, 39.1875212 ], [ -94.5180209, 39.1865226 ], [ -94.518875, 39.185674 ], [ -94.5207407, 39.1840415 ], [ -94.5229228, 39.1826403 ], [ -94.526496, 39.1804821 ], [ -94.527153, 39.180074 ], [ -94.5292802, 39.1786356 ], [ -94.5314272, 39.177183 ], [ -94.53402, 39.175445 ], [ -94.5353369, 39.1747466 ], [ -94.5366513, 39.1743243 ], [ -94.5369627, 39.1742329 ], [ -94.5372118, 39.174172 ], [ -94.5375572, 39.1740978 ], [ -94.5378543, 39.1740268 ], [ -94.5391361, 39.173798 ], [ -94.5397789, 39.173708 ], [ -94.540516, 39.173583 ], [ -94.5421268, 39.1733704 ], [ -94.545637, 39.173116 ], [ -94.5487322, 39.1730149 ], [ -94.5493384, 39.1730065 ], [ -94.5512213, 39.1729109 ], [ -94.5522386, 39.17279 ], [ -94.5532364, 39.1725487 ], [ -94.5533481, 39.1725105 ], [ -94.5543822, 39.1721569 ], [ -94.5554841, 39.1715881 ], [ -94.5561761, 39.1711472 ], [ -94.5568252, 39.1706399 ], [ -94.5572025, 39.1702928 ], [ -94.5576456, 39.1698284 ], [ -94.5578671, 39.1695584 ], [ -94.5582414, 39.1689597 ], [ -94.5586759, 39.168157 ], [ -94.5589885, 39.167329 ], [ -94.559086, 39.1667573 ], [ -94.5591396, 39.1664246 ], [ -94.5592356, 39.1658638 ], [ -94.5593163, 39.1653925 ], [ -94.5595929, 39.1636941 ], [ -94.5597033, 39.1628973 ], [ -94.5597221, 39.1625679 ], [ -94.5597355, 39.1622039 ], [ -94.5598035, 39.1557 ], [ -94.5598776, 39.1486056 ], [ -94.5598776, 39.1484122 ], [ -94.5599098, 39.1478256 ], [ -94.5599581, 39.1475731 ], [ -94.5600117, 39.1473401 ], [ -94.5600842, 39.1471134 ], [ -94.5601619, 39.146897 ], [ -94.5602478, 39.1466911 ], [ -94.560406, 39.1464165 ], [ -94.5607118, 39.1459651 ], [ -94.5613228, 39.1452963 ], [ -94.5615191, 39.1450603 ], [ -94.5621362, 39.1444171 ], [ -94.563987, 39.1423917 ], [ -94.5662883, 39.1399029 ], [ -94.5665994, 39.1395077 ], [ -94.5669374, 39.1390292 ], [ -94.567136, 39.1387334 ], [ -94.5672701, 39.1384713 ], [ -94.567415, 39.1381925 ], [ -94.5675437, 39.1379263 ], [ -94.5676564, 39.1375767 ], [ -94.5677905, 39.1371357 ], [ -94.5678978, 39.1366863 ], [ -94.5679407, 39.1362786 ], [ -94.5679836, 39.1357501 ], [ -94.5679782, 39.1352508 ], [ -94.5679889, 39.1343479 ], [ -94.5680748, 39.1304905 ], [ -94.5680748, 39.1301826 ], [ -94.5680962, 39.1296083 ], [ -94.5681231, 39.1293295 ], [ -94.5681123, 39.1290466 ], [ -94.5681016, 39.1287802 ], [ -94.568048, 39.128464 ], [ -94.5679943, 39.1281061 ], [ -94.5678656, 39.1276442 ], [ -94.5677046, 39.1271614 ], [ -94.5672372, 39.1260977 ], [ -94.5670202, 39.1255401 ], [ -94.5649049, 39.1210101 ], [ -94.5648494, 39.1208442 ], [ -94.5647248, 39.1204092 ], [ -94.5646283, 39.1199597 ], [ -94.5645907, 39.1196059 ], [ -94.5645908, 39.119038 ], [ -94.5645969, 39.1184066 ], [ -94.5646176, 39.1178288 ], [ -94.5646914, 39.1161398 ], [ -94.5647787, 39.1139161 ], [ -94.5648375, 39.11288 ], [ -94.5648536, 39.112368 ], [ -94.5648865, 39.1118868 ], [ -94.5649609, 39.1116813 ], [ -94.5650682, 39.111315 ], [ -94.565213, 39.1109612 ], [ -94.5654544, 39.1104492 ], [ -94.5657387, 39.1100538 ], [ -94.5659962, 39.1097666 ], [ -94.5665338, 39.1092901 ], [ -94.5666388, 39.1092166 ], [ -94.5672933, 39.1087585 ], [ -94.5677868, 39.1083963 ], [ -94.5695185, 39.1071109 ], [ -94.5700508, 39.1068034 ], [ -94.5704142, 39.1067027 ], [ -94.5708704, 39.1066062 ], [ -94.5712586, 39.1065818 ], [ -94.5715356, 39.1065985 ], [ -94.5733872, 39.1066086 ], [ -94.5738073, 39.1066161 ], [ -94.5741537, 39.1066236 ], [ -94.574485, 39.1066308 ], [ -94.5748163, 39.106638 ], [ -94.5802055, 39.10681 ], [ -94.5803101, 39.1068134 ], [ -94.5807221, 39.1068265 ], [ -94.5812662, 39.1068381 ], [ -94.585316, 39.1069548 ], [ -94.5855798, 39.1069587 ], [ -94.5873214, 39.1070113 ], [ -94.5874303, 39.1070146 ], [ -94.5879488, 39.1070094 ], [ -94.5882252, 39.1070578 ], [ -94.5884846, 39.1070655 ], [ -94.5887118, 39.1070794 ], [ -94.5889659, 39.1071069 ], [ -94.5892596, 39.1071642 ], [ -94.5894331, 39.107199 ], [ -94.5896251, 39.1072268 ], [ -94.5897912, 39.1072411 ], [ -94.5899605, 39.1072385 ], [ -94.5900934, 39.1072286 ], [ -94.5902212, 39.1072092 ], [ -94.5903321, 39.1071853 ], [ -94.5904776, 39.107144 ], [ -94.5906126, 39.107118 ], [ -94.5907624, 39.1070401 ], [ -94.5911209, 39.1068716 ], [ -94.5913245, 39.1067815 ], [ -94.5915045, 39.1066847 ], [ -94.5916455, 39.1066004 ], [ -94.5921023, 39.1062955 ], [ -94.5922174, 39.1061919 ], [ -94.5923725, 39.1060499 ], [ -94.5924873, 39.105944 ], [ -94.5926441, 39.1057753 ], [ -94.5927917, 39.1055942 ], [ -94.5929432, 39.1053808 ], [ -94.5930947, 39.1051394 ], [ -94.5932302, 39.1048719 ], [ -94.5933254, 39.1046368 ], [ -94.5933723, 39.1044942 ], [ -94.5935508, 39.1037938 ], [ -94.59378, 39.1029108 ], [ -94.5938384, 39.1027207 ], [ -94.5940203, 39.1020921 ], [ -94.5940733, 39.1018742 ], [ -94.5940996, 39.1017504 ], [ -94.5941141, 39.1016511 ], [ -94.5941251, 39.1015525 ], [ -94.5941335, 39.1014513 ], [ -94.5941387, 39.1013325 ], [ -94.5941388, 39.1012116 ], [ -94.59413, 39.1010692 ], [ -94.5941179, 39.1009526 ], [ -94.5940824, 39.1007658 ], [ -94.5940523, 39.1006369 ], [ -94.5940221, 39.100516 ], [ -94.5939636, 39.1003262 ], [ -94.5939, 39.1001424 ], [ -94.5938108, 39.0999197 ], [ -94.5937062, 39.0996975 ], [ -94.5935956, 39.0994898 ], [ -94.5934795, 39.099291 ], [ -94.5933516, 39.0990954 ], [ -94.5932121, 39.0988988 ], [ -94.5929304, 39.0985016 ], [ -94.5924928, 39.0978831 ], [ -94.5923055, 39.0975899 ], [ -94.5919891, 39.0971019 ], [ -94.5918194, 39.0968407 ], [ -94.591674, 39.0965998 ], [ -94.59161, 39.0964781 ], [ -94.5915535, 39.0963621 ], [ -94.5915058, 39.0962549 ], [ -94.5914621, 39.0961422 ], [ -94.591421, 39.0960275 ], [ -94.5913839, 39.0959102 ], [ -94.591307, 39.095636 ], [ -94.5912492, 39.0952463 ], [ -94.5912171, 39.0950621 ], [ -94.5911763, 39.0949611 ], [ -94.5910716, 39.0939181 ], [ -94.591014, 39.0931964 ], [ -94.5910039, 39.0930485 ], [ -94.5909962, 39.0928644 ], [ -94.590996, 39.0925781 ], [ -94.5909875, 39.0921263 ], [ -94.5909942, 39.0918453 ], [ -94.5910278, 39.0915215 ], [ -94.5910841, 39.091202 ], [ -94.5913263, 39.0901785 ], [ -94.5914611, 39.0896088 ], [ -94.592654, 39.084861 ], [ -94.5935132, 39.0818942 ], [ -94.5936867, 39.0812259 ], [ -94.5940304, 39.0801914 ], [ -94.5940765, 39.0800444 ], [ -94.5942456, 39.0795055 ], [ -94.5943575, 39.0791255 ], [ -94.5944199, 39.0789911 ], [ -94.594531, 39.0787825 ], [ -94.594756, 39.0783902 ], [ -94.5948454, 39.0782523 ], [ -94.5949694, 39.0780889 ], [ -94.5951015, 39.0779301 ], [ -94.5952638, 39.0777567 ], [ -94.5954469, 39.0775798 ], [ -94.595632, 39.0774163 ], [ -94.5958177, 39.0772732 ], [ -94.5962582, 39.076964 ], [ -94.5966767, 39.0767089 ], [ -94.5971487, 39.0764595 ], [ -94.5975028, 39.0763003 ], [ -94.5980164, 39.0760946 ], [ -94.598282, 39.076002 ], [ -94.598741, 39.075889 ], [ -94.598904, 39.075866 ], [ -94.599306, 39.075809 ], [ -94.599797, 39.075784 ], [ -94.600285, 39.075805 ], [ -94.600827, 39.075863 ], [ -94.6013355, 39.0759314 ], [ -94.6035158, 39.076323 ], [ -94.604108, 39.0763963 ], [ -94.6049316, 39.0764107 ], [ -94.6053381, 39.0763803 ], [ -94.6055558, 39.0763493 ], [ -94.6060594, 39.0762487 ], [ -94.6071874, 39.0759923 ], [ -94.6079009, 39.0758357 ], [ -94.6088087, 39.0756299 ], [ -94.6108752, 39.075167 ], [ -94.6117271, 39.0749696 ], [ -94.614986, 39.0742294 ], [ -94.615391, 39.074118 ], [ -94.6157397, 39.0740055 ], [ -94.6161984, 39.0738202 ], [ -94.6166007, 39.073639 ], [ -94.6168616, 39.0735068 ], [ -94.6169675, 39.0734553 ], [ -94.6170682, 39.0734064 ], [ -94.6173172, 39.0732584 ], [ -94.6176842, 39.072999 ], [ -94.6178881, 39.0728262 ], [ -94.6179626, 39.0727525 ], [ -94.6182758, 39.0724511 ], [ -94.618548, 39.0721637 ], [ -94.6186928, 39.0719867 ], [ -94.6188719, 39.0717598 ], [ -94.6190462, 39.0715001 ], [ -94.6192575, 39.0711205 ], [ -94.6193527, 39.070931 ], [ -94.6194358, 39.0707311 ], [ -94.6195833, 39.0702906 ], [ -94.6196866, 39.0698658 ], [ -94.6198153, 39.0692995 ], [ -94.6198595, 39.0691166 ], [ -94.6199218, 39.0688607 ], [ -94.6200098, 39.0685612 ], [ -94.6201158, 39.0682426 ], [ -94.6202566, 39.0679208 ], [ -94.6204148, 39.0676366 ], [ -94.6205878, 39.0673242 ], [ -94.6207675, 39.0670608 ], [ -94.6209836, 39.0667879 ], [ -94.6212069, 39.0665219 ], [ -94.6214486, 39.0662643 ], [ -94.6217177, 39.0660092 ], [ -94.6220831, 39.0657025 ], [ -94.6228248, 39.0651386 ], [ -94.6235777, 39.0645708 ], [ -94.6243336, 39.0639716 ], [ -94.6245159, 39.0638058 ], [ -94.6247826, 39.0635547 ], [ -94.6250351, 39.0633035 ], [ -94.6255251, 39.0627835 ], [ -94.6261969, 39.062074 ], [ -94.627178, 39.0610202 ], [ -94.6274033, 39.0607609 ], [ -94.6275589, 39.0605579 ], [ -94.6277466, 39.0602538 ], [ -94.6278512, 39.0600445 ], [ -94.6279652, 39.0597842 ], [ -94.6280444, 39.0595613 ], [ -94.6281007, 39.0593614 ], [ -94.6281664, 39.0590833 ], [ -94.628322, 39.0584679 ], [ -94.6283931, 39.0581836 ], [ -94.6284775, 39.0579274 ], [ -94.6285848, 39.0576858 ], [ -94.6287216, 39.0574244 ], [ -94.6288638, 39.0571984 ], [ -94.6290382, 39.056954 ], [ -94.6291414, 39.0568308 ], [ -94.6293365, 39.0566267 ], [ -94.6295659, 39.0564195 ], [ -94.6297932, 39.0562398 ], [ -94.6300451, 39.0560618 ], [ -94.6303672, 39.0558748 ], [ -94.6316904, 39.0551821 ], [ -94.6320183, 39.0550115 ], [ -94.6328589, 39.0545741 ], [ -94.6336536, 39.0541607 ], [ -94.6367871, 39.0525271 ], [ -94.6371298, 39.0523417 ], [ -94.6374093, 39.0521767 ], [ -94.637664, 39.0520084 ], [ -94.6379082, 39.0518455 ], [ -94.6381531, 39.0516699 ], [ -94.6383615, 39.051507 ], [ -94.6386143, 39.0512987 ], [ -94.6388439, 39.0510948 ], [ -94.639126, 39.0508259 ], [ -94.6397764, 39.0501708 ], [ -94.6399882, 39.0499677 ], [ -94.6401586, 39.0498177 ], [ -94.6404394, 39.0496131 ], [ -94.6407031, 39.0494407 ], [ -94.6409203, 39.0493115 ], [ -94.6411912, 39.0491782 ], [ -94.6414286, 39.0490793 ], [ -94.641737, 39.0489585 ], [ -94.6420147, 39.048872 ], [ -94.6423602, 39.0487827 ], [ -94.6434609, 39.04851 ], [ -94.6458663, 39.0478961 ], [ -94.6465422, 39.0477232 ], [ -94.6482267, 39.047308 ], [ -94.6493911, 39.0470178 ], [ -94.6501824, 39.0468131 ], [ -94.6517229, 39.0464276 ], [ -94.6525007, 39.0462286 ], [ -94.6532217, 39.046022 ], [ -94.6537688, 39.045837 ], [ -94.6543059, 39.0456474 ], [ -94.6547203, 39.0454933 ], [ -94.6574935, 39.0444646 ], [ -94.6579907, 39.044298 ], [ -94.6587618, 39.0440502 ], [ -94.6590199, 39.0439757 ], [ -94.6594498, 39.0438543 ], [ -94.6600351, 39.0436955 ], [ -94.661344, 39.0433539 ], [ -94.6637245, 39.0427362 ], [ -94.6645312, 39.042543 ], [ -94.6653807, 39.0423518 ], [ -94.6657348, 39.0423039 ], [ -94.6663316, 39.0422341 ], [ -94.6672609, 39.0421508 ], [ -94.6679271, 39.042097 ], [ -94.6685028, 39.0420529 ], [ -94.6693182, 39.0419883 ], [ -94.6699566, 39.0419206 ], [ -94.6705225, 39.0418373 ], [ -94.6710214, 39.0417508 ], [ -94.6715659, 39.0416331 ], [ -94.6718609, 39.0415602 ], [ -94.6723339, 39.0414412 ], [ -94.6729097, 39.0412816 ], [ -94.673371, 39.0411446 ], [ -94.674004, 39.0409717 ], [ -94.675549, 39.0405394 ], [ -94.6759164, 39.0404342 ], [ -94.676363, 39.0402926 ], [ -94.6769156, 39.0401061 ], [ -94.6773876, 39.0399415 ], [ -94.6779133, 39.039754 ], [ -94.6788357, 39.0393622 ], [ -94.6790305, 39.039279 ], [ -94.6793306, 39.0391367 ], [ -94.6797158, 39.0389447 ], [ -94.6801096, 39.0387445 ], [ -94.6804504, 39.038562 ], [ -94.6808946, 39.0383051 ], [ -94.6812835, 39.0380707 ], [ -94.6819836, 39.0376478 ], [ -94.6827073, 39.0372257 ], [ -94.6840811, 39.036379 ], [ -94.6845505, 39.0360905 ], [ -94.6848814, 39.0358536 ], [ -94.6850963, 39.0356811 ], [ -94.685332, 39.0354734 ], [ -94.6855456, 39.0352665 ], [ -94.6857745, 39.0350212 ], [ -94.6858766, 39.0348939 ], [ -94.6869376, 39.0336486 ], [ -94.6881335, 39.0322473 ], [ -94.6885765, 39.0317079 ], [ -94.6887854, 39.0314241 ], [ -94.689012, 39.0310866 ], [ -94.6891142, 39.030914 ], [ -94.6893405, 39.0304834 ], [ -94.6894911, 39.0301681 ], [ -94.6896141, 39.0298583 ], [ -94.6906444, 39.0270656 ], [ -94.6907973, 39.026652 ], [ -94.6909324, 39.0262766 ], [ -94.6910307, 39.0259561 ], [ -94.6911165, 39.0256362 ], [ -94.6912327, 39.0252414 ], [ -94.6913347, 39.0247549 ], [ -94.6915529, 39.0235689 ], [ -94.6916355, 39.0230721 ], [ -94.6917512, 39.0225681 ], [ -94.6919322, 39.0218642 ], [ -94.6924387, 39.0203325 ], [ -94.6926567, 39.0196163 ], [ -94.6927814, 39.0191022 ], [ -94.692876, 39.0186657 ], [ -94.692937, 39.0183677 ], [ -94.6930303, 39.0179125 ], [ -94.6930947, 39.0175251 ], [ -94.6931471, 39.017106 ], [ -94.6931134, 39.0165777 ], [ -94.6932435, 39.0146172 ], [ -94.6933427, 39.0137153 ], [ -94.6934958, 39.0126141 ], [ -94.6937959, 39.0095576 ], [ -94.6939739, 39.0079844 ], [ -94.6940536, 39.0072876 ], [ -94.694254, 39.0055268 ], [ -94.6942963, 39.0051493 ], [ -94.6943754, 39.0044573 ], [ -94.6945015, 39.0033714 ], [ -94.6950659, 38.9988172 ], [ -94.6951379, 38.998347 ], [ -94.695246, 38.9978459 ], [ -94.695404, 38.9972553 ], [ -94.6955523, 38.9968155 ], [ -94.6957208, 38.9964112 ], [ -94.695997, 38.9958439 ], [ -94.6961955, 38.9954346 ], [ -94.6964675, 38.9949146 ], [ -94.6967599, 38.9944881 ], [ -94.6969332, 38.9942608 ], [ -94.6972293, 38.9939001 ], [ -94.6975089, 38.9935835 ], [ -94.7005363, 38.9904158 ], [ -94.7036219, 38.9871955 ], [ -94.7063007, 38.9843959 ], [ -94.7078855, 38.9827367 ], [ -94.7091034, 38.9814633 ], [ -94.7100247, 38.9804948 ], [ -94.71196, 38.9784692 ], [ -94.7135607, 38.9768158 ], [ -94.7147702, 38.975531 ], [ -94.7158425, 38.9744136 ], [ -94.7185945, 38.9715293 ], [ -94.7193162, 38.9707748 ], [ -94.7226817, 38.9672512 ], [ -94.7240661, 38.9657969 ], [ -94.7290585, 38.9605692 ], [ -94.7305425, 38.9590174 ], [ -94.731642, 38.9578643 ], [ -94.7321876, 38.9572908 ], [ -94.7330073, 38.956397 ], [ -94.7337859, 38.9555272 ], [ -94.7348977, 38.9542112 ], [ -94.736537, 38.9522922 ], [ -94.7382, 38.9503512 ], [ -94.7418054, 38.9461467 ], [ -94.7425854, 38.9452285 ], [ -94.7428838, 38.944889 ], [ -94.7437954, 38.9438165 ], [ -94.7470929, 38.9399552 ], [ -94.748083, 38.9387958 ], [ -94.7525591, 38.9337169 ], [ -94.7538883, 38.9321533 ], [ -94.7546249, 38.9313081 ], [ -94.7558878, 38.929782 ], [ -94.7574234, 38.9280053 ], [ -94.7595195, 38.9255379 ], [ -94.7618987, 38.9227469 ], [ -94.7630611, 38.9213743 ], [ -94.7639783, 38.9202966 ], [ -94.7645859, 38.9195926 ], [ -94.7652928, 38.9187699 ], [ -94.7658238, 38.9181747 ], [ -94.7663732, 38.9175372 ], [ -94.766854, 38.9170374 ], [ -94.7673391, 38.9165443 ], [ -94.7679631, 38.9159135 ], [ -94.7683963, 38.9154826 ], [ -94.7687356, 38.9151602 ], [ -94.7691903, 38.9147302 ], [ -94.7696234, 38.9143254 ], [ -94.7701451, 38.9138516 ], [ -94.7709914, 38.9130836 ], [ -94.7715519, 38.9125931 ], [ -94.7722653, 38.912002 ], [ -94.7729641, 38.9114244 ], [ -94.773672, 38.910857 ], [ -94.7747733, 38.9099645 ], [ -94.7753547, 38.9094784 ], [ -94.776033, 38.9089268 ], [ -94.7765945, 38.9083928 ], [ -94.7772696, 38.9077693 ], [ -94.7776379, 38.9074213 ], [ -94.7781864, 38.9068922 ], [ -94.7792375, 38.905833 ], [ -94.7801605, 38.9048383 ], [ -94.7816053, 38.9032491 ], [ -94.7821499, 38.9026294 ], [ -94.782526, 38.9021937 ], [ -94.7829786, 38.9016352 ], [ -94.783233, 38.901317 ], [ -94.7835241, 38.9009381 ], [ -94.7839185, 38.9004014 ], [ -94.7864492, 38.8967971 ], [ -94.7870282, 38.8959593 ], [ -94.7872746, 38.8955783 ], [ -94.7875069, 38.8951874 ], [ -94.7877391, 38.894777 ], [ -94.7879631, 38.8943335 ], [ -94.7881625, 38.8939103 ], [ -94.7883875, 38.8933776 ], [ -94.7885585, 38.8929337 ], [ -94.7886805, 38.8925554 ], [ -94.7902986, 38.8873598 ], [ -94.7920887, 38.881586 ], [ -94.7926359, 38.8798117 ], [ -94.7940244, 38.8753 ], [ -94.794293, 38.8744349 ], [ -94.7943977, 38.8741269 ], [ -94.7944647, 38.8739546 ], [ -94.7945291, 38.8738032 ], [ -94.7946846, 38.8734597 ], [ -94.7948523, 38.8731402 ], [ -94.7950809, 38.8727696 ], [ -94.795437, 38.8722695 ], [ -94.7956797, 38.8719727 ], [ -94.7958396, 38.8717905 ], [ -94.7960673, 38.8715459 ], [ -94.7964181, 38.8712097 ], [ -94.7968438, 38.8708359 ], [ -94.7973231, 38.870422 ], [ -94.7993383, 38.868663 ], [ -94.8006901, 38.8674973 ], [ -94.8038444, 38.8647629 ], [ -94.8046893, 38.8640696 ], [ -94.8050769, 38.8637636 ], [ -94.8057179, 38.8632603 ], [ -94.8060862, 38.8629697 ], [ -94.8072374, 38.8620569 ], [ -94.8093818, 38.8603614 ], [ -94.8109782, 38.859113 ], [ -94.8123041, 38.8580608 ], [ -94.8126917, 38.8577496 ], [ -94.8136722, 38.8569764 ], [ -94.8153873, 38.8556129 ], [ -94.8167311, 38.8545497 ], [ -94.8200826, 38.8518983 ], [ -94.8219144, 38.8504431 ], [ -94.8232904, 38.8493527 ], [ -94.825014, 38.8479896 ], [ -94.8262113, 38.8470434 ], [ -94.8275348, 38.8459946 ], [ -94.8277075, 38.8458547 ], [ -94.8283544, 38.8453398 ], [ -94.8287451, 38.8450422 ], [ -94.8290665, 38.8448019 ], [ -94.8296084, 38.8444196 ], [ -94.8301435, 38.8440488 ], [ -94.8307416, 38.8436581 ], [ -94.8314322, 38.8432327 ], [ -94.8322946, 38.8427076 ], [ -94.833456, 38.8420286 ], [ -94.8350184, 38.8411314 ], [ -94.8363896, 38.8403406 ], [ -94.8366277, 38.8402038 ], [ -94.837077, 38.8399479 ], [ -94.8374511, 38.8397181 ], [ -94.8382023, 38.8392683 ], [ -94.8390993, 38.8387058 ], [ -94.8402916, 38.8379495 ], [ -94.8419049, 38.8369258 ], [ -94.843179, 38.8361152 ], [ -94.8476664, 38.8332679 ], [ -94.8486767, 38.8326271 ], [ -94.8524027, 38.8302544 ], [ -94.8533244, 38.8296485 ], [ -94.8539628, 38.8292056 ], [ -94.8545809, 38.8287543 ], [ -94.864798, 38.821022 ], [ -94.867004, 38.819496 ], [ -94.868558, 38.818544 ], [ -94.8704207, 38.8174822 ], [ -94.8710995, 38.8171444 ], [ -94.871453, 38.8170095 ], [ -94.8717841, 38.8168506 ], [ -94.8722771, 38.8166217 ], [ -94.8729046, 38.8163445 ], [ -94.87349, 38.816077 ], [ -94.8740212, 38.8158377 ], [ -94.8747485, 38.8155105 ], [ -94.875442, 38.8152053 ], [ -94.8762529, 38.8148399 ], [ -94.8768988, 38.8145491 ], [ -94.8776203, 38.8142271 ], [ -94.8789749, 38.8136358 ], [ -94.8794795, 38.8133935 ], [ -94.8855455, 38.8106703 ], [ -94.8865525, 38.810214 ], [ -94.8869766, 38.8100175 ], [ -94.887377, 38.8098188 ], [ -94.8881992, 38.8093999 ], [ -94.8886529, 38.8091622 ], [ -94.8891671, 38.8088782 ], [ -94.8893321, 38.8087925 ], [ -94.8899991, 38.8084012 ], [ -94.8908451, 38.8078988 ], [ -94.8912056, 38.8076778 ], [ -94.8921135, 38.8070749 ], [ -94.8929038, 38.806534 ], [ -94.8946525, 38.8052745 ], [ -94.8961973, 38.8041869 ], [ -94.9041482, 38.7984394 ], [ -94.922172, 38.7854032 ], [ -94.9232177, 38.7846468 ], [ -94.924581, 38.78368 ], [ -94.9310392, 38.7792815 ], [ -94.931999, 38.778628 ], [ -94.9332165, 38.777801 ], [ -94.943806, 38.770608 ], [ -94.945257, 38.769675 ], [ -94.946344, 38.76905 ], [ -94.9505832, 38.7667678 ], [ -94.9582697, 38.7626294 ], [ -94.9587199, 38.7623846 ], [ -94.968899, 38.756913 ], [ -94.969877, 38.7564463 ], [ -94.9742829, 38.7543368 ], [ -94.9759995, 38.7536088 ], [ -94.9770295, 38.7531905 ], [ -94.979508, 38.75215 ], [ -94.980561, 38.75174 ], [ -94.981263, 38.751478 ], [ -94.9818933, 38.7512535 ], [ -94.9826765, 38.7510025 ], [ -94.9830896, 38.7508687 ], [ -94.983906, 38.750611 ], [ -94.984943, 38.750323 ], [ -94.985191, 38.750258 ], [ -94.986693, 38.749891 ], [ -94.991594, 38.748751 ], [ -94.991959, 38.748666 ], [ -94.9934474, 38.7483196 ], [ -94.995366, 38.747873 ], [ -94.9962579, 38.7476589 ], [ -94.99881, 38.747071 ], [ -95.000676, 38.746617 ], [ -95.001216, 38.7464678 ], [ -95.002759, 38.746027 ], [ -95.0048018, 38.7453349 ], [ -95.0052563, 38.745167 ], [ -95.006484, 38.744699 ], [ -95.006741, 38.744593 ], [ -95.00731, 38.744349 ], [ -95.007578, 38.74424 ], [ -95.008045, 38.7440276 ], [ -95.008649, 38.743753 ], [ -95.009486, 38.743349 ], [ -95.010885, 38.74262 ], [ -95.011207, 38.742442 ], [ -95.012382, 38.74177 ], [ -95.01319, 38.74127 ], [ -95.014216, 38.740607 ], [ -95.017445, 38.738382 ], [ -95.017827, 38.738118 ], [ -95.019312, 38.737091 ], [ -95.028522, 38.730746 ], [ -95.0342768, 38.7268132 ], [ -95.0380266, 38.7242143 ], [ -95.0388098, 38.7236786 ], [ -95.0408917, 38.7222442 ], [ -95.0564205, 38.7115436 ], [ -95.0580306, 38.710454 ], [ -95.0592049, 38.7097529 ], [ -95.0602257, 38.7092041 ], [ -95.0615184, 38.7085856 ], [ -95.0626969, 38.7080901 ], [ -95.0636762, 38.7077145 ], [ -95.0646472, 38.7073858 ], [ -95.0655311, 38.7071171 ], [ -95.0665872, 38.7068256 ], [ -95.0681182, 38.7064117 ], [ -95.0693096, 38.7060897 ], [ -95.075565, 38.7043888 ], [ -95.0797396, 38.7032601 ], [ -95.0818057, 38.7027191 ], [ -95.0821406, 38.7026287 ], [ -95.0855893, 38.7016779 ], [ -95.0881662, 38.7009826 ], [ -95.08975, 38.700546 ], [ -95.090995, 38.700194 ], [ -95.092564, 38.699771 ], [ -95.09428, 38.699325 ], [ -95.095321, 38.699039 ], [ -95.095702, 38.698935 ], [ -95.096166, 38.69881 ], [ -95.0967938, 38.6986258 ], [ -95.0972291, 38.6984892 ], [ -95.0980469, 38.6982184 ], [ -95.0988196, 38.6979284 ], [ -95.0992328, 38.6977667 ], [ -95.099865, 38.6975091 ], [ -95.1004403, 38.6972603 ], [ -95.1010416, 38.6969827 ], [ -95.1014922, 38.6967614 ], [ -95.1022001, 38.6963991 ], [ -95.1026927, 38.696128 ], [ -95.1037846, 38.695488 ], [ -95.1050305, 38.6947259 ], [ -95.106324, 38.693951 ], [ -95.10806, 38.692875 ], [ -95.109431, 38.692091 ], [ -95.109616, 38.691989 ], [ -95.110188, 38.691676 ], [ -95.111614, 38.69084 ], [ -95.112621, 38.690206 ], [ -95.114452, 38.689127 ], [ -95.116798, 38.687679 ], [ -95.117572, 38.687266 ], [ -95.117636, 38.687232 ], [ -95.119189, 38.686267 ], [ -95.120956, 38.685243 ], [ -95.12365, 38.683661 ], [ -95.125007, 38.682833 ], [ -95.126271, 38.682094 ], [ -95.127817, 38.681276 ], [ -95.129794, 38.680331 ], [ -95.130292, 38.680118 ], [ -95.131544, 38.679581 ], [ -95.133481, 38.678855 ], [ -95.135162, 38.678208 ], [ -95.136788, 38.677605 ], [ -95.138665, 38.676887 ], [ -95.140543, 38.676191 ], [ -95.14147, 38.675837 ], [ -95.1460951, 38.6741068 ], [ -95.149008, 38.6730095 ], [ -95.1504218, 38.6724686 ], [ -95.159308, 38.669119 ], [ -95.160245, 38.6687529 ], [ -95.1607182, 38.6685779 ], [ -95.1619355, 38.6681225 ], [ -95.166673, 38.6663626 ], [ -95.169009, 38.665429 ], [ -95.175933, 38.662807 ], [ -95.177629, 38.6622 ], [ -95.179538, 38.661473 ], [ -95.181704, 38.660629 ], [ -95.182954, 38.6601298 ], [ -95.1835494, 38.6598743 ], [ -95.1847242, 38.6593172 ], [ -95.1856523, 38.6588774 ], [ -95.1867198, 38.6583202 ], [ -95.1877659, 38.6576877 ], [ -95.18872, 38.657076 ], [ -95.190366, 38.655899 ], [ -95.1914083, 38.6551533 ], [ -95.1958822, 38.6519317 ], [ -95.203488, 38.646434 ], [ -95.204618, 38.645624 ], [ -95.206297, 38.644516 ], [ -95.207382, 38.643893 ], [ -95.2084082, 38.6434226 ], [ -95.2095883, 38.6429366 ], [ -95.2116, 38.6421992 ], [ -95.2124905, 38.6418723 ], [ -95.2185075, 38.6396413 ], [ -95.223207, 38.6379133 ], [ -95.2237828, 38.6376796 ], [ -95.2243721, 38.6374247 ], [ -95.2250048, 38.6371211 ], [ -95.2255443, 38.6368225 ], [ -95.2261865, 38.6364483 ], [ -95.2267239, 38.636099 ], [ -95.2274448, 38.6355897 ], [ -95.2281362, 38.6350055 ], [ -95.2288421, 38.6343688 ], [ -95.2294624, 38.6337142 ], [ -95.2300194, 38.6330286 ], [ -95.2306302, 38.6321604 ], [ -95.2311171, 38.6313128 ], [ -95.2315158, 38.6305106 ], [ -95.2318281, 38.6296478 ], [ -95.2320927, 38.6286101 ], [ -95.2322407, 38.6277413 ], [ -95.2323123, 38.6269684 ], [ -95.2324038, 38.6232957 ], [ -95.2324168, 38.6226587 ], [ -95.2324801, 38.6193683 ], [ -95.23249, 38.618068 ], [ -95.232525, 38.616731 ], [ -95.23264, 38.609969 ], [ -95.232676, 38.608811 ], [ -95.232703, 38.6078 ], [ -95.232727, 38.606826 ], [ -95.232808, 38.605406 ], [ -95.232824, 38.60517 ], [ -95.232897, 38.604093 ], [ -95.233011, 38.602974 ], [ -95.2332235, 38.6006589 ], [ -95.2333649, 38.599031 ], [ -95.2334188, 38.5984586 ], [ -95.2335341, 38.5970369 ], [ -95.233609, 38.596253 ], [ -95.2337296, 38.5954995 ], [ -95.2338942, 38.5947339 ], [ -95.234078, 38.594135 ], [ -95.234206, 38.593722 ], [ -95.234482, 38.592947 ], [ -95.234801, 38.592254 ], [ -95.235248, 38.59139 ], [ -95.2358111, 38.590498 ], [ -95.23601, 38.590195 ], [ -95.23642, 38.589643 ], [ -95.237189, 38.588729 ], [ -95.237381, 38.588528 ], [ -95.237941, 38.587943 ], [ -95.238616, 38.587309 ], [ -95.239495, 38.586594 ], [ -95.240351, 38.586003 ], [ -95.24125, 38.585421 ], [ -95.242075, 38.584943 ], [ -95.243118, 38.584409 ], [ -95.244034, 38.583998 ], [ -95.244451, 38.58384 ], [ -95.246818, 38.582943 ], [ -95.24799, 38.58249 ], [ -95.248566, 38.582277 ], [ -95.248924, 38.582144 ], [ -95.249829, 38.581822 ], [ -95.249959, 38.581776 ], [ -95.255062, 38.5798319 ], [ -95.2586147, 38.5785228 ], [ -95.2602775, 38.5779364 ], [ -95.2608113, 38.577763 ], [ -95.2624007, 38.577238 ], [ -95.2673702, 38.5758118 ], [ -95.2682499, 38.5755677 ], [ -95.2742581, 38.5738574 ], [ -95.2769343, 38.5731056 ], [ -95.2809663, 38.5719688 ], [ -95.2846829, 38.5709552 ], [ -95.2874403, 38.570368 ], [ -95.2905107, 38.569821 ], [ -95.291955, 38.569569 ], [ -95.293846, 38.56924 ], [ -95.294084, 38.569199 ], [ -95.294678, 38.569083 ], [ -95.295451, 38.568933 ], [ -95.297114, 38.568592 ], [ -95.297404, 38.568513 ], [ -95.29899, 38.568079 ], [ -95.300402, 38.567609 ], [ -95.301474, 38.567212 ], [ -95.302466, 38.566816 ], [ -95.305315, 38.56559 ], [ -95.3092305, 38.5639088 ], [ -95.3107433, 38.5632796 ], [ -95.3119771, 38.5627846 ], [ -95.3132753, 38.5623484 ], [ -95.31467, 38.5619289 ], [ -95.316434, 38.561455 ], [ -95.3235535, 38.5596302 ], [ -95.325343, 38.559184 ], [ -95.326379, 38.558929 ], [ -95.328319, 38.558471 ], [ -95.330575, 38.557979 ], [ -95.334082, 38.557363 ], [ -95.336305, 38.557015 ], [ -95.3373157, 38.5568861 ] ], [ [ -94.4928155, 39.1807973 ], [ -94.4927768, 39.1831174 ], [ -94.4927675, 39.1835182 ], [ -94.4925535, 39.1990634 ] ], [ [ -94.2670978, 39.5581827 ], [ -94.2621509, 39.5704837 ], [ -94.261735, 39.5715732 ], [ -94.2615437, 39.5722053 ], [ -94.2612942, 39.573062 ], [ -94.2596595, 39.5788232 ], [ -94.2544994, 39.5967692 ], [ -94.2493961, 39.6146131 ], [ -94.2473039, 39.6218694 ], [ -94.2462418, 39.6255633 ], [ -94.2455873, 39.6277945 ], [ -94.241564, 39.6438484 ], [ -94.2382421, 39.657019 ], [ -94.236357, 39.6646851 ], [ -94.2361989, 39.6652986 ], [ -94.2358426, 39.6667302 ], [ -94.2348234, 39.6706295 ], [ -94.2341718, 39.6734016 ], [ -94.2339841, 39.674116 ], [ -94.2332153, 39.6771981 ] ], [ [ -94.2332153, 39.6771981 ], [ -94.2324552, 39.6802456 ], [ -94.2323508, 39.6806687 ], [ -94.2319275, 39.6821476 ], [ -94.2305217, 39.6877714 ], [ -94.2267735, 39.7025995 ], [ -94.2208975, 39.7260036 ], [ -94.2206105, 39.7271819 ], [ -94.2204594, 39.7282846 ], [ -94.2204074, 39.7293745 ], [ -94.2202513, 39.7348534 ], [ -94.219962, 39.746209 ], [ -94.219949, 39.746622 ], [ -94.219946, 39.746723 ], [ -94.219898, 39.748673 ], [ -94.219843, 39.750438 ], [ -94.219705, 39.755201 ], [ -94.2196752, 39.7556136 ], [ -94.21965, 39.755798 ], [ -94.2196119, 39.75609 ], [ -94.2195821, 39.7562596 ], [ -94.2194768, 39.7567214 ], [ -94.2194487, 39.7568304 ], [ -94.219382, 39.757047 ], [ -94.2193294, 39.7572215 ], [ -94.2192704, 39.7573782 ], [ -94.2191662, 39.7576542 ], [ -94.21903, 39.7580091 ], [ -94.2187269, 39.7587066 ], [ -94.217961, 39.760397 ], [ -94.217869, 39.760599 ], [ -94.217147, 39.762194 ], [ -94.216921, 39.76271 ], [ -94.215383, 39.766217 ], [ -94.214627, 39.767874 ], [ -94.214536, 39.768082 ], [ -94.213897, 39.769546 ], [ -94.213184, 39.771125 ], [ -94.213058, 39.771405 ], [ -94.21253, 39.77264 ], [ -94.211681, 39.774585 ], [ -94.211234, 39.775562 ], [ -94.210611, 39.776993 ], [ -94.210343, 39.77757 ], [ -94.2096, 39.779246 ], [ -94.20926, 39.779982 ], [ -94.208405, 39.781936 ], [ -94.207477, 39.784039 ], [ -94.20658, 39.786051 ], [ -94.205814, 39.787802 ], [ -94.2053173, 39.788905 ], [ -94.204454, 39.790862 ], [ -94.204394, 39.791 ], [ -94.203592, 39.792785 ], [ -94.202751, 39.794706 ], [ -94.201136, 39.798318 ], [ -94.20057, 39.799608 ], [ -94.200218, 39.80041 ], [ -94.199292, 39.802495 ], [ -94.198737, 39.803758 ], [ -94.198378, 39.804551 ], [ -94.197713, 39.806069 ], [ -94.197096, 39.80745 ], [ -94.196298, 39.809271 ], [ -94.195985, 39.809943 ], [ -94.195452, 39.811163 ], [ -94.195316, 39.811485 ], [ -94.194787, 39.812657 ], [ -94.194207, 39.813974 ], [ -94.193927, 39.81459 ], [ -94.193607, 39.815295 ], [ -94.192966, 39.816664 ], [ -94.19291, 39.816805 ], [ -94.192688, 39.817364 ], [ -94.192441, 39.817905 ], [ -94.192294, 39.818275 ], [ -94.192056, 39.81881 ], [ -94.191586, 39.819776 ], [ -94.191219, 39.820639 ], [ -94.190537, 39.82224 ], [ -94.189689, 39.824096 ], [ -94.189353, 39.824896 ], [ -94.188812, 39.82615 ], [ -94.18808, 39.827736 ], [ -94.187703, 39.828634 ], [ -94.187333, 39.82946 ], [ -94.186987, 39.830176 ], [ -94.186429, 39.831464 ], [ -94.186019, 39.832382 ], [ -94.185607, 39.833267 ], [ -94.185255, 39.8341 ], [ -94.185065, 39.834497 ], [ -94.184738, 39.835296 ], [ -94.184005, 39.836915 ], [ -94.183348, 39.838401 ], [ -94.182501, 39.840284 ], [ -94.18227, 39.840844 ], [ -94.182215, 39.840977 ], [ -94.181623, 39.842312 ], [ -94.18136, 39.842893 ], [ -94.180966, 39.843798 ], [ -94.180152, 39.845609 ], [ -94.179942, 39.846089 ], [ -94.179709, 39.846619 ], [ -94.179207, 39.847802 ], [ -94.179108, 39.847994 ], [ -94.177965, 39.850531 ], [ -94.177798, 39.850929 ], [ -94.177719, 39.851118 ], [ -94.17744, 39.851726 ], [ -94.177135, 39.852413 ], [ -94.176535, 39.853709 ], [ -94.176091, 39.854725 ], [ -94.175351, 39.856439 ], [ -94.1744388, 39.8584851 ], [ -94.172984, 39.861748 ], [ -94.172886, 39.861953 ], [ -94.172334, 39.863188 ], [ -94.171603, 39.864912 ], [ -94.171527, 39.865074 ], [ -94.17134, 39.865474 ], [ -94.170861, 39.866535 ], [ -94.170484, 39.86737 ], [ -94.169982, 39.86844 ], [ -94.169456, 39.869622 ], [ -94.168917, 39.870668 ], [ -94.168512, 39.871434 ], [ -94.167857, 39.872559 ], [ -94.167516, 39.873122 ], [ -94.166784, 39.874202 ], [ -94.166493, 39.874632 ], [ -94.165618, 39.875924 ], [ -94.165341, 39.876323 ], [ -94.164688, 39.877405 ], [ -94.164434, 39.877795 ], [ -94.163757, 39.878793 ], [ -94.163262, 39.879579 ], [ -94.162042, 39.881448 ], [ -94.161339, 39.882542 ], [ -94.160872, 39.883256 ], [ -94.160518, 39.883784 ], [ -94.159916, 39.884699 ], [ -94.159631, 39.88511 ], [ -94.159509, 39.885296 ], [ -94.158423, 39.886944 ], [ -94.157277, 39.888713 ], [ -94.156157, 39.890588 ], [ -94.15529, 39.892081 ], [ -94.155091, 39.89245 ], [ -94.154947, 39.892727 ], [ -94.15417, 39.89422 ], [ -94.153366, 39.895729 ], [ -94.153196, 39.896039 ], [ -94.152708, 39.897008 ], [ -94.152591, 39.897209 ], [ -94.152246, 39.897854 ], [ -94.149958, 39.902148 ], [ -94.148388, 39.905068 ], [ -94.148, 39.905817 ], [ -94.147628, 39.906537 ], [ -94.147584, 39.906618 ], [ -94.146796, 39.908084 ], [ -94.146386, 39.908847 ], [ -94.146138, 39.909316 ], [ -94.144942, 39.911577 ], [ -94.144476, 39.912439 ], [ -94.143745, 39.913807 ], [ -94.143473, 39.914316 ], [ -94.142769, 39.915611 ], [ -94.142489, 39.916115 ], [ -94.141538, 39.917905 ], [ -94.139699, 39.921413 ], [ -94.139572, 39.921632 ], [ -94.138901, 39.922899 ], [ -94.138613, 39.923406 ], [ -94.138255, 39.923943 ], [ -94.137883, 39.924403 ], [ -94.13756, 39.924785 ], [ -94.137207, 39.925165 ], [ -94.135392, 39.926937 ], [ -94.13503, 39.927285 ], [ -94.134476, 39.927817 ], [ -94.13333, 39.928943 ], [ -94.131876, 39.930345 ], [ -94.131465, 39.930748 ], [ -94.129551, 39.932588 ], [ -94.12917, 39.932978 ], [ -94.128701, 39.933439 ], [ -94.128405, 39.933717 ], [ -94.127727, 39.934351 ], [ -94.126741, 39.935254 ], [ -94.125775, 39.936201 ], [ -94.125291, 39.936734 ], [ -94.125236, 39.936795 ], [ -94.124733, 39.937311 ], [ -94.123312, 39.938718 ], [ -94.122951, 39.939093 ], [ -94.12244, 39.939563 ], [ -94.122051, 39.939934 ], [ -94.121529, 39.940414 ], [ -94.120944, 39.940966 ], [ -94.120373, 39.941522 ], [ -94.119265, 39.942622 ], [ -94.119004, 39.942874 ], [ -94.118864, 39.94301 ], [ -94.118434, 39.943413 ], [ -94.117958, 39.943874 ], [ -94.117397, 39.944426 ], [ -94.116622, 39.945177 ], [ -94.116141, 39.945634 ], [ -94.115287, 39.94648 ], [ -94.114655, 39.947084 ], [ -94.11273, 39.948958 ], [ -94.111349, 39.950315 ], [ -94.110856, 39.95079 ], [ -94.110576, 39.95107 ], [ -94.110156, 39.951477 ], [ -94.109893, 39.951744 ], [ -94.109102, 39.952504 ], [ -94.10862, 39.952983 ], [ -94.108237, 39.953381 ], [ -94.107716, 39.953964 ], [ -94.107426, 39.954343 ], [ -94.107128, 39.954717 ], [ -94.10652, 39.955632 ], [ -94.105929, 39.956502 ], [ -94.105462, 39.957205 ], [ -94.10453, 39.958562 ], [ -94.10428, 39.958954 ], [ -94.103829, 39.959599 ], [ -94.103636, 39.959885 ], [ -94.103306, 39.960374 ], [ -94.102464, 39.961605 ], [ -94.102004, 39.962283 ], [ -94.101173, 39.963507 ], [ -94.100723, 39.964192 ], [ -94.10016, 39.965003 ], [ -94.099802, 39.965545 ], [ -94.099329, 39.966221 ], [ -94.098579, 39.967369 ], [ -94.098249, 39.967843 ], [ -94.097736, 39.968622 ], [ -94.097429, 39.969078 ], [ -94.097184, 39.969416 ], [ -94.096735, 39.970083 ], [ -94.095818, 39.971403 ], [ -94.095284, 39.972193 ], [ -94.094863, 39.972864 ], [ -94.09467, 39.973228 ], [ -94.094597, 39.973381 ], [ -94.094434, 39.973777 ], [ -94.094285, 39.974226 ], [ -94.094207, 39.974496 ], [ -94.094099, 39.975119 ], [ -94.094033, 39.975639 ], [ -94.094051, 39.976423 ], [ -94.09407, 39.976861 ], [ -94.094112, 39.977282 ], [ -94.094166, 39.978146 ], [ -94.094226, 39.978982 ], [ -94.094352, 39.980324 ], [ -94.094389, 39.981113 ], [ -94.094537, 39.983153 ], [ -94.094691, 39.985086 ], [ -94.094821, 39.987056 ], [ -94.094963, 39.988998 ], [ -94.095057, 39.990144 ], [ -94.095116, 39.990944 ], [ -94.095195, 39.991885 ], [ -94.095264, 39.992873 ], [ -94.095374, 39.993979 ], [ -94.095452, 39.994851 ], [ -94.095725, 39.9984 ], [ -94.095742, 39.998758 ], [ -94.095781, 39.999271 ], [ -94.095793, 39.999485 ], [ -94.095841, 40.000303 ], [ -94.095857, 40.000575 ], [ -94.095888, 40.000906 ], [ -94.096035, 40.002505 ], [ -94.096167, 40.004503 ], [ -94.096218, 40.005058 ], [ -94.0962944, 40.0060812 ], [ -94.096321, 40.006438 ], [ -94.09635, 40.007183 ], [ -94.09634, 40.008356 ], [ -94.096275, 40.009792 ], [ -94.096225, 40.011106 ], [ -94.0959214, 40.0172037 ], [ -94.095697, 40.0221748 ] ], [ [ -94.0960229, 40.0221689 ], [ -94.0962359, 40.0171245 ], [ -94.0963704, 40.0142312 ], [ -94.0964736, 40.012053 ], [ -94.0965585, 40.0101003 ], [ -94.0966, 40.009221 ], [ -94.0966396, 40.0081227 ], [ -94.0966476, 40.0071176 ], [ -94.0965958, 40.0060932 ], [ -94.096578, 40.005669 ], [ -94.096525, 40.005054 ], [ -94.096441, 40.004068 ], [ -94.096408, 40.003504 ], [ -94.096377, 40.002976 ], [ -94.096303, 40.002061 ], [ -94.096228, 40.001042 ], [ -94.096181, 40.00046 ], [ -94.096157, 40.000158 ], [ -94.0961, 39.999463 ], [ -94.096046, 39.998805 ], [ -94.095978, 39.997887 ], [ -94.095921, 39.997207 ], [ -94.095873, 39.996392 ], [ -94.0958, 39.995444 ], [ -94.095714, 39.994437 ], [ -94.095666, 39.993658 ], [ -94.095662, 39.993374 ], [ -94.095608, 39.992559 ], [ -94.095524, 39.99166 ], [ -94.095442, 39.99059 ], [ -94.095315, 39.988811 ], [ -94.095225, 39.987534 ], [ -94.094967, 39.984182 ], [ -94.094911, 39.983596 ], [ -94.094775, 39.981654 ], [ -94.094652, 39.98015 ], [ -94.094357, 39.976234 ], [ -94.094358, 39.975912 ], [ -94.094381, 39.97553 ], [ -94.094416, 39.975172 ], [ -94.094463, 39.974867 ], [ -94.094534, 39.974562 ], [ -94.094628, 39.974234 ], [ -94.094711, 39.973978 ], [ -94.094958, 39.973398 ], [ -94.095156, 39.973024 ], [ -94.095434, 39.972556 ], [ -94.095718, 39.972119 ], [ -94.095862, 39.971878 ], [ -94.097027, 39.970152 ], [ -94.097421, 39.969556 ], [ -94.098224, 39.968373 ], [ -94.098714, 39.967671 ], [ -94.099104, 39.967098 ], [ -94.099456, 39.96659 ], [ -94.10033, 39.965267 ], [ -94.100929, 39.964385 ], [ -94.101475, 39.963571 ], [ -94.102298, 39.962358 ], [ -94.102378, 39.96224 ], [ -94.102864, 39.961558 ], [ -94.103167, 39.961079 ], [ -94.103974, 39.959893 ], [ -94.104422, 39.959236 ], [ -94.104997, 39.958373 ], [ -94.105306, 39.957935 ], [ -94.106123, 39.956699 ], [ -94.106437, 39.956232 ], [ -94.106731, 39.955806 ], [ -94.106902, 39.955527 ], [ -94.107911, 39.954198 ], [ -94.108107, 39.953953 ], [ -94.108719, 39.95328 ], [ -94.109057, 39.952923 ], [ -94.1099, 39.952113 ], [ -94.110869, 39.951164 ], [ -94.111499, 39.950535 ], [ -94.112147, 39.949924 ], [ -94.112761, 39.949314 ], [ -94.114343, 39.947785 ], [ -94.114597, 39.947533 ], [ -94.11495, 39.947184 ], [ -94.115581, 39.946577 ], [ -94.116154, 39.946034 ], [ -94.117627, 39.944609 ], [ -94.118057, 39.944189 ], [ -94.118654, 39.943623 ], [ -94.119124, 39.943153 ], [ -94.119399, 39.942894 ], [ -94.119767, 39.942547 ], [ -94.120035, 39.942293 ], [ -94.120557, 39.941787 ], [ -94.121009, 39.941335 ], [ -94.121462, 39.940896 ], [ -94.121841, 39.940556 ], [ -94.122638, 39.939801 ], [ -94.123005, 39.939444 ], [ -94.123377, 39.939091 ], [ -94.123824, 39.938642 ], [ -94.124345, 39.938127 ], [ -94.124894, 39.937567 ], [ -94.125175, 39.937286 ], [ -94.125554, 39.936893 ], [ -94.125627, 39.936817 ], [ -94.126259, 39.936172 ], [ -94.126287, 39.936145 ], [ -94.126854, 39.9356 ], [ -94.128043, 39.934509 ], [ -94.128281, 39.934272 ], [ -94.128553, 39.934014 ], [ -94.129057, 39.933535 ], [ -94.12957, 39.933026 ], [ -94.130079, 39.932481 ], [ -94.130729, 39.931886 ], [ -94.131792, 39.930838 ], [ -94.132117, 39.930533 ], [ -94.134798, 39.92791 ], [ -94.135288, 39.927437 ], [ -94.137349, 39.925446 ], [ -94.137669, 39.925112 ], [ -94.138066, 39.924649 ], [ -94.138356, 39.924286 ], [ -94.138634, 39.923898 ], [ -94.139, 39.923351 ], [ -94.139879, 39.921746 ], [ -94.140046, 39.921481 ], [ -94.141003, 39.919604 ], [ -94.141987, 39.917782 ], [ -94.142699, 39.916448 ], [ -94.142946, 39.91597 ], [ -94.143565, 39.914823 ], [ -94.144043, 39.913927 ], [ -94.144956, 39.912213 ], [ -94.145264, 39.911654 ], [ -94.145725, 39.910759 ], [ -94.145862, 39.910475 ], [ -94.146355, 39.909561 ], [ -94.146538, 39.909222 ], [ -94.146858, 39.908656 ], [ -94.147095, 39.908197 ], [ -94.147371, 39.907661 ], [ -94.147805, 39.906867 ], [ -94.147946, 39.906592 ], [ -94.148097, 39.906297 ], [ -94.148334, 39.905833 ], [ -94.148751, 39.905081 ], [ -94.149564, 39.903588 ], [ -94.149823, 39.903094 ], [ -94.150071, 39.902612 ], [ -94.150333, 39.9021 ], [ -94.150696, 39.901395 ], [ -94.152567, 39.897858 ], [ -94.152701, 39.897619 ], [ -94.15288, 39.897277 ], [ -94.15308, 39.896893 ], [ -94.154537, 39.894172 ], [ -94.155317, 39.892724 ], [ -94.155568, 39.892259 ], [ -94.156552, 39.890501 ], [ -94.157749, 39.888552 ], [ -94.15829, 39.88772 ], [ -94.15888, 39.886834 ], [ -94.159883, 39.8853 ], [ -94.160026, 39.885081 ], [ -94.160189, 39.884861 ], [ -94.161324, 39.883108 ], [ -94.16249, 39.881332 ], [ -94.16371, 39.879459 ], [ -94.164552, 39.878214 ], [ -94.164825, 39.877802 ], [ -94.164958, 39.877593 ], [ -94.165274, 39.877027 ], [ -94.165525, 39.876632 ], [ -94.166075, 39.875805 ], [ -94.166871, 39.874644 ], [ -94.167086, 39.87433 ], [ -94.167283, 39.874044 ], [ -94.167991, 39.872906 ], [ -94.168182, 39.872608 ], [ -94.168499, 39.872092 ], [ -94.168764, 39.871622 ], [ -94.169203, 39.870822 ], [ -94.16964, 39.869936 ], [ -94.170307, 39.868516 ], [ -94.170801, 39.867419 ], [ -94.171032, 39.86695 ], [ -94.171169, 39.866615 ], [ -94.171237, 39.866448 ], [ -94.171524, 39.865774 ], [ -94.171771, 39.865234 ], [ -94.172084, 39.864551 ], [ -94.172667, 39.863218 ], [ -94.173163, 39.862116 ], [ -94.173532, 39.861295 ], [ -94.173762, 39.860793 ], [ -94.17446, 39.859167 ], [ -94.1747632, 39.8585688 ], [ -94.174865, 39.858368 ], [ -94.175578, 39.856699 ], [ -94.175825, 39.856122 ], [ -94.177379, 39.852667 ], [ -94.178119, 39.851012 ], [ -94.178514, 39.850156 ], [ -94.179509, 39.847903 ], [ -94.180165, 39.846384 ], [ -94.180294, 39.846097 ], [ -94.182015, 39.842255 ], [ -94.182617, 39.840861 ], [ -94.183065, 39.839824 ], [ -94.18369, 39.83845 ], [ -94.184249, 39.837161 ], [ -94.184849, 39.83582 ], [ -94.186048, 39.833099 ], [ -94.186788, 39.831473 ], [ -94.187535, 39.829754 ], [ -94.188282, 39.828062 ], [ -94.188957, 39.826569 ], [ -94.189557, 39.825261 ], [ -94.190041, 39.824132 ], [ -94.19073, 39.822546 ], [ -94.191149, 39.821608 ], [ -94.191479, 39.820878 ], [ -94.192365, 39.818919 ], [ -94.193217, 39.816946 ], [ -94.193324, 39.816699 ], [ -94.194016, 39.815173 ], [ -94.194288, 39.814518 ], [ -94.194368, 39.814327 ], [ -94.19533, 39.812253 ], [ -94.195991, 39.810764 ], [ -94.196849, 39.808802 ], [ -94.19697, 39.808543 ], [ -94.199049, 39.803842 ], [ -94.199767, 39.802217 ], [ -94.200092, 39.801496 ], [ -94.200841, 39.799795 ], [ -94.200887, 39.799693 ], [ -94.201872, 39.797493 ], [ -94.204051, 39.79257 ], [ -94.20426, 39.792083 ], [ -94.204772, 39.790951 ], [ -94.204957, 39.790543 ], [ -94.205655, 39.788949 ], [ -94.2059469, 39.7883214 ], [ -94.206397, 39.78727 ], [ -94.206831, 39.786299 ], [ -94.208846, 39.781715 ], [ -94.2089, 39.781595 ], [ -94.209881, 39.779411 ], [ -94.210909, 39.777083 ], [ -94.211913, 39.774789 ], [ -94.212912, 39.772566 ], [ -94.213479, 39.771278 ], [ -94.213934, 39.770243 ], [ -94.214864, 39.768155 ], [ -94.215069, 39.767695 ], [ -94.216982, 39.763341 ], [ -94.217205, 39.762839 ], [ -94.218005, 39.761034 ], [ -94.218199, 39.760598 ], [ -94.2189918, 39.7587949 ], [ -94.2193482, 39.7580148 ], [ -94.2194645, 39.7577117 ], [ -94.2195507, 39.7574632 ], [ -94.2196289, 39.7572301 ], [ -94.2197039, 39.7570245 ], [ -94.2197756, 39.756783 ], [ -94.2198474, 39.7564617 ], [ -94.2198841, 39.7562531 ], [ -94.2199435, 39.7559364 ], [ -94.2199749, 39.7557198 ], [ -94.2199922, 39.755495 ], [ -94.220031, 39.754788 ], [ -94.220124, 39.75167 ], [ -94.22018, 39.750653 ], [ -94.220275, 39.746568 ], [ -94.2205642, 39.7350173 ], [ -94.220749, 39.7292808 ], [ -94.2208079, 39.7282628 ], [ -94.2209453, 39.7272338 ], [ -94.2211959, 39.7260676 ], [ -94.2270913, 39.7026168 ], [ -94.2308225, 39.6877847 ], [ -94.2322478, 39.6822007 ], [ -94.2326461, 39.6807146 ], [ -94.2327438, 39.6803448 ], [ -94.2332353, 39.6783022 ], [ -94.2332451, 39.6781187 ], [ -94.2332368, 39.6776124 ], [ -94.2332221, 39.6774619 ], [ -94.2332153, 39.6771981 ] ] ] } },
{ "type": "Feature", "properties": { "full_id": "w39165673", "osm_id": "39165673", "osm_type": "way", "highway": "motorway", "short_name": null, "old_name": null, "destination:ref:to": null, "shoulder": null, "opening_date": null, "noref": null, "change:lanes": null, "maxweight:hgv_articulated": null, "maxweight:hgv:conditional": null, "alt_name": null, "traffic_sign": null, "access": null, "destination:street": null, "bridge:name": null, "destination:symbol": null, "embankment": null, "future_ref": null, "maxspeed:permanent": null, "HFCS": null, "maxspeed:advisory": null, "lanes:permanant": null, "ref:fra_crossing": null, "motor_vehicle": null, "turn:lanes:forward": null, "source:hgv": null, "sidewalk": null, "smoothness": null, "tunnel": null, "destination:lanes": null, "old_ref": null, "junction:ref": null, "destination:ref": null, "destination": null, "maxweight": null, "maxheight": null, "toll": null, "lit": "no", "expressway": null, "turn:lanes": null, "covered": null, "maxheight:signed": null, "placement": null, "source:minspeed": null, "source:maxspeed": null, "minspeed:type": "sign", "maxspeed:type": "sign", "minspeed": "40 mph", "horse": null, "foot": null, "loc_ref": null, "tiger:reviewed": null, "tiger:county": null, "tiger:cfcc": null, "name": "Dwight D. Eisenhower Highway", "layer": "1", "bridge": "yes", "bicycle": null, "surface": "concrete", "source:hgv:national_network": null, "ref": "I 70;US 40", "oneway": "yes", "noname": null, "maxspeed": "70 mph", "lanes": "2", "hgv:national_network": null, "hgv": "designated", "NHS": null, "road_name": null, "named": "I-70", "boundary": null, "admin_level": null, "wikipedia": null, "wikidata": null, "type": null, "source:short_name": null, "source:population": null, "source:name:br": null, "ref:fips": null, "ref:USPS": null, "ref:USCG": null, "population:date": null, "population": null, "nickname": null, "name:zh-Hant": null, "name:zh-Hans": null, "name:zh": null, "name:yi": null, "name:uz": null, "name:ur": null, "name:uk": null, "name:tl": null, "name:th": null, "name:ta": null, "name:sr": null, "name:sq": null, "name:sl": null, "name:sa": null, "name:ru": null, "name:qu": null, "name:pl": null, "name:oc": null, "name:nv": null, "name:mr": null, "name:ml": null, "name:mg": null, "name:lv": null, "name:lt": null, "name:la": null, "name:ko": null, "name:ka": null, "name:ja": null, "name:hy": null, "name:ht": null, "name:he": null, "name:haw": null, "name:hak": null, "name:gl": null, "name:ga": null, "name:fr": null, "name:fa": null, "name:eu": null, "name:es": null, "name:eo": null, "name:en": null, "name:el": null, "name:br": null, "name:bn": null, "name:bg": null, "name:az": null, "name:arc": null, "name:ar": null, "border_type": null, "ISO3166-2": null, "full_id_2": null, "osm_id_2": null, "osm_type_2": null, "boundary_2": null, "admin_level_2": null, "name_2": null, "wikipedia_2": null, "wikidata_2": null, "type_2": null, "source:short_name_2": null, "source:population_2": null, "source:name:br_2": null, "short_name_2": null, "ref:fips_2": null, "ref:USPS_2": null, "ref:USCG_2": null, "ref_2": null, "population:date_2": null, "population_2": null, "nickname_2": null, "name:zh-Hant_2": null, "name:zh-Hans_2": null, "name:zh_2": null, "name:yi_2": null, "name:uz_2": null, "name:ur_2": null, "name:uk_2": null, "name:th_2": null, "name:ta_2": null, "name:sr_2": null, "name:sh": null, "name:sa_2": null, "name:ru_2": null, "name:qu_2": null, "name:pl_2": null, "name:nv_2": null, "name:nan": null, "name:mr_2": null, "name:ml_2": null, "name:lv_2": null, "name:lt_2": null, "name:ko_2": null, "name:kn": null, "name:ka_2": null, "name:ja_2": null, "name:hy_2": null, "name:ht_2": null, "name:hi": null, "name:he_2": null, "name:hak_2": null, "name:ga_2": null, "name:fr_2": null, "name:fa_2": null, "name:eo_2": null, "name:en_2": null, "name:el_2": null, "name:de": null, "name:chr": null, "name:br_2": null, "name:bn_2": null, "name:az_2": null, "name:arc_2": null, "name:ar_2": null, "border_type_2": null, "ISO3166-2_2": null, "path": "MultiLineString?crs=EPSG:4326&field=full_id:string(0,0)&field=osm_id:string(0,0)&field=osm_type:string(0,0)&field=highway:string(0,0)&field=short_name:string(0,0)&field=old_name:string(0,0)&field=destination%3Aref%3Ato:string(0,0)&field=shoulder:string(0,0)&field=opening_date:string(0,0)&field=noref:string(0,0)&field=change%3Alanes:string(0,0)&field=maxweight%3Ahgv_articulated:string(0,0)&field=maxweight%3Ahgv%3Aconditional:string(0,0)&field=alt_name:string(0,0)&field=traffic_sign:string(0,0)&field=access:string(0,0)&field=destination%3Astreet:string(0,0)&field=bridge%3Aname:string(0,0)&field=destination%3Asymbol:string(0,0)&field=embankment:string(0,0)&field=future_ref:string(0,0)&field=maxspeed%3Apermanent:string(0,0)&field=HFCS:string(0,0)&field=maxspeed%3Aadvisory:string(0,0)&field=lanes%3Apermanant:string(0,0)&field=ref%3Afra_crossing:string(0,0)&field=motor_vehicle:string(0,0)&field=turn%3Alanes%3Aforward:string(0,0)&field=source%3Ahgv:string(0,0)&field=sidewalk:string(0,0)&field=smoothness:string(0,0)&field=tunnel:string(0,0)&field=destination%3Alanes:string(0,0)&field=old_ref:string(0,0)&field=junction%3Aref:string(0,0)&field=destination%3Aref:string(0,0)&field=destination:string(0,0)&field=maxweight:string(0,0)&field=maxheight:string(0,0)&field=toll:string(0,0)&field=lit:string(0,0)&field=expressway:string(0,0)&field=turn%3Alanes:string(0,0)&field=covered:string(0,0)&field=maxheight%3Asigned:string(0,0)&field=placement:string(0,0)&field=source%3Aminspeed:string(0,0)&field=source%3Amaxspeed:string(0,0)&field=minspeed%3Atype:string(0,0)&field=maxspeed%3Atype:string(0,0)&field=minspeed:string(0,0)&field=horse:string(0,0)&field=foot:string(0,0)&field=loc_ref:string(0,0)&field=tiger%3Areviewed:string(0,0)&field=tiger%3Acounty:string(0,0)&field=tiger%3Acfcc:string(0,0)&field=name:string(0,0)&field=layer:string(0,0)&field=bridge:string(0,0)&field=bicycle:string(0,0)&field=surface:string(0,0)&field=source%3Ahgv%3Anational_network:string(0,0)&field=ref:string(0,0)&field=oneway:string(0,0)&field=noname:string(0,0)&field=maxspeed:string(0,0)&field=lanes:string(0,0)&field=hgv%3Anational_network:string(0,0)&field=hgv:string(0,0)&field=NHS:string(0,0)&uid={08aa45b2-b93b-4b61-adea-b8aada82eba9}" }, "geometry": { "type": "MultiLineString", "coordinates": [ [ [ -94.6320873, 39.091892 ], [ -94.6345722, 39.0920915 ], [ -94.6366664, 39.0922514 ], [ -94.6387521, 39.0925112 ], [ -94.6404389, 39.0927936 ], [ -94.6413589, 39.0929455 ], [ -94.6417223, 39.0930215 ], [ -94.6420978, 39.0931246 ], [ -94.6426491, 39.093268 ], [ -94.6431768, 39.0934763 ], [ -94.6436219, 39.0936872 ], [ -94.6444401, 39.0941486 ], [ -94.6455448, 39.0947366 ], [ -94.6460383, 39.0949874 ], [ -94.6464165, 39.0951675 ], [ -94.646729, 39.0953049 ], [ -94.6471675, 39.0954912 ], [ -94.64773, 39.0957086 ], [ -94.6482739, 39.0958992 ], [ -94.6488135, 39.0960663 ], [ -94.6490129, 39.0961281 ], [ -94.6498667, 39.0963541 ], [ -94.6500428, 39.0963926 ], [ -94.650411, 39.0964766 ], [ -94.6507463, 39.0965463 ], [ -94.6513096, 39.0966483 ], [ -94.6516864, 39.0967076 ], [ -94.6523127, 39.0967888 ], [ -94.6526775, 39.0968284 ], [ -94.652763, 39.0968348 ], [ -94.6537663, 39.0969103 ], [ -94.6564581, 39.0969881 ], [ -94.6570254, 39.0970152 ], [ -94.65748, 39.0970547 ], [ -94.6580714, 39.0971162 ], [ -94.6587473, 39.0972057 ], [ -94.6592985, 39.0972993 ], [ -94.6599892, 39.0974461 ], [ -94.6609358, 39.0976765 ], [ -94.6621362, 39.0979357 ], [ -94.6635617, 39.0982929 ], [ -94.665172, 39.098679 ], [ -94.6657893, 39.0988466 ], [ -94.6663633, 39.0990183 ], [ -94.6668756, 39.0991921 ], [ -94.6671223, 39.0992722 ], [ -94.6676427, 39.0994721 ], [ -94.6683119, 39.0997395 ], [ -94.6690401, 39.1000674 ], [ -94.6697308, 39.1004139 ], [ -94.6721223, 39.1017128 ], [ -94.6736341, 39.1025164 ], [ -94.6742573, 39.1028663 ], [ -94.6747881, 39.1031932 ], [ -94.675253, 39.1035117 ], [ -94.6756465, 39.1038088 ], [ -94.6757794, 39.1039041 ], [ -94.6765901, 39.1045129 ], [ -94.6771431, 39.1048992 ], [ -94.6773168, 39.1049985 ], [ -94.6776458, 39.1051699 ], [ -94.6779678, 39.1053116 ], [ -94.6783014, 39.105435 ], [ -94.6786428, 39.1055402 ], [ -94.6789481, 39.1056172 ], [ -94.6792851, 39.1056789 ], [ -94.6795597, 39.1057179 ], [ -94.6798597, 39.1057479 ], [ -94.6801311, 39.1057652 ], [ -94.6804676, 39.1057667 ], [ -94.6808119, 39.1057559 ], [ -94.6811803, 39.1057174 ], [ -94.6821522, 39.1055461 ], [ -94.6822316, 39.1055273 ], [ -94.6824545, 39.1054745 ], [ -94.6830888, 39.105379 ], [ -94.6835207, 39.105344 ], [ -94.6839444, 39.1053422 ], [ -94.6848167, 39.1053384 ], [ -94.6875167, 39.1053323 ], [ -94.6881077, 39.1053395 ], [ -94.6904484, 39.1053511 ], [ -94.6915084, 39.105411 ], [ -94.692228, 39.1054646 ], [ -94.6933328, 39.1055676 ], [ -94.696475, 39.105923 ], [ -94.697168, 39.105986 ], [ -94.698072, 39.106057 ], [ -94.698982, 39.10611 ], [ -94.699955, 39.106135 ], [ -94.7011335, 39.1061444 ], [ -94.7020481, 39.1061173 ], [ -94.7026731, 39.1060798 ], [ -94.7046211, 39.1059139 ], [ -94.7078484, 39.1055356 ], [ -94.709262, 39.1053858 ], [ -94.7102396, 39.105291 ], [ -94.7107626, 39.1052619 ], [ -94.7120813, 39.105225 ], [ -94.713072, 39.1052244 ], [ -94.714021, 39.105243 ], [ -94.7150863, 39.1053139 ], [ -94.7167493, 39.1054326 ], [ -94.7232913, 39.1058893 ], [ -94.7247128, 39.1059819 ], [ -94.726615, 39.106065 ], [ -94.7333867, 39.1061816 ], [ -94.7342316, 39.1061929 ], [ -94.7347662, 39.1062 ], [ -94.7387232, 39.1062575 ], [ -94.739058, 39.1062672 ], [ -94.7394728, 39.1062803 ], [ -94.7419747, 39.1063039 ], [ -94.7433502, 39.1063284 ], [ -94.7459921, 39.1063251 ], [ -94.7462643, 39.106315 ], [ -94.7471687, 39.1062876 ], [ -94.7478192, 39.1062464 ], [ -94.749909, 39.106074 ], [ -94.750892, 39.105964 ], [ -94.7533234, 39.1056285 ], [ -94.7539075, 39.1055511 ], [ -94.754335, 39.1055019 ], [ -94.7556797, 39.1053685 ], [ -94.7565636, 39.1052931 ], [ -94.7574574, 39.1052325 ], [ -94.7579801, 39.1052103 ], [ -94.7590528, 39.1051772 ], [ -94.7601225, 39.1051536 ], [ -94.7608842, 39.1051524 ], [ -94.7653865, 39.1050962 ], [ -94.765748, 39.105081 ], [ -94.766937, 39.105067 ], [ -94.767864, 39.105056 ], [ -94.769016, 39.105043 ], [ -94.770796, 39.105022 ], [ -94.774424, 39.104971 ], [ -94.778081, 39.104927 ], [ -94.781695, 39.1049 ], [ -94.782375, 39.104904 ], [ -94.783077, 39.104901 ], [ -94.783628, 39.1049065 ], [ -94.785333, 39.104952 ], [ -94.786399, 39.10499 ], [ -94.788666, 39.105127 ], [ -94.792494, 39.105383 ], [ -94.796102, 39.105617 ], [ -94.7974797, 39.1057222 ], [ -94.7980205, 39.1057598 ], [ -94.8002867, 39.1059178 ], [ -94.803316, 39.106129 ], [ -94.8052274, 39.1062405 ], [ -94.8057338, 39.1062734 ], [ -94.8067852, 39.10635 ], [ -94.8073991, 39.1063881 ], [ -94.808141, 39.1064346 ], [ -94.8104838, 39.1065902 ], [ -94.8108462, 39.1066143 ], [ -94.8122747, 39.1067124 ], [ -94.8135415, 39.1067492 ], [ -94.8143327, 39.1067638 ], [ -94.8150347, 39.1067697 ], [ -94.8158054, 39.1067549 ], [ -94.81705, 39.1067063 ], [ -94.819826, 39.1066111 ], [ -94.8218103, 39.1065441 ], [ -94.8226695, 39.1065137 ], [ -94.8229648, 39.1065045 ], [ -94.8233777, 39.1064917 ], [ -94.825083, 39.106429 ], [ -94.829329, 39.106292 ], [ -94.8396157, 39.105928 ], [ -94.8419514, 39.1058233 ], [ -94.8432875, 39.1057302 ], [ -94.8442738, 39.1056391 ], [ -94.845257, 39.1055489 ], [ -94.8462294, 39.1054411 ], [ -94.8470119, 39.1053383 ], [ -94.8479648, 39.1051981 ], [ -94.8496538, 39.1049194 ], [ -94.8508568, 39.104683 ], [ -94.8517589, 39.1045027 ], [ -94.8531009, 39.1041989 ], [ -94.8537203, 39.1040426 ], [ -94.8545729, 39.1038224 ], [ -94.8556569, 39.1035303 ], [ -94.8578994, 39.1028589 ], [ -94.8599604, 39.1022376 ], [ -94.8617652, 39.1016958 ], [ -94.862966, 39.1013357 ], [ -94.8647014, 39.1008077 ], [ -94.867666, 39.099909 ], [ -94.8690704, 39.0994843 ], [ -94.8702863, 39.0991243 ], [ -94.8713281, 39.0988419 ], [ -94.8717025, 39.0987533 ], [ -94.8717235, 39.0987483 ], [ -94.87254, 39.098555 ], [ -94.8735713, 39.0983133 ], [ -94.874529, 39.0981134 ], [ -94.8753647, 39.097944 ], [ -94.8758914, 39.0978352 ], [ -94.8765646, 39.0977117 ], [ -94.8793939, 39.0972205 ], [ -94.8819282, 39.0967867 ], [ -94.8839712, 39.0964343 ], [ -94.8858764, 39.0961367 ], [ -94.8880851, 39.0957333 ], [ -94.8895594, 39.0954683 ], [ -94.8909207, 39.0952336 ], [ -94.8913778, 39.0951547 ], [ -94.8922811, 39.0950046 ], [ -94.8931328, 39.0948611 ], [ -94.8938077, 39.0947333 ], [ -94.8946152, 39.0945525 ], [ -94.8951053, 39.0944441 ], [ -94.895967, 39.0942352 ], [ -94.8966741, 39.0940466 ], [ -94.8971843, 39.0939001 ], [ -94.8978632, 39.093713 ], [ -94.899068, 39.093354 ], [ -94.899718, 39.093157 ], [ -94.9014717, 39.0926171 ], [ -94.902308, 39.092363 ], [ -94.904904, 39.09157 ], [ -94.905618, 39.0913528 ], [ -94.9084031, 39.0905005 ], [ -94.9095634, 39.0901522 ], [ -94.9100531, 39.090014 ], [ -94.91052, 39.089897 ], [ -94.910825, 39.089822 ], [ -94.9114991, 39.0896759 ], [ -94.9122059, 39.0895429 ], [ -94.9127806, 39.0894508 ], [ -94.9134753, 39.0893555 ], [ -94.9141619, 39.0892864 ], [ -94.9145004, 39.089255 ], [ -94.9150656, 39.0892173 ], [ -94.9158958, 39.0891751 ], [ -94.916384, 39.089153 ], [ -94.9171772, 39.0891112 ], [ -94.9175576, 39.0890923 ], [ -94.917973, 39.0890578 ], [ -94.9184207, 39.0890043 ], [ -94.9187726, 39.0889577 ], [ -94.9191451, 39.0888846 ], [ -94.9196172, 39.0887736 ], [ -94.9199774, 39.0886741 ], [ -94.9201756, 39.0886144 ], [ -94.9204765, 39.0885077 ], [ -94.920787, 39.088385 ], [ -94.9212197, 39.0882051 ], [ -94.9215502, 39.0880585 ], [ -94.9224891, 39.0876292 ], [ -94.926998, 39.0855901 ], [ -94.927494, 39.085373 ], [ -94.9278549, 39.0852137 ], [ -94.928265, 39.0850577 ], [ -94.9285806, 39.084953 ], [ -94.9289246, 39.0848441 ], [ -94.9292294, 39.0847603 ], [ -94.9296746, 39.0846462 ], [ -94.9301116, 39.0845561 ], [ -94.9304475, 39.0844975 ], [ -94.9309129, 39.0844347 ], [ -94.9312771, 39.0843917 ], [ -94.9321593, 39.0843132 ], [ -94.9329794, 39.0842473 ], [ -94.943007, 39.08343 ], [ -94.9437007, 39.0833693 ], [ -94.9444574, 39.0832937 ], [ -94.9452898, 39.0831955 ], [ -94.9463422, 39.0830494 ], [ -94.9472308, 39.0829097 ], [ -94.9480647, 39.0827686 ], [ -94.9511867, 39.0821713 ], [ -94.9530914, 39.081807 ], [ -94.95585, 39.081282 ], [ -94.9570632, 39.0810475 ], [ -94.9599653, 39.0804963 ], [ -94.9626995, 39.0799717 ], [ -94.9638816, 39.0797347 ], [ -94.9648049, 39.0795466 ], [ -94.9649631, 39.0795132 ], [ -94.9662013, 39.0792519 ], [ -94.9688663, 39.078667 ], [ -94.9705622, 39.0782953 ], [ -94.9788721, 39.0764797 ], [ -94.9827794, 39.0756207 ], [ -94.9877083, 39.0745463 ], [ -94.9957197, 39.0727962 ], [ -94.996061, 39.0727216 ], [ -94.9995616, 39.0719867 ], [ -95.0001414, 39.0719024 ], [ -95.0011316, 39.0717243 ], [ -95.0021026, 39.0715619 ], [ -95.0038549, 39.0713633 ], [ -95.0054204, 39.0710767 ], [ -95.0060159, 39.0709705 ], [ -95.0067911, 39.0708039 ], [ -95.0080949, 39.070524 ], [ -95.00868, 39.0704019 ], [ -95.0093848, 39.07025 ], [ -95.0103343, 39.0700043 ], [ -95.0116968, 39.0696294 ], [ -95.0127053, 39.0693504 ], [ -95.0133437, 39.0692088 ], [ -95.0139177, 39.0690839 ], [ -95.0143294, 39.0690099 ], [ -95.0147733, 39.068936 ], [ -95.0153393, 39.0688486 ], [ -95.016329, 39.0687444 ], [ -95.0234261, 39.0681535 ], [ -95.0248384, 39.068044 ], [ -95.0281649, 39.0677932 ], [ -95.02939, 39.0676854 ], [ -95.0300397, 39.0676016 ], [ -95.0305852, 39.0675192 ], [ -95.0314716, 39.0673617 ], [ -95.0324774, 39.067147 ], [ -95.0331669, 39.066972 ], [ -95.0337408, 39.0668102 ], [ -95.0344397, 39.0665911 ], [ -95.0376616, 39.0655176 ], [ -95.0394532, 39.0649209 ], [ -95.0401778, 39.0646823 ], [ -95.040907, 39.0644191 ], [ -95.041856, 39.0640577 ], [ -95.0424735, 39.0638102 ], [ -95.0435645, 39.0633484 ], [ -95.0440399, 39.0631381 ], [ -95.0450836, 39.0626469 ], [ -95.0468659, 39.0617865 ], [ -95.0486218, 39.060935 ], [ -95.0536942, 39.0584774 ], [ -95.0541529, 39.0582557 ], [ -95.0547533, 39.0579674 ], [ -95.0554844, 39.0576188 ], [ -95.0561057, 39.0573217 ], [ -95.0565603, 39.0571232 ], [ -95.057049, 39.0569172 ], [ -95.0575017, 39.0567407 ], [ -95.0579544, 39.056576 ], [ -95.0587537, 39.0563083 ], [ -95.0593996, 39.0561156 ], [ -95.0660081, 39.0543233 ], [ -95.0673507, 39.0539667 ], [ -95.0686733, 39.0535971 ], [ -95.0692226, 39.053436 ], [ -95.0698325, 39.0532462 ], [ -95.0705049, 39.05303 ], [ -95.0710447, 39.0528432 ], [ -95.0719066, 39.0525343 ], [ -95.0729408, 39.0521357 ], [ -95.0857276, 39.0470927 ], [ -95.0870987, 39.0465632 ], [ -95.0911868, 39.0449375 ], [ -95.092048, 39.0445774 ], [ -95.092551, 39.0443487 ], [ -95.0932797, 39.0440133 ], [ -95.093969, 39.0436806 ], [ -95.0946109, 39.0433558 ], [ -95.0953656, 39.0429529 ], [ -95.096521, 39.0423048 ], [ -95.0986765, 39.0410559 ], [ -95.0996301, 39.040512 ], [ -95.1040495, 39.0379697 ], [ -95.1064107, 39.0366168 ], [ -95.1099309, 39.0345865 ], [ -95.1105224, 39.034246 ], [ -95.1211852, 39.0281062 ], [ -95.1280578, 39.0241486 ], [ -95.1286958, 39.0237899 ], [ -95.1293337, 39.0234736 ], [ -95.1298228, 39.0232424 ], [ -95.1302633, 39.0230559 ], [ -95.1307671, 39.0228648 ], [ -95.1328266, 39.0221475 ], [ -95.1338875, 39.0217815 ], [ -95.134388, 39.0215889 ], [ -95.1347137, 39.0214558 ], [ -95.1350993, 39.0212844 ], [ -95.1354893, 39.0211039 ], [ -95.1357975, 39.0209486 ], [ -95.1360929, 39.0207981 ], [ -95.136417, 39.0206189 ], [ -95.1367715, 39.0204159 ], [ -95.1371399, 39.0201918 ], [ -95.1374375, 39.0199977 ], [ -95.1378066, 39.0197466 ], [ -95.1380841, 39.0195498 ], [ -95.1383348, 39.0193597 ], [ -95.138606, 39.0191481 ], [ -95.1389726, 39.0188411 ], [ -95.1391869, 39.0186555 ], [ -95.1400879, 39.0178435 ], [ -95.1408137, 39.0171832 ], [ -95.1409457, 39.0170676 ], [ -95.1411114, 39.0169222 ], [ -95.1414384, 39.01665 ], [ -95.1417377, 39.0164162 ], [ -95.1420709, 39.0161697 ], [ -95.1424864, 39.0158899 ], [ -95.1431934, 39.0154358 ], [ -95.1446113, 39.0146164 ], [ -95.1476539, 39.0128581 ], [ -95.1482575, 39.0125207 ], [ -95.1488082, 39.0122298 ], [ -95.1492347, 39.0120067 ], [ -95.1498139, 39.0117288 ], [ -95.1502706, 39.0115201 ], [ -95.1508095, 39.0112879 ], [ -95.1514979, 39.0110087 ], [ -95.1520083, 39.0108117 ], [ -95.1527756, 39.0105364 ], [ -95.1535815, 39.010269 ], [ -95.1543773, 39.0100341 ], [ -95.1552054, 39.0098048 ], [ -95.1611594, 39.0082012 ], [ -95.1623548, 39.0078776 ], [ -95.1628736, 39.0077237 ], [ -95.1635654, 39.0075006 ], [ -95.1643763, 39.0072227 ], [ -95.1650798, 39.0069579 ], [ -95.1659394, 39.0066108 ], [ -95.166878, 39.006192 ], [ -95.1673665, 39.0059611 ], [ -95.1677628, 39.0057601 ], [ -95.1684863, 39.0053908 ], [ -95.1699454, 39.0046269 ], [ -95.1733281, 39.0028697 ], [ -95.1745581, 39.002229 ], [ -95.1763835, 39.0012747 ], [ -95.1776449, 39.0006162 ], [ -95.1785557, 39.0001393 ], [ -95.1793103, 38.9997499 ], [ -95.1801043, 38.9993406 ], [ -95.1809591, 38.9988941 ], [ -95.1818389, 38.9984544 ], [ -95.1822502, 38.9982689 ], [ -95.1828718, 38.9979963 ], [ -95.1835937, 38.9977147 ], [ -95.1839412, 38.9975892 ], [ -95.184651, 38.9973339 ], [ -95.1850168, 38.9972189 ], [ -95.1853849, 38.9971181 ], [ -95.1859314, 38.9969838 ], [ -95.1865719, 38.9968445 ], [ -95.1880938, 38.996495 ], [ -95.18888, 38.9963294 ], [ -95.1936274, 38.9953319 ], [ -95.1945582, 38.9951316 ], [ -95.1976218, 38.9945179 ], [ -95.1993492, 38.9941635 ], [ -95.2001753, 38.9940134 ], [ -95.2010551, 38.9938884 ], [ -95.2019938, 38.9938092 ], [ -95.2028146, 38.9937633 ], [ -95.2036943, 38.9937424 ], [ -95.2050786, 38.9937465 ], [ -95.2055463, 38.993748 ], [ -95.2129327, 38.9938403 ], [ -95.2137165, 38.9938451 ], [ -95.2218023, 38.9939242 ], [ -95.223735, 38.9939431 ], [ -95.2243101, 38.9939419 ], [ -95.2251177, 38.9939264 ], [ -95.2258934, 38.9939016 ], [ -95.2269227, 38.9938483 ], [ -95.2276097, 38.9937995 ], [ -95.2282749, 38.9937426 ], [ -95.2297098, 38.9935937 ], [ -95.230173, 38.9935353 ], [ -95.2306646, 38.9934677 ], [ -95.2317033, 38.993321 ], [ -95.2329581, 38.9931453 ], [ -95.2337705, 38.9930306 ], [ -95.2353663, 38.9928007 ], [ -95.2434609, 38.991652 ], [ -95.2452221, 38.9913977 ], [ -95.2470796, 38.9910822 ], [ -95.2480732, 38.9909042 ], [ -95.2495714, 38.9906765 ], [ -95.2508675, 38.9904957 ], [ -95.2512312, 38.9904494 ], [ -95.25219, 38.9903092 ], [ -95.2530276, 38.9901906 ], [ -95.2535371, 38.9901207 ], [ -95.2539039, 38.9900771 ], [ -95.2544233, 38.9900249 ], [ -95.2550671, 38.9899724 ], [ -95.2554588, 38.9899499 ], [ -95.2560301, 38.9899278 ], [ -95.2565357, 38.9899172 ], [ -95.2570415, 38.9899168 ], [ -95.2575445, 38.989928 ], [ -95.257901, 38.9899426 ], [ -95.2582706, 38.9899607 ], [ -95.2587485, 38.9899928 ], [ -95.2593813, 38.9900496 ], [ -95.2600092, 38.9901228 ], [ -95.2605661, 38.9902012 ], [ -95.2609084, 38.9902538 ], [ -95.2614927, 38.9903591 ], [ -95.2619382, 38.9904462 ], [ -95.2624651, 38.990559 ], [ -95.2632223, 38.9907509 ], [ -95.2638713, 38.9909224 ], [ -95.2650966, 38.9912914 ], [ -95.2677817, 38.9920897 ], [ -95.2699294, 38.9927156 ], [ -95.2776636, 38.9950151 ], [ -95.2789428, 38.9953796 ], [ -95.2796037, 38.9955812 ], [ -95.2804379, 38.9958407 ], [ -95.2815371, 38.9961582 ], [ -95.2833402, 38.9966857 ], [ -95.2847424, 38.997008 ], [ -95.2860146, 38.9972503 ], [ -95.287141, 38.9974232 ], [ -95.2882828, 38.9975635 ], [ -95.289391, 38.997648 ], [ -95.290287, 38.997699 ], [ -95.291572, 38.997723 ], [ -95.2970116, 38.9977908 ], [ -95.2974336, 38.9977908 ], [ -95.315179, 38.998011 ], [ -95.317159, 38.998029 ], [ -95.3205475, 38.998054 ], [ -95.321405, 38.9980418 ], [ -95.321915, 38.998021 ], [ -95.322686, 38.997973 ], [ -95.323183, 38.997935 ], [ -95.323679, 38.99788 ], [ -95.324216, 38.997829 ], [ -95.324881, 38.997758 ], [ -95.325127, 38.997727 ], [ -95.32596, 38.997608 ], [ -95.326377, 38.997537 ], [ -95.32685, 38.997447 ], [ -95.327478, 38.997322 ], [ -95.328375, 38.997126 ], [ -95.328759, 38.997035 ], [ -95.328889, 38.997004 ], [ -95.329458, 38.996884 ], [ -95.330073, 38.996773 ], [ -95.330688, 38.996672 ], [ -95.331475, 38.996567 ], [ -95.331824, 38.996524 ], [ -95.3328652, 38.996424 ], [ -95.3332764, 38.9963861 ], [ -95.3335972, 38.9963623 ], [ -95.3343764, 38.9963163 ], [ -95.3348979, 38.9962975 ], [ -95.3354485, 38.9962815 ], [ -95.3359054, 38.9962792 ], [ -95.3365318, 38.9962835 ], [ -95.3371001, 38.9963006 ], [ -95.3378903, 38.9963332 ], [ -95.3386548, 38.9963787 ], [ -95.3408066, 38.9965018 ], [ -95.3419516, 38.9965808 ] ], [ [ -95.3374723, 38.9961825 ], [ -95.337076, 38.996167 ], [ -95.336773, 38.996156 ], [ -95.336371, 38.996141 ], [ -95.335899, 38.996143 ], [ -95.335789, 38.996143 ], [ -95.335746, 38.996145 ], [ -95.335251, 38.996165 ], [ -95.335224, 38.996165 ], [ -95.334966, 38.996168 ], [ -95.334738, 38.996176 ], [ -95.334119, 38.996198 ], [ -95.333215, 38.996249 ], [ -95.332921, 38.996274 ], [ -95.331427, 38.996448 ], [ -95.330634, 38.996554 ], [ -95.329394, 38.996767 ], [ -95.328818, 38.996889 ], [ -95.328687, 38.99692 ], [ -95.328302, 38.997012 ], [ -95.327411, 38.997206 ], [ -95.326316, 38.99742 ], [ -95.325906, 38.99749 ], [ -95.324837, 38.997639 ], [ -95.323145, 38.997814 ], [ -95.32189, 38.9979 ], [ -95.3213751, 38.9979231 ], [ -95.3204691, 38.9979396 ], [ -95.317151, 38.997908 ], [ -95.315182, 38.99789 ], [ -95.2974314, 38.9976719 ], [ -95.2969958, 38.9976687 ], [ -95.290284, 38.997581 ], [ -95.289399, 38.997531 ], [ -95.288332, 38.997435 ], [ -95.2881246, 38.9974192 ], [ -95.2877146, 38.9973721 ], [ -95.2870824, 38.9972932 ], [ -95.2865946, 38.9972233 ], [ -95.2860642, 38.9971436 ], [ -95.2852795, 38.9969919 ], [ -95.2844475, 38.9968225 ], [ -95.2827602, 38.9964025 ], [ -95.2815633, 38.9960481 ], [ -95.2805355, 38.9957388 ], [ -95.279642, 38.9954773 ], [ -95.2789814, 38.99529 ], [ -95.2777177, 38.9949022 ], [ -95.2762879, 38.9944788 ], [ -95.2737039, 38.9937122 ], [ -95.2699884, 38.9925952 ], [ -95.2678601, 38.9919306 ], [ -95.2651834, 38.991146 ], [ -95.2640695, 38.9908222 ], [ -95.2635149, 38.9906608 ], [ -95.2627632, 38.9904564 ], [ -95.2625048, 38.9903939 ], [ -95.2619311, 38.9902811 ], [ -95.2607614, 38.9900692 ], [ -95.2596023, 38.9899154 ], [ -95.2591734, 38.9898708 ], [ -95.2587444, 38.9898338 ], [ -95.2580611, 38.9897936 ], [ -95.2574291, 38.9897674 ], [ -95.2570467, 38.9897598 ], [ -95.2564097, 38.9897634 ], [ -95.255879, 38.9897758 ], [ -95.2554657, 38.9897922 ], [ -95.2550769, 38.9898162 ], [ -95.2546272, 38.9898482 ], [ -95.2538079, 38.9899316 ], [ -95.2533418, 38.9899883 ], [ -95.2523406, 38.9901286 ], [ -95.2519031, 38.9901872 ], [ -95.2513384, 38.9902585 ], [ -95.2508294, 38.9903325 ], [ -95.2496326, 38.9905077 ], [ -95.2479783, 38.9907448 ], [ -95.2470018, 38.9909195 ], [ -95.2450574, 38.9912608 ], [ -95.2434693, 38.9914759 ], [ -95.2353631, 38.992624 ], [ -95.2345999, 38.9927447 ], [ -95.2337722, 38.9928707 ], [ -95.2329614, 38.9929864 ], [ -95.2320123, 38.9931069 ], [ -95.23067, 38.9933058 ], [ -95.2296774, 38.9934424 ], [ -95.2282494, 38.9935863 ], [ -95.2277162, 38.9936348 ], [ -95.2269143, 38.9936908 ], [ -95.2262934, 38.9937249 ], [ -95.2255397, 38.9937562 ], [ -95.2248453, 38.9937756 ], [ -95.2243081, 38.9937819 ], [ -95.2237368, 38.9937864 ], [ -95.2137348, 38.9936993 ], [ -95.2129224, 38.9936877 ], [ -95.2055075, 38.9936354 ], [ -95.205089, 38.993628 ], [ -95.2037802, 38.9936257 ], [ -95.2026322, 38.9936507 ], [ -95.201393, 38.9937383 ], [ -95.2002987, 38.9938717 ], [ -95.1993063, 38.9940468 ], [ -95.1975789, 38.994397 ], [ -95.1965247, 38.994614 ], [ -95.1959362, 38.9947352 ], [ -95.194509, 38.9950237 ], [ -95.1935695, 38.9952193 ], [ -95.1888851, 38.996202 ], [ -95.1880913, 38.9963748 ], [ -95.1873823, 38.9965257 ], [ -95.1865751, 38.9967028 ], [ -95.1858252, 38.9968757 ], [ -95.1853361, 38.9969969 ], [ -95.1849664, 38.9971032 ], [ -95.1845886, 38.9972258 ], [ -95.1842247, 38.9973495 ], [ -95.183867, 38.9974789 ], [ -95.1835132, 38.9976132 ], [ -95.1827485, 38.9979111 ], [ -95.1821649, 38.9981628 ], [ -95.1818491, 38.9983049 ], [ -95.1814241, 38.9985116 ], [ -95.180821, 38.9988234 ], [ -95.1800472, 38.9992215 ], [ -95.179992, 38.9992501 ], [ -95.1792061, 38.9996567 ], [ -95.1784083, 39.0000691 ], [ -95.1773407, 39.0006286 ], [ -95.1727049, 39.0030512 ], [ -95.1695145, 39.0047068 ], [ -95.1680165, 39.0054901 ], [ -95.1670131, 39.0059878 ], [ -95.1662829, 39.0063252 ], [ -95.1655324, 39.0066423 ], [ -95.1647417, 39.0069559 ], [ -95.1641077, 39.0071866 ], [ -95.1633384, 39.007443 ], [ -95.162486, 39.0077106 ], [ -95.1613507, 39.0080249 ], [ -95.1595002, 39.0085215 ], [ -95.1568122, 39.0092442 ], [ -95.1549754, 39.0097426 ], [ -95.1536155, 39.0101314 ], [ -95.1527156, 39.0104288 ], [ -95.1519499, 39.0107028 ], [ -95.1511172, 39.0110237 ], [ -95.1500091, 39.0115012 ], [ -95.1493746, 39.0118058 ], [ -95.148367, 39.0123124 ], [ -95.147396, 39.0128599 ], [ -95.143479, 39.0151219 ], [ -95.1428934, 39.0154404 ], [ -95.1423472, 39.0157314 ], [ -95.1420283, 39.0158848 ], [ -95.1416994, 39.0160349 ], [ -95.141254, 39.0162244 ], [ -95.1406797, 39.01645 ], [ -95.1402551, 39.0166018 ], [ -95.1398763, 39.0167314 ], [ -95.1379614, 39.0173865 ], [ -95.1374376, 39.0175782 ], [ -95.1369581, 39.0177701 ], [ -95.13663, 39.017911 ], [ -95.1363271, 39.0180444 ], [ -95.1359616, 39.0182182 ], [ -95.1356166, 39.0183951 ], [ -95.1352804, 39.0185736 ], [ -95.1349477, 39.0187555 ], [ -95.1346531, 39.0189291 ], [ -95.13437, 39.0191084 ], [ -95.1338134, 39.019471 ], [ -95.1334181, 39.0197558 ], [ -95.1331738, 39.0199412 ], [ -95.1328732, 39.0201779 ], [ -95.1325649, 39.020436 ], [ -95.1323379, 39.0206351 ], [ -95.1318844, 39.0210453 ], [ -95.1307449, 39.0220706 ], [ -95.1302949, 39.0224499 ], [ -95.1298588, 39.022807 ], [ -95.1291736, 39.0232986 ], [ -95.1288307, 39.0235348 ], [ -95.1285192, 39.0237284 ], [ -95.1279413, 39.0240655 ], [ -95.1200859, 39.0285979 ], [ -95.1104295, 39.0341474 ], [ -95.1098334, 39.0344891 ], [ -95.1065837, 39.0363638 ], [ -95.0992144, 39.0405965 ], [ -95.0956501, 39.042646 ], [ -95.0947167, 39.0431527 ], [ -95.0939637, 39.0435435 ], [ -95.0932836, 39.0438695 ], [ -95.0927528, 39.0441134 ], [ -95.0922357, 39.0443492 ], [ -95.0916355, 39.0446147 ], [ -95.0909918, 39.0448815 ], [ -95.0878221, 39.0461359 ], [ -95.0860887, 39.0468165 ], [ -95.0765895, 39.0505623 ], [ -95.0733751, 39.0518312 ], [ -95.0714852, 39.0525523 ], [ -95.07072, 39.0528215 ], [ -95.0698638, 39.0531039 ], [ -95.0691497, 39.0533275 ], [ -95.0680284, 39.0536525 ], [ -95.0670927, 39.053907 ], [ -95.0659051, 39.0542262 ], [ -95.0596088, 39.0559283 ], [ -95.058949, 39.0561122 ], [ -95.0583959, 39.0562887 ], [ -95.0579394, 39.0564446 ], [ -95.0573408, 39.0566637 ], [ -95.0567139, 39.0569167 ], [ -95.0561002, 39.0571859 ], [ -95.0553179, 39.0575565 ], [ -95.0541398, 39.0581228 ], [ -95.0471107, 39.0615217 ], [ -95.0450213, 39.0625346 ], [ -95.0441474, 39.062947 ], [ -95.0431982, 39.0633712 ], [ -95.042274, 39.063758 ], [ -95.0415401, 39.0640492 ], [ -95.0408707, 39.0642973 ], [ -95.0402874, 39.064509 ], [ -95.0395865, 39.0647429 ], [ -95.0345785, 39.0664135 ], [ -95.0338957, 39.066634 ], [ -95.0333199, 39.0668031 ], [ -95.0329089, 39.066909 ], [ -95.0324201, 39.067033 ], [ -95.0318285, 39.0671664 ], [ -95.0311629, 39.0672963 ], [ -95.0305307, 39.0674024 ], [ -95.029927, 39.0674947 ], [ -95.0292337, 39.0675771 ], [ -95.0284931, 39.0676462 ], [ -95.0248099, 39.0679267 ], [ -95.0233985, 39.0680352 ], [ -95.0175883, 39.068477 ], [ -95.0165459, 39.0685657 ], [ -95.0158292, 39.0686204 ], [ -95.0139686, 39.0689548 ], [ -95.0133276, 39.0690755 ], [ -95.0127107, 39.0692213 ], [ -95.0120428, 39.0693942 ], [ -95.0102967, 39.0698502 ], [ -95.0093016, 39.0701043 ], [ -95.0086149, 39.0702771 ], [ -95.0082219, 39.0703657 ], [ -95.0067776, 39.0706977 ], [ -95.0059996, 39.0708433 ], [ -95.0054312, 39.0709587 ], [ -95.0045621, 39.0710975 ], [ -95.0020516, 39.0714391 ], [ -95.0010216, 39.0716265 ], [ -94.9992241, 39.0719035 ], [ -94.995594, 39.0727252 ], [ -94.9951198, 39.0728265 ], [ -94.9883045, 39.0742832 ], [ -94.9832024, 39.0754027 ], [ -94.9787784, 39.0763715 ], [ -94.9760992, 39.0769581 ], [ -94.971002, 39.0780736 ], [ -94.9657952, 39.0792104 ], [ -94.9647093, 39.0794394 ], [ -94.9640195, 39.0795802 ], [ -94.9633204, 39.0797229 ], [ -94.9571449, 39.0809077 ], [ -94.95581, 39.081151 ], [ -94.9532232, 39.0816553 ], [ -94.9511281, 39.0820529 ], [ -94.9489056, 39.082479 ], [ -94.9479098, 39.08267 ], [ -94.9471754, 39.0827959 ], [ -94.9465039, 39.0829025 ], [ -94.9456531, 39.0830254 ], [ -94.944724, 39.0831409 ], [ -94.9438675, 39.0832283 ], [ -94.9430148, 39.0833068 ], [ -94.9329654, 39.0841231 ], [ -94.9321875, 39.0841906 ], [ -94.9314263, 39.0842557 ], [ -94.930854, 39.0843164 ], [ -94.9303371, 39.084389 ], [ -94.9298277, 39.0844867 ], [ -94.9294271, 39.0845785 ], [ -94.9289998, 39.0846926 ], [ -94.9286755, 39.0847903 ], [ -94.9282787, 39.084925 ], [ -94.9278628, 39.0850775 ], [ -94.9273745, 39.0852834 ], [ -94.9212511, 39.0880507 ], [ -94.9207762, 39.0882489 ], [ -94.9203149, 39.088428 ], [ -94.9199399, 39.0885557 ], [ -94.9196593, 39.0886353 ], [ -94.9190902, 39.0887711 ], [ -94.9187213, 39.0888385 ], [ -94.9183619, 39.0888939 ], [ -94.9177761, 39.0889531 ], [ -94.9163651, 39.0890389 ], [ -94.9158648, 39.0890569 ], [ -94.9152352, 39.0890862 ], [ -94.9146896, 39.089121 ], [ -94.914169, 39.089161 ], [ -94.9133549, 39.0892468 ], [ -94.9125576, 39.0893623 ], [ -94.9118842, 39.0894763 ], [ -94.9111192, 39.0896273 ], [ -94.9106003, 39.0897443 ], [ -94.9100986, 39.0898701 ], [ -94.909574, 39.0900167 ], [ -94.9089549, 39.0902038 ], [ -94.9055165, 39.0912507 ], [ -94.9040323, 39.0917038 ], [ -94.90214, 39.092284 ], [ -94.901273, 39.09254 ], [ -94.899578, 39.093069 ], [ -94.897817, 39.0936109 ], [ -94.8971999, 39.0937841 ], [ -94.8971049, 39.0938108 ], [ -94.896658, 39.0939231 ], [ -94.8959078, 39.0940997 ], [ -94.8951469, 39.0943055 ], [ -94.8945559, 39.0944454 ], [ -94.8938067, 39.0946058 ], [ -94.8931368, 39.0947458 ], [ -94.8922867, 39.0948822 ], [ -94.8913856, 39.09503 ], [ -94.8909214, 39.0951201 ], [ -94.8893828, 39.0953866 ], [ -94.8882071, 39.0955848 ], [ -94.8869288, 39.0958117 ], [ -94.8845354, 39.096215 ], [ -94.883778, 39.0963199 ], [ -94.882913, 39.0964718 ], [ -94.8814376, 39.0967271 ], [ -94.8798485, 39.0969964 ], [ -94.8774486, 39.0974173 ], [ -94.8767334, 39.097543 ], [ -94.8757249, 39.097724 ], [ -94.8753005, 39.0978037 ], [ -94.8747253, 39.0979103 ], [ -94.8738098, 39.098101 ], [ -94.872977, 39.0982811 ], [ -94.8725019, 39.0983948 ], [ -94.8721241, 39.0984851 ], [ -94.8705014, 39.0989069 ], [ -94.8687217, 39.0994013 ], [ -94.8670925, 39.0999088 ], [ -94.865045, 39.1005412 ], [ -94.8641649, 39.1008063 ], [ -94.8629365, 39.1011699 ], [ -94.8616461, 39.1015535 ], [ -94.8599787, 39.1020669 ], [ -94.8577929, 39.1027172 ], [ -94.8556202, 39.1033605 ], [ -94.8543201, 39.1037253 ], [ -94.8537311, 39.1038799 ], [ -94.8531074, 39.1040302 ], [ -94.852309, 39.1042154 ], [ -94.8512174, 39.1044504 ], [ -94.8499247, 39.1047015 ], [ -94.8478562, 39.1050472 ], [ -94.8470246, 39.105174 ], [ -94.846574, 39.1052368 ], [ -94.8462944, 39.1052664 ], [ -94.8454123, 39.10536 ], [ -94.84421, 39.1054905 ], [ -94.8433874, 39.1055503 ], [ -94.8420442, 39.1056497 ], [ -94.840964, 39.1057242 ], [ -94.8404085, 39.1057467 ], [ -94.8388919, 39.1058083 ], [ -94.8371395, 39.1058806 ], [ -94.8355167, 39.1059336 ], [ -94.8305697, 39.1060811 ], [ -94.8276541, 39.1061842 ], [ -94.8199824, 39.1064556 ], [ -94.818313, 39.106533 ], [ -94.8169944, 39.1065765 ], [ -94.8157868, 39.1066153 ], [ -94.8151536, 39.1066305 ], [ -94.8143431, 39.1066316 ], [ -94.8133693, 39.1066061 ], [ -94.8126705, 39.1065862 ], [ -94.8125874, 39.1065819 ], [ -94.8117318, 39.1065372 ], [ -94.8103099, 39.1064423 ], [ -94.8095804, 39.1063929 ], [ -94.8073976, 39.1062519 ], [ -94.8067846, 39.1062098 ], [ -94.800941, 39.1058034 ], [ -94.7980088, 39.1055798 ], [ -94.7974784, 39.1055466 ], [ -94.791875, 39.105198 ], [ -94.789531, 39.105035 ], [ -94.786768, 39.104867 ], [ -94.783953, 39.104781 ], [ -94.782673, 39.104749 ], [ -94.7787411, 39.104762 ], [ -94.775349, 39.1048121 ], [ -94.768931, 39.104907 ], [ -94.767873, 39.104921 ], [ -94.766952, 39.104934 ], [ -94.7659206, 39.1049247 ], [ -94.7636485, 39.1049637 ], [ -94.7608716, 39.1049969 ], [ -94.760114, 39.1050005 ], [ -94.7589724, 39.1050071 ], [ -94.7578982, 39.1050517 ], [ -94.7566589, 39.105128 ], [ -94.7562057, 39.1051632 ], [ -94.7556478, 39.1052006 ], [ -94.7546517, 39.1053074 ], [ -94.7533199, 39.1054723 ], [ -94.7503736, 39.1058587 ], [ -94.7479501, 39.106092 ], [ -94.7469092, 39.1061424 ], [ -94.7463393, 39.1061557 ], [ -94.7455171, 39.1061862 ], [ -94.7446867, 39.1061844 ], [ -94.743796, 39.1061775 ], [ -94.7402997, 39.1061374 ], [ -94.7386612, 39.106108 ], [ -94.7356652, 39.1060572 ], [ -94.7351913, 39.106051 ], [ -94.7335498, 39.1060294 ], [ -94.7323465, 39.1060082 ], [ -94.7309983, 39.1059874 ], [ -94.7278939, 39.1059299 ], [ -94.7276833, 39.1059229 ], [ -94.7258822, 39.1058633 ], [ -94.7234458, 39.1057534 ], [ -94.7209227, 39.1055902 ], [ -94.7168134, 39.1052949 ], [ -94.7160177, 39.1052378 ], [ -94.7152127, 39.1051818 ], [ -94.7142461, 39.1051238 ], [ -94.7133697, 39.1050829 ], [ -94.7124711, 39.1050974 ], [ -94.711755, 39.1051079 ], [ -94.7112583, 39.1051004 ], [ -94.7103013, 39.1051548 ], [ -94.7077398, 39.1054013 ], [ -94.7039082, 39.105829 ], [ -94.702311, 39.105961 ], [ -94.701138, 39.106015 ], [ -94.700533, 39.10602 ], [ -94.699051, 39.105997 ], [ -94.698438, 39.105972 ], [ -94.6975504, 39.1059024 ], [ -94.697074, 39.105865 ], [ -94.6937327, 39.105472 ], [ -94.6925798, 39.1053364 ], [ -94.6919605, 39.1052899 ], [ -94.691057, 39.1052231 ], [ -94.6901248, 39.1051928 ], [ -94.6880848, 39.1051709 ], [ -94.6875123, 39.1051703 ], [ -94.6859409, 39.1051611 ], [ -94.685001, 39.1051607 ], [ -94.6835312, 39.1050727 ], [ -94.6832666, 39.1050397 ], [ -94.6827699, 39.1049712 ], [ -94.6820474, 39.1048517 ], [ -94.6815901, 39.1047595 ], [ -94.680828, 39.1045831 ], [ -94.6796869, 39.1043097 ], [ -94.6787492, 39.1040886 ], [ -94.6775545, 39.1038058 ], [ -94.6769797, 39.1036667 ], [ -94.6762128, 39.1034616 ], [ -94.6757454, 39.1032969 ], [ -94.6752565, 39.1030994 ], [ -94.6747923, 39.1028866 ], [ -94.6741659, 39.1025577 ], [ -94.6733651, 39.1021164 ], [ -94.6722916, 39.101521 ], [ -94.6699274, 39.1002393 ], [ -94.6691992, 39.0998845 ], [ -94.6687861, 39.099693 ], [ -94.6683449, 39.0995047 ], [ -94.6679358, 39.0993361 ], [ -94.6673095, 39.099104 ], [ -94.6665733, 39.0988552 ], [ -94.665546, 39.0985565 ], [ -94.6643725, 39.0982682 ], [ -94.6609406, 39.097446 ], [ -94.6598959, 39.0972087 ], [ -94.6593481, 39.0971064 ], [ -94.6588411, 39.0970263 ], [ -94.6582953, 39.0969482 ], [ -94.6577723, 39.0968858 ], [ -94.6570669, 39.0968265 ], [ -94.6562018, 39.0967859 ], [ -94.6547989, 39.0967436 ], [ -94.6543004, 39.0967286 ], [ -94.6537778, 39.0967122 ], [ -94.653118, 39.0966727 ], [ -94.6525829, 39.0966269 ], [ -94.651972, 39.0965527 ], [ -94.651453, 39.0964788 ], [ -94.6508187, 39.0963643 ], [ -94.6498817, 39.0961525 ], [ -94.649723, 39.0961166 ], [ -94.6490299, 39.09592 ], [ -94.6483469, 39.095712 ], [ -94.6475755, 39.0954489 ], [ -94.6462366, 39.0948493 ], [ -94.6444464, 39.0938985 ], [ -94.6440141, 39.0936548 ], [ -94.6424257, 39.0929908 ], [ -94.6414215, 39.0927643 ], [ -94.6395933, 39.0924712 ], [ -94.6371471, 39.0921448 ], [ -94.6347378, 39.0919344 ] ], [ [ -94.6347378, 39.0919344 ], [ -94.6341758, 39.0918346 ], [ -94.6339222, 39.0918018 ], [ -94.6316148, 39.091556 ], [ -94.6310762, 39.0915324 ], [ -94.6305072, 39.0915354 ], [ -94.6299534, 39.0915854 ], [ -94.6291625, 39.091715 ], [ -94.6285196, 39.0919004 ], [ -94.6277571, 39.0921772 ], [ -94.6273319, 39.0923864 ], [ -94.6268862, 39.0926274 ], [ -94.6264351, 39.0929355 ], [ -94.6259298, 39.0933976 ], [ -94.6255645, 39.0938073 ], [ -94.6252938, 39.0941749 ], [ -94.6247666, 39.0949592 ], [ -94.6236103, 39.0971803 ], [ -94.622599065956521, 39.099122760377405 ] ], [ [ -94.6347378, 39.0919344 ], [ -94.6341572, 39.0919105 ], [ -94.6339207, 39.0918962 ], [ -94.6316804, 39.0917077 ], [ -94.6311021, 39.0917037 ], [ -94.6304345, 39.0917282 ], [ -94.6298751, 39.0917878 ], [ -94.6291083, 39.0919628 ], [ -94.6283414, 39.0922219 ], [ -94.6277009, 39.092537 ], [ -94.6271561, 39.0928483 ], [ -94.6266099, 39.0932751 ], [ -94.6259461, 39.0939581 ], [ -94.6256995, 39.0943674 ], [ -94.625557273814636, 39.094664215459154 ] ], [ [ -94.622433832002898, 39.099804066700102 ], [ -94.6225052, 39.0997852 ], [ -94.6230969, 39.0995056 ], [ -94.6236242, 39.0991729 ], [ -94.6240832, 39.098749 ], [ -94.6245879, 39.098058 ], [ -94.6253933, 39.0963341 ], [ -94.6255142, 39.0960998 ], [ -94.6258977, 39.0954032 ], [ -94.6265472, 39.0944544 ], [ -94.6273863, 39.0935302 ], [ -94.6285411, 39.0927249 ], [ -94.6290661, 39.092473 ], [ -94.6295786, 39.0922488 ], [ -94.6303343, 39.0920563 ], [ -94.631004, 39.0919617 ], [ -94.6320873, 39.091892 ] ], [ [ -94.625557273814636, 39.094664215459154 ], [ -94.6258034, 39.0944389 ], [ -94.6263635, 39.0939636 ], [ -94.6264774, 39.0938629 ], [ -94.6270574, 39.0933501 ], [ -94.627523, 39.092972 ], [ -94.6278037, 39.0927888 ], [ -94.6284199, 39.0924446 ], [ -94.6289712, 39.0922194 ], [ -94.6295453, 39.0920362 ], [ -94.6301832, 39.0918877 ], [ -94.6308467, 39.0918283 ], [ -94.6315102, 39.0918382 ], [ -94.6320873, 39.091892 ] ], [ [ -94.622843855822254, 39.099016604245939 ], [ -94.6237509, 39.0972746 ], [ -94.6244591, 39.0959373 ], [ -94.6247253, 39.0955207 ], [ -94.6250997, 39.0950831 ], [ -94.625557273814636, 39.094664215459154 ] ], [ [ -94.625557273814636, 39.094664215459154 ], [ -94.6254188, 39.0949532 ], [ -94.6249523, 39.0962691 ], [ -94.624704, 39.0969777 ], [ -94.6245447, 39.0973456 ], [ -94.6241101, 39.0980345 ], [ -94.6236187, 39.0985468 ], [ -94.6230823, 39.0989132 ], [ -94.622843855822254, 39.099016604245939 ] ], [ [ -94.622843855822254, 39.099016604245939 ], [ -94.622599065956521, 39.099122760377405 ] ], [ [ -94.622433832002898, 39.099804066700102 ], [ -94.622843855822254, 39.099016604245939 ] ], [ [ -94.622599065956521, 39.099122760377405 ], [ -94.6223527, 39.0992296 ], [ -94.6216393, 39.0993794 ], [ -94.6204215, 39.0994252 ], [ -94.6200138, 39.0994086 ], [ -94.619366, 39.0993193 ], [ -94.6170742, 39.0989242 ], [ -94.6164251, 39.0988659 ], [ -94.6157546, 39.0988409 ], [ -94.614166, 39.0988456 ], [ -94.6095334, 39.0988227 ], [ -94.6069571, 39.0988317 ], [ -94.6058326, 39.0988087 ], [ -94.604234, 39.0987004 ], [ -94.6031718, 39.0985714 ], [ -94.6018737, 39.0983299 ], [ -94.6000712, 39.0979261 ], [ -94.5972097, 39.097144 ], [ -94.5969599, 39.0970705 ], [ -94.5962443, 39.0968796 ], [ -94.5949929, 39.0965512 ], [ -94.5942784, 39.0964002 ], [ -94.5936252, 39.0963171 ], [ -94.5926944, 39.0962422 ], [ -94.5916443, 39.0962165 ], [ -94.5898852, 39.0961735 ], [ -94.5892639, 39.0961485 ], [ -94.588758, 39.096174 ], [ -94.5882742, 39.0961943 ], [ -94.5873402, 39.0962276 ], [ -94.5867582, 39.0962172 ], [ -94.5856781, 39.0961861 ], [ -94.5854627, 39.0961797 ], [ -94.5842991, 39.0960747 ], [ -94.5792316, 39.0958284 ], [ -94.5784099, 39.0958176 ], [ -94.5779175, 39.0958401 ], [ -94.5775595, 39.095868 ], [ -94.5751851, 39.0962399 ], [ -94.5747457, 39.0962758 ], [ -94.5742721, 39.0962952 ], [ -94.5733373, 39.0962602 ], [ -94.5703177, 39.096148 ], [ -94.5697426, 39.0961236 ], [ -94.5673718, 39.0960559 ], [ -94.5649652, 39.0960556 ], [ -94.5648186, 39.0960851 ] ], [ [ -94.622599065956521, 39.099122760377405 ], [ -94.6223982, 39.0995086 ], [ -94.622214126089986, 39.099862147713132 ] ], [ [ -94.622214126089986, 39.099862147713132 ], [ -94.622433832002898, 39.099804066700102 ] ], [ [ -94.5674943, 39.0963108 ], [ -94.5677677, 39.0963951 ], [ -94.5682406, 39.0964533 ], [ -94.5688713, 39.0965918 ], [ -94.5696927, 39.0968598 ], [ -94.5702355, 39.0970966 ], [ -94.5706815, 39.0973309 ], [ -94.5709108, 39.0974514 ], [ -94.5716127, 39.0978504 ], [ -94.5718916, 39.0980624 ], [ -94.5720946, 39.0982508 ], [ -94.5722198, 39.0984157 ], [ -94.5723412, 39.0985982 ], [ -94.5724322, 39.0987808 ], [ -94.5725005, 39.0989884 ], [ -94.5725499, 39.0992342 ], [ -94.5725593, 39.0993638 ], [ -94.572565, 39.0997863 ], [ -94.5725451, 39.1002688 ], [ -94.5724979, 39.1004678 ], [ -94.572498, 39.100592 ], [ -94.5724985, 39.1009925 ], [ -94.5724498, 39.1018829 ], [ -94.5724289, 39.1022887 ], [ -94.5724113, 39.1024932 ], [ -94.5723657, 39.1027243 ], [ -94.5723174, 39.1028991 ], [ -94.5721216, 39.103484 ], [ -94.571958, 39.1037754 ], [ -94.5714216, 39.1046059 ], [ -94.5712966, 39.1048413 ], [ -94.571274, 39.1048839 ], [ -94.5712445, 39.1050442 ], [ -94.5712231, 39.1051816 ], [ -94.5712178, 39.1053125 ], [ -94.5712441, 39.1055481 ], [ -94.5712977, 39.105675 ], [ -94.5713943, 39.1058478 ], [ -94.5715418, 39.1060434 ], [ -94.5716249, 39.1061246 ], [ -94.5719361, 39.1063348 ], [ -94.5721319, 39.1064264 ], [ -94.5723357, 39.1064805 ], [ -94.5726198, 39.1065257 ], [ -94.5728909, 39.1065441 ], [ -94.5733993, 39.1065571 ], [ -94.5738236, 39.1065679 ], [ -94.5744971, 39.1065851 ], [ -94.5748163, 39.106638 ], [ -94.5802055, 39.10681 ], [ -94.5803101, 39.1068134 ], [ -94.5807221, 39.1068265 ], [ -94.5812662, 39.1068381 ], [ -94.585316, 39.1069548 ], [ -94.5855798, 39.1069587 ], [ -94.5873214, 39.1070113 ], [ -94.5874303, 39.1070146 ], [ -94.5879488, 39.1070094 ], [ -94.5902093, 39.1069904 ], [ -94.5903899, 39.1069863 ], [ -94.5905809, 39.1069781 ], [ -94.5910185, 39.1069512 ], [ -94.5911442, 39.1069449 ], [ -94.5912749, 39.1069412 ], [ -94.5915555, 39.1069375 ], [ -94.5918465, 39.1069418 ], [ -94.5920866, 39.1069483 ], [ -94.5923371, 39.1069575 ], [ -94.5927126, 39.1069716 ], [ -94.5928818, 39.1069802 ], [ -94.5930944, 39.1069953 ], [ -94.5936288, 39.107037 ], [ -94.593906, 39.1070541 ], [ -94.5941676, 39.1070664 ], [ -94.5947593, 39.107085 ], [ -94.5994792, 39.1072195 ], [ -94.6016613, 39.1072872 ], [ -94.6020376, 39.1073292 ], [ -94.6024523, 39.1073911 ], [ -94.6028797, 39.1074802 ], [ -94.603237, 39.1075668 ], [ -94.603489, 39.1076312 ], [ -94.6071296, 39.1088483 ], [ -94.6086353, 39.1093517 ], [ -94.6090595, 39.10952 ], [ -94.6094423, 39.1096907 ], [ -94.6097995, 39.1098813 ], [ -94.6101026, 39.1100669 ], [ -94.6104247, 39.1102823 ], [ -94.6123636, 39.1118482 ], [ -94.6130307, 39.1123191 ], [ -94.6133369, 39.1125221 ], [ -94.6139111, 39.1128785 ], [ -94.614464, 39.1131957 ], [ -94.6156, 39.113835 ], [ -94.6159271, 39.1139403 ], [ -94.6161256, 39.1139694 ], [ -94.6165118, 39.1139694 ], [ -94.6167425, 39.1139299 ], [ -94.6170047, 39.1138524 ], [ -94.6172727, 39.1137336 ], [ -94.6174185, 39.1136361 ], [ -94.6175857, 39.1135178 ], [ -94.6177447, 39.1133822 ], [ -94.6179393, 39.1131421 ], [ -94.6185551, 39.1119627 ], [ -94.6188835, 39.1113403 ], [ -94.6194321, 39.1105459 ], [ -94.6208101, 39.1088975 ], [ -94.6210014, 39.10865 ], [ -94.6211641, 39.1083901 ], [ -94.6213459, 39.1080634 ], [ -94.6214608, 39.1077516 ], [ -94.621633, 39.1071699 ], [ -94.6216556, 39.1065744 ], [ -94.6216669, 39.104815 ], [ -94.6216966, 39.1027864 ], [ -94.62173, 39.1018466 ], [ -94.6217706, 39.1015 ], [ -94.6218202, 39.101192 ], [ -94.6219691, 39.1006984 ], [ -94.6221541, 39.1003413 ], [ -94.622433832002898, 39.099804066700102 ] ], [ [ -94.572072620576819, 39.097627373718893 ], [ -94.5721984, 39.0976606 ], [ -94.5725218, 39.0976857 ], [ -94.5730365, 39.0976877 ], [ -94.5735512, 39.0976104 ], [ -94.573923, 39.0974891 ], [ -94.5743909, 39.0972737 ], [ -94.574749, 39.097071 ], [ -94.5756071, 39.0965987 ], [ -94.5760335, 39.0964202 ], [ -94.5763637, 39.0963155 ], [ -94.5769309, 39.0961688 ], [ -94.5781422, 39.0960171 ], [ -94.5790663, 39.096016 ], [ -94.5840523, 39.0962601 ], [ -94.5844536, 39.0962826 ], [ -94.5848549, 39.0963129 ], [ -94.58567, 39.0963731 ], [ -94.586229, 39.0964479 ], [ -94.5870309, 39.0964656 ], [ -94.5874678, 39.0964833 ], [ -94.5878903, 39.096482 ], [ -94.5884267, 39.0964656 ], [ -94.5887542, 39.0964184 ], [ -94.5897591, 39.0963249 ], [ -94.5903346, 39.0962898 ], [ -94.5926019, 39.0963579 ], [ -94.5937857, 39.0964882 ], [ -94.5945993, 39.0966551 ], [ -94.5961758, 39.0970477 ], [ -94.5986029, 39.0976945 ], [ -94.5998417, 39.0980247 ], [ -94.6011426, 39.0983582 ], [ -94.6025049, 39.0986418 ], [ -94.603795, 39.0988273 ], [ -94.6053828, 39.0989498 ], [ -94.6070428, 39.0989848 ], [ -94.609711, 39.0989893 ], [ -94.6146526, 39.0989975 ], [ -94.6155371, 39.0990434 ], [ -94.6163261, 39.0991759 ], [ -94.6184161, 39.099744 ], [ -94.6187385, 39.0998294 ], [ -94.6197627, 39.1000148 ], [ -94.6204114, 39.100059 ], [ -94.6212383, 39.1000443 ], [ -94.6218035, 39.0999707 ], [ -94.622214126089986, 39.099862147713132 ] ], [ [ -94.622214126089986, 39.099862147713132 ], [ -94.6218422, 39.1005765 ], [ -94.6216865, 39.1010182 ], [ -94.6215953, 39.1013991 ], [ -94.621547, 39.1017842 ], [ -94.6214958, 39.1047736 ], [ -94.6214292, 39.1056066 ], [ -94.6214146, 39.1057887 ], [ -94.6213334, 39.1067058 ], [ -94.6212081, 39.1072056 ], [ -94.6210628, 39.1075914 ], [ -94.6208959, 39.1079799 ], [ -94.6206162, 39.1084245 ], [ -94.620341, 39.108827 ], [ -94.6195005, 39.1100082 ], [ -94.6187351, 39.1112561 ], [ -94.6182435, 39.1121521 ], [ -94.6177833, 39.1129642 ], [ -94.6176273, 39.1132504 ], [ -94.6175227, 39.1133732 ], [ -94.6174154, 39.1134669 ], [ -94.6172652, 39.1135584 ], [ -94.617123, 39.1136333 ], [ -94.6169487, 39.1136958 ], [ -94.6167368, 39.1137374 ], [ -94.6165675, 39.1137616 ], [ -94.616431, 39.1137614 ], [ -94.6162406, 39.1137395 ], [ -94.6160206, 39.1136833 ], [ -94.6158678, 39.1136271 ], [ -94.6155747, 39.113522 ], [ -94.6139523, 39.1125772 ], [ -94.6136014, 39.1123396 ], [ -94.6133239, 39.1121441 ], [ -94.6111264, 39.110552 ], [ -94.6105851, 39.1101669 ], [ -94.6101926, 39.1099219 ], [ -94.6096468, 39.1096069 ], [ -94.6090739, 39.1093619 ], [ -94.6071388, 39.1086934 ], [ -94.603836, 39.1075984 ], [ -94.6033808, 39.1074571 ], [ -94.6029863, 39.1073511 ], [ -94.6025122, 39.1072569 ], [ -94.6019546, 39.1071863 ], [ -94.6015866, 39.1071539 ], [ -94.6011656, 39.1071451 ], [ -94.5968034, 39.1070156 ], [ -94.595884, 39.1069729 ], [ -94.5936845, 39.1068846 ], [ -94.5928189, 39.1068579 ], [ -94.5919728, 39.1068298 ], [ -94.5917463, 39.1068264 ], [ -94.5915263, 39.1068293 ], [ -94.5907473, 39.1068691 ], [ -94.5905487, 39.1068775 ], [ -94.5903423, 39.1068829 ], [ -94.5876805, 39.1068742 ], [ -94.5855037, 39.1068108 ], [ -94.5850691, 39.106798 ], [ -94.5813807, 39.1066782 ], [ -94.5805595, 39.1066477 ], [ -94.5772014, 39.1065507 ], [ -94.5757765, 39.1065062 ], [ -94.5738281, 39.1063886 ], [ -94.5734073, 39.1063591 ], [ -94.5732081, 39.1063438 ], [ -94.5730841, 39.1062932 ], [ -94.5729607, 39.1062516 ], [ -94.5728132, 39.1062037 ], [ -94.5726978, 39.1061392 ], [ -94.5725584, 39.1060622 ], [ -94.5724162, 39.1059435 ], [ -94.5722794, 39.1058103 ], [ -94.5721989, 39.1057187 ], [ -94.5721185, 39.1056043 ], [ -94.5720595, 39.1054856 ], [ -94.5719951, 39.1052442 ], [ -94.571979, 39.1051484 ], [ -94.5719844, 39.1049819 ], [ -94.5720165, 39.1048446 ], [ -94.5720648, 39.1046781 ], [ -94.5721161, 39.1045302 ], [ -94.5721459, 39.1043428 ], [ -94.5723009, 39.1038726 ], [ -94.5724707, 39.1034336 ], [ -94.5725313, 39.1031084 ], [ -94.5725771, 39.1028339 ], [ -94.5726102, 39.1025773 ], [ -94.5726281, 39.1021333 ], [ -94.5726817, 39.1010031 ], [ -94.5727005, 39.1005722 ], [ -94.5727118, 39.1004155 ], [ -94.5727354, 39.0997896 ], [ -94.5727381, 39.0993699 ], [ -94.5727396, 39.0991538 ], [ -94.5726181, 39.0986892 ], [ -94.5725211, 39.0984266 ], [ -94.5723925, 39.0981517 ], [ -94.5722211, 39.0978384 ], [ -94.572072620576819, 39.097627373718893 ] ], [ [ -94.572072620576819, 39.097627373718893 ], [ -94.5720338, 39.0975722 ], [ -94.5719203, 39.0974437 ], [ -94.5717519, 39.0972589 ], [ -94.5715646, 39.0971065 ], [ -94.571251, 39.0968597 ], [ -94.5708248, 39.0965741 ], [ -94.5705482, 39.0964686 ], [ -94.5702598, 39.0963766 ], [ -94.5699449, 39.0962913 ], [ -94.5697249, 39.0962559 ], [ -94.5694289, 39.0962147 ], [ -94.5691178, 39.0961956 ], [ -94.5678889, 39.0961569 ], [ -94.5664018, 39.0961472 ], [ -94.5648186, 39.0960851 ] ], [ [ -94.5674943, 39.0963108 ], [ -94.5679491, 39.0963278 ], [ -94.5682232, 39.0963468 ], [ -94.56844, 39.0963661 ], [ -94.5687211, 39.0964146 ], [ -94.5693938, 39.0965802 ], [ -94.5696986, 39.0966808 ], [ -94.5702321, 39.0968908 ], [ -94.5711484, 39.0973288 ], [ -94.5717324, 39.0975375 ], [ -94.572072620576819, 39.097627373718893 ] ], [ [ -93.4169436, 38.977123 ], [ -93.41725, 38.977126 ], [ -93.4184181, 38.9771323 ], [ -93.4189698, 38.977139 ], [ -93.420446, 38.977168 ], [ -93.422046, 38.977223 ], [ -93.426192, 38.977398 ], [ -93.427469, 38.977452 ], [ -93.428683, 38.977496 ], [ -93.429402, 38.977526 ], [ -93.431123, 38.977598 ], [ -93.432999, 38.977683 ], [ -93.434684, 38.977734 ], [ -93.4366947, 38.9778317 ], [ -93.4381542, 38.9778924 ], [ -93.438903, 38.977922 ], [ -93.440811, 38.977992 ], [ -93.446125, 38.978223 ], [ -93.447085, 38.978253 ], [ -93.450442, 38.978395 ], [ -93.452337, 38.978465 ], [ -93.453582, 38.978523 ], [ -93.454877, 38.978576 ], [ -93.457943, 38.978704 ], [ -93.460036, 38.978793 ], [ -93.462928, 38.978907 ], [ -93.464433, 38.978973 ], [ -93.46509, 38.979009 ], [ -93.465759, 38.97906 ], [ -93.466379, 38.979115 ], [ -93.467091, 38.979209 ], [ -93.467977, 38.979361 ], [ -93.471295, 38.980024 ], [ -93.471642, 38.98011 ], [ -93.473865, 38.98058 ], [ -93.474978, 38.980816 ], [ -93.478841, 38.981622 ], [ -93.479615, 38.9817905 ], [ -93.479865, 38.981845 ], [ -93.482531, 38.982395 ], [ -93.486084, 38.983139 ], [ -93.488651, 38.983669 ], [ -93.489438, 38.983852 ], [ -93.489491, 38.983864 ], [ -93.489718, 38.983916 ], [ -93.49125, 38.984233 ], [ -93.4926216, 38.9845064 ], [ -93.49294, 38.9845678 ], [ -93.49351, 38.984693 ], [ -93.4942358, 38.9848412 ], [ -93.494823, 38.98495 ], [ -93.495686, 38.985131 ], [ -93.496744, 38.985392 ], [ -93.497879, 38.9856196 ], [ -93.49867, 38.985784 ], [ -93.4994363, 38.9859299 ], [ -93.4998773, 38.9860152 ], [ -93.500104, 38.986057 ], [ -93.501888, 38.986391 ], [ -93.503273, 38.986635 ], [ -93.505344, 38.986948 ], [ -93.506276, 38.987081 ], [ -93.50747, 38.987218 ], [ -93.50868, 38.98735 ], [ -93.510191, 38.987493 ], [ -93.511123, 38.987569 ], [ -93.512022, 38.987634 ], [ -93.513264, 38.987715 ], [ -93.515086, 38.987812 ], [ -93.517321, 38.98789 ], [ -93.519056, 38.987957 ], [ -93.521753, 38.988075 ], [ -93.524115, 38.988171 ], [ -93.527012, 38.9883 ], [ -93.529073, 38.988378 ], [ -93.530505, 38.988446 ], [ -93.532812, 38.988516 ], [ -93.537243, 38.988683 ], [ -93.539209, 38.988773 ], [ -93.539869, 38.988801 ], [ -93.541573, 38.988874 ], [ -93.544015, 38.988969 ], [ -93.545845, 38.989029 ], [ -93.547301, 38.989096 ], [ -93.548941, 38.989194 ], [ -93.549522, 38.989247 ], [ -93.549973, 38.989296 ], [ -93.550332, 38.98935 ], [ -93.550599, 38.989393 ], [ -93.551574, 38.989549 ], [ -93.558911, 38.990868 ], [ -93.559548, 38.990987 ], [ -93.5610847, 38.9912679 ], [ -93.56184, 38.991414 ], [ -93.562601, 38.991538 ], [ -93.5638838, 38.9916677 ], [ -93.564245, 38.9917 ], [ -93.564901, 38.991762 ], [ -93.566689, 38.99193 ], [ -93.5675094, 38.992013 ], [ -93.5679747, 38.9920553 ], [ -93.56823, 38.99208 ], [ -93.568711, 38.992126 ], [ -93.569698, 38.992196 ], [ -93.57102, 38.9923 ], [ -93.5711581, 38.992311 ], [ -93.5719747, 38.9923785 ], [ -93.57933, 38.993031 ], [ -93.579812, 38.993073 ], [ -93.581888, 38.993255 ], [ -93.583484, 38.993395 ], [ -93.584401, 38.993479 ], [ -93.58608, 38.99363 ], [ -93.588443, 38.993811 ], [ -93.589279, 38.9939 ], [ -93.589819, 38.993952 ], [ -93.5906518, 38.9940328 ], [ -93.591891, 38.994153 ], [ -93.593451, 38.99427 ], [ -93.593526, 38.994272 ], [ -93.593873, 38.99428 ], [ -93.594733, 38.994281 ], [ -93.594834, 38.994281 ], [ -93.595573, 38.994215 ], [ -93.595963, 38.99417 ], [ -93.597337, 38.993958 ], [ -93.598168, 38.993836 ], [ -93.598958, 38.99372 ], [ -93.601389, 38.993321 ], [ -93.602413, 38.993148 ], [ -93.606139, 38.992554 ], [ -93.6084821, 38.9921807 ], [ -93.608499, 38.992178 ], [ -93.609237, 38.99205 ], [ -93.609866, 38.991958 ], [ -93.610374, 38.991883 ], [ -93.611994, 38.991633 ], [ -93.612828, 38.991492 ], [ -93.613448, 38.991402 ], [ -93.614068, 38.991324 ], [ -93.614926, 38.991239 ], [ -93.617581, 38.990982 ], [ -93.619998, 38.990771 ], [ -93.62047, 38.990727 ], [ -93.622953, 38.990493 ], [ -93.626252, 38.990177 ], [ -93.627872, 38.990026 ], [ -93.629009, 38.98992 ], [ -93.630456, 38.989795 ], [ -93.631275, 38.989716 ], [ -93.631434, 38.989702 ], [ -93.632666, 38.989597 ], [ -93.633056, 38.989588 ], [ -93.633318, 38.989574 ], [ -93.633499, 38.98957 ], [ -93.6337, 38.989566 ], [ -93.634659, 38.989555 ], [ -93.63555, 38.989575 ], [ -93.637293, 38.989708 ], [ -93.637732, 38.989739 ], [ -93.638909, 38.989823 ], [ -93.639484, 38.989867 ], [ -93.639975, 38.989905 ], [ -93.640512, 38.989964 ], [ -93.641273, 38.990047 ], [ -93.641687, 38.990101 ], [ -93.641998, 38.990149 ], [ -93.6455245, 38.9908127 ], [ -93.64559, 38.990825 ], [ -93.6459252, 38.9908881 ], [ -93.647034, 38.991097 ], [ -93.648811, 38.99141 ], [ -93.649663, 38.991572 ], [ -93.650253, 38.991675 ], [ -93.650457, 38.991701 ], [ -93.651002, 38.99177 ], [ -93.651631, 38.991841 ], [ -93.652021, 38.991863 ], [ -93.653874, 38.991916 ], [ -93.656388, 38.99197 ], [ -93.659142, 38.992016 ], [ -93.661146, 38.992067 ], [ -93.664138, 38.992137 ], [ -93.665586, 38.99216 ], [ -93.66778, 38.99221 ], [ -93.668658, 38.992226 ], [ -93.669505, 38.992252 ], [ -93.669825, 38.992247 ], [ -93.672272, 38.992298 ], [ -93.672435, 38.992301 ], [ -93.673923, 38.992348 ], [ -93.674358, 38.992354 ], [ -93.674894, 38.992361 ], [ -93.675923, 38.992408 ], [ -93.678124, 38.992448 ], [ -93.680909, 38.992506 ], [ -93.681784, 38.992532 ], [ -93.683662, 38.992565 ], [ -93.685778, 38.992608 ], [ -93.687958, 38.992627 ], [ -93.695031, 38.992765 ], [ -93.695652, 38.99278 ], [ -93.696837, 38.992785 ], [ -93.698699, 38.992812 ], [ -93.701566, 38.992895 ], [ -93.702255, 38.992915 ], [ -93.703791, 38.992936 ], [ -93.704809, 38.992943 ], [ -93.705772, 38.99298 ], [ -93.706719, 38.99303 ], [ -93.7075, 38.993094 ], [ -93.708247, 38.993185 ], [ -93.70906, 38.993322 ], [ -93.709714, 38.993443 ], [ -93.710136, 38.993527 ], [ -93.710559, 38.993617 ], [ -93.710997, 38.993726 ], [ -93.71146, 38.993848 ], [ -93.712051, 38.994018 ], [ -93.71245, 38.994152 ], [ -93.712929, 38.994323 ], [ -93.71344, 38.994512 ], [ -93.714422, 38.994884 ], [ -93.715011, 38.995113 ], [ -93.716471, 38.995704 ], [ -93.716808, 38.99584 ], [ -93.716852, 38.995858 ], [ -93.717125, 38.99597 ], [ -93.717184, 38.995995 ], [ -93.7176594, 38.99619 ], [ -93.718103, 38.996372 ], [ -93.719898, 38.997054 ], [ -93.721751, 38.997774 ], [ -93.723356, 38.99841 ], [ -93.725311, 38.999195 ], [ -93.725989, 38.999451 ], [ -93.726564, 38.999652 ], [ -93.727283, 38.999877 ], [ -93.727977, 39.000078 ], [ -93.729317, 39.000411 ], [ -93.729955, 39.000549 ], [ -93.730593, 39.000657 ], [ -93.731094, 39.00073 ], [ -93.73132, 39.000756 ], [ -93.731648, 39.000794 ], [ -93.731881, 39.000821 ], [ -93.733339, 39.000927 ], [ -93.734072, 39.00096 ], [ -93.734568, 39.00097 ], [ -93.736029, 39.000997 ], [ -93.7384908, 39.0010305 ], [ -93.740647, 39.00107 ], [ -93.743102, 39.001102 ], [ -93.744909, 39.001153 ], [ -93.74767, 39.001216 ], [ -93.748689, 39.001222 ], [ -93.749731, 39.001221 ], [ -93.750917, 39.001251 ], [ -93.753352, 39.001322 ], [ -93.754196, 39.001354 ], [ -93.757038, 39.001515 ], [ -93.758668, 39.001567 ], [ -93.75948, 39.001605 ], [ -93.760651, 39.001666 ], [ -93.762259, 39.001749 ], [ -93.763461, 39.001778 ], [ -93.767312, 39.001883 ], [ -93.768497, 39.0019 ], [ -93.769564, 39.001924 ], [ -93.769895, 39.001938 ], [ -93.770591, 39.001967 ], [ -93.771068, 39.00197 ], [ -93.77386, 39.001952 ], [ -93.775189, 39.001955 ], [ -93.776215, 39.001998 ], [ -93.777277, 39.002019 ], [ -93.777354, 39.002021 ], [ -93.777974, 39.002042 ], [ -93.779572, 39.002007 ], [ -93.780241, 39.002002 ], [ -93.781036, 39.002016 ], [ -93.781625, 39.002037 ], [ -93.782875, 39.002041 ], [ -93.784418, 39.002061 ], [ -93.784657, 39.002069 ], [ -93.786208, 39.002124 ], [ -93.78772, 39.002138 ], [ -93.791179, 39.002132 ], [ -93.791507, 39.002131 ], [ -93.792675, 39.002154 ], [ -93.793789, 39.002159 ], [ -93.794919, 39.002176 ], [ -93.796479, 39.002227 ], [ -93.797143, 39.002261 ], [ -93.799776, 39.002411 ], [ -93.800169, 39.002426 ], [ -93.802738, 39.002471 ], [ -93.805086, 39.002573 ], [ -93.805585, 39.002601 ], [ -93.805963, 39.002629 ], [ -93.8083169, 39.0027005 ], [ -93.80899, 39.002721 ], [ -93.8103616, 39.0027602 ], [ -93.810529, 39.002765 ], [ -93.811079, 39.00278 ], [ -93.812497, 39.002873 ], [ -93.815231, 39.002976 ], [ -93.816648, 39.00304 ], [ -93.818844, 39.003112 ], [ -93.819871, 39.003155 ], [ -93.821065, 39.003215 ], [ -93.823254, 39.003286 ], [ -93.82506, 39.00333 ], [ -93.825529, 39.003345 ], [ -93.826437, 39.003382 ], [ -93.828372, 39.003499 ], [ -93.829303, 39.003529 ], [ -93.830728, 39.003563 ], [ -93.831706, 39.003589 ], [ -93.832955, 39.003622 ], [ -93.8349816, 39.003731 ], [ -93.8355107, 39.0037483 ], [ -93.836726, 39.0037902 ], [ -93.8390333, 39.0038914 ], [ -93.8410804, 39.0039654 ], [ -93.842857, 39.004041 ], [ -93.843078, 39.004051 ], [ -93.8441248, 39.0040853 ], [ -93.845507, 39.004146 ], [ -93.8468305, 39.0041882 ], [ -93.8481799, 39.0042368 ], [ -93.849549, 39.0042924 ], [ -93.85279, 39.00441 ], [ -93.854486, 39.00446 ], [ -93.8566263, 39.0045646 ], [ -93.857467, 39.004587 ], [ -93.857955, 39.004599 ], [ -93.858462, 39.004611 ], [ -93.859704, 39.004664 ], [ -93.861217, 39.004765 ], [ -93.862128, 39.004783 ], [ -93.863454, 39.004818 ], [ -93.864302, 39.00483 ], [ -93.865913, 39.004885 ], [ -93.867792, 39.004945 ], [ -93.868364, 39.004963 ], [ -93.869655, 39.005011 ], [ -93.870689, 39.005049 ], [ -93.877942, 39.005366 ], [ -93.880161, 39.005453 ], [ -93.8812717, 39.0054969 ], [ -93.8816404, 39.0055071 ], [ -93.8839014, 39.0055928 ], [ -93.8846948, 39.0056231 ], [ -93.8853627, 39.005643 ], [ -93.885475, 39.0056485 ], [ -93.887154, 39.005703 ], [ -93.887537, 39.005718 ], [ -93.888664, 39.005776 ], [ -93.888674, 39.005776 ], [ -93.8888397, 39.0057833 ], [ -93.889629, 39.005818 ], [ -93.89027, 39.005861 ], [ -93.890605, 39.005866 ], [ -93.892063, 39.0059 ], [ -93.893302, 39.005929 ], [ -93.894827, 39.006003 ], [ -93.896243, 39.006047 ], [ -93.897512, 39.006079 ], [ -93.898952, 39.006126 ], [ -93.901574, 39.006261 ], [ -93.904391, 39.006354 ], [ -93.906907, 39.006426 ], [ -93.907605, 39.006439 ], [ -93.908203, 39.006465 ], [ -93.911185, 39.006618 ], [ -93.91264, 39.006679 ], [ -93.915098, 39.006745 ], [ -93.916654, 39.00683 ], [ -93.917441, 39.006854 ], [ -93.918935, 39.006885 ], [ -93.919627, 39.00691 ], [ -93.9207, 39.006981 ], [ -93.92207, 39.007037 ], [ -93.923829, 39.007065 ], [ -93.925198, 39.007103 ], [ -93.929299, 39.007295 ], [ -93.931011, 39.007372 ], [ -93.932824, 39.007438 ], [ -93.933028, 39.007448 ], [ -93.934163, 39.0075 ], [ -93.934785, 39.007525 ], [ -93.935424, 39.007551 ], [ -93.936825, 39.007639 ], [ -93.9382991, 39.007697 ], [ -93.9386, 39.007719 ], [ -93.945198, 39.007982 ], [ -93.946181, 39.0080106 ], [ -93.9469964, 39.0080506 ], [ -93.947597, 39.008065 ], [ -93.948871, 39.00811 ], [ -93.95214, 39.008253 ], [ -93.953074, 39.008288 ], [ -93.9543737, 39.0083121 ], [ -93.9553366, 39.0083439 ], [ -93.9563091, 39.00837 ], [ -93.956957, 39.008378 ], [ -93.9586761, 39.008422 ], [ -93.960162, 39.008479 ], [ -93.9626115, 39.008529 ], [ -93.9653097, 39.0086045 ], [ -93.966903, 39.008641 ], [ -93.9682261, 39.0086851 ], [ -93.968313, 39.008688 ], [ -93.971639, 39.008775 ], [ -93.971927, 39.008783 ], [ -93.972315, 39.008792 ], [ -93.973624, 39.008824 ], [ -93.97525, 39.008853 ], [ -93.976114, 39.008876 ], [ -93.977562, 39.008942 ], [ -93.981763, 39.009022 ], [ -93.982533, 39.00903 ], [ -93.985576, 39.009125 ], [ -93.986509, 39.009147 ], [ -93.988074, 39.009201 ], [ -93.989794, 39.009235 ], [ -93.9911337, 39.0092709 ], [ -93.9922911, 39.0093022 ], [ -93.9963479, 39.0093992 ], [ -93.9987861, 39.0094801 ], [ -94.001402, 39.009554 ], [ -94.006632, 39.009746 ], [ -94.008982, 39.009811 ], [ -94.011009, 39.009875 ], [ -94.011869, 39.009902 ], [ -94.016041, 39.010048 ], [ -94.018398, 39.010118 ], [ -94.020391, 39.010204 ], [ -94.022865, 39.010273 ], [ -94.025238, 39.010362 ], [ -94.030022, 39.0105044 ], [ -94.0309053, 39.0105351 ], [ -94.032265, 39.010561 ], [ -94.03439, 39.010627 ], [ -94.037144, 39.010718 ], [ -94.038452, 39.010749 ], [ -94.040724, 39.01082 ], [ -94.043483, 39.010921 ], [ -94.043922, 39.010937 ], [ -94.045642, 39.010976 ], [ -94.047518, 39.011044 ], [ -94.048328, 39.01108 ], [ -94.049352, 39.011119 ], [ -94.054456, 39.011268 ], [ -94.05574, 39.011317 ], [ -94.056869, 39.011355 ], [ -94.0577559, 39.011379 ], [ -94.058051, 39.011387 ], [ -94.063147, 39.01145 ], [ -94.064353, 39.011482 ], [ -94.065342, 39.011484 ], [ -94.066523, 39.011509 ], [ -94.0673943, 39.0115385 ], [ -94.0695261, 39.0115698 ], [ -94.070422, 39.011595 ], [ -94.071218, 39.01163 ], [ -94.071875, 39.011621 ], [ -94.073736, 39.011631 ], [ -94.077627, 39.01171 ], [ -94.079516, 39.011742 ], [ -94.080893, 39.011753 ], [ -94.081313, 39.011759 ], [ -94.082402, 39.011776 ], [ -94.083702, 39.011812 ], [ -94.085803, 39.01183 ], [ -94.088742, 39.011868 ], [ -94.089577, 39.011879 ], [ -94.089879, 39.011892 ], [ -94.090854, 39.011964 ], [ -94.091843, 39.012058 ], [ -94.092521, 39.012137 ], [ -94.09302, 39.012213 ], [ -94.093546, 39.012307 ], [ -94.094627, 39.012489 ], [ -94.095821, 39.012696 ], [ -94.097809, 39.012998 ], [ -94.102706, 39.013785 ], [ -94.1033908, 39.0139036 ], [ -94.1038068, 39.0139726 ], [ -94.1068088, 39.0144617 ], [ -94.1073406, 39.014551 ], [ -94.107683, 39.014608 ], [ -94.107972, 39.014654 ], [ -94.108689, 39.014768 ], [ -94.1094299, 39.0148913 ], [ -94.1101934, 39.0150392 ], [ -94.110294, 39.015041 ], [ -94.110698, 39.01512 ], [ -94.111817, 39.015321 ], [ -94.1139663, 39.0156123 ], [ -94.1143531, 39.0156582 ], [ -94.114725, 39.015702 ], [ -94.1151451, 39.0157495 ], [ -94.1168893, 39.0158852 ], [ -94.1188483, 39.0159776 ], [ -94.1203554, 39.0160416 ], [ -94.1223146, 39.0161326 ], [ -94.1229415, 39.0161495 ], [ -94.1240523, 39.0162058 ], [ -94.125554, 39.0162787 ], [ -94.126318, 39.0163126 ], [ -94.1269997, 39.0163349 ], [ -94.1280129, 39.0163787 ], [ -94.1292541, 39.0164329 ], [ -94.1312357, 39.016512 ], [ -94.1339574, 39.0165838 ], [ -94.1401664, 39.0167019 ], [ -94.1412076, 39.0167123 ], [ -94.143732, 39.0167489 ], [ -94.1448884, 39.0167691 ], [ -94.1473611, 39.016813 ], [ -94.152637, 39.016911 ], [ -94.1556507, 39.0169487 ], [ -94.156532, 39.017023 ], [ -94.1572827, 39.0170839 ], [ -94.157726, 39.017138 ], [ -94.158984, 39.017337 ], [ -94.160957, 39.017699 ], [ -94.161557, 39.017813 ], [ -94.171531, 39.019698 ], [ -94.172798, 39.019908 ], [ -94.174074, 39.020084 ], [ -94.174714, 39.020159 ], [ -94.175356, 39.020225 ], [ -94.176645, 39.020331 ], [ -94.177937, 39.020402 ], [ -94.1818239, 39.0204862 ], [ -94.1836968, 39.0205331 ], [ -94.1903255, 39.0207037 ], [ -94.1910157, 39.0207352 ], [ -94.191945, 39.0208123 ], [ -94.1930366, 39.0209104 ], [ -94.1930763, 39.0209149 ], [ -94.1940248, 39.021022 ], [ -94.1976603, 39.0214431 ], [ -94.1982542, 39.0215148 ], [ -94.202304, 39.0219957 ], [ -94.2428906, 39.0268777 ], [ -94.2442362, 39.0270396 ], [ -94.2485969, 39.0275488 ], [ -94.2495195, 39.0276613 ], [ -94.2499552, 39.0277137 ], [ -94.2534947, 39.0281393 ], [ -94.2660741, 39.0296574 ], [ -94.26682, 39.029739 ], [ -94.2679069, 39.0298578 ], [ -94.2690081, 39.0299858 ], [ -94.2702037, 39.0301114 ], [ -94.2713074, 39.0302274 ], [ -94.2720816, 39.0303235 ], [ -94.2758557, 39.030792 ], [ -94.3013461, 39.0338495 ], [ -94.3026701, 39.0340083 ], [ -94.3086054, 39.0347142 ], [ -94.3125023, 39.035195 ], [ -94.3328682, 39.0378828 ], [ -94.3336819, 39.0379939 ], [ -94.3351481, 39.0381941 ], [ -94.335582, 39.0382597 ], [ -94.3468991, 39.0398021 ], [ -94.349279, 39.0401552 ], [ -94.3502482, 39.0402777 ], [ -94.354961, 39.0408988 ], [ -94.3552222, 39.0409405 ], [ -94.3577417, 39.0412669 ], [ -94.3602379, 39.0416073 ], [ -94.361612, 39.0417947 ], [ -94.3639748, 39.0421169 ], [ -94.3676505, 39.0426154 ], [ -94.3706344, 39.043001 ], [ -94.3720188, 39.0431992 ], [ -94.373199, 39.0433479 ], [ -94.3749768, 39.0435915 ], [ -94.3802865, 39.044319 ], [ -94.3813518, 39.0444627 ], [ -94.3824491, 39.0446064 ], [ -94.3833677, 39.0447054 ], [ -94.3841843, 39.0447798 ], [ -94.3874035, 39.0449299 ], [ -94.3910546, 39.0451002 ], [ -94.3931751, 39.0451885 ], [ -94.4107424, 39.0459201 ], [ -94.4177415, 39.0462116 ], [ -94.4380548, 39.0470575 ], [ -94.439405, 39.0471137 ], [ -94.4422769, 39.0471967 ], [ -94.4437275, 39.0472709 ], [ -94.4466554, 39.0474057 ], [ -94.4473432, 39.047425 ], [ -94.4478907, 39.0474421 ], [ -94.4635547, 39.0480679 ], [ -94.4645053, 39.0481372 ], [ -94.4651432, 39.0482066 ], [ -94.4658067, 39.0483057 ], [ -94.4664191, 39.0484493 ], [ -94.466955, 39.048593 ], [ -94.4677779, 39.0488754 ], [ -94.4683584, 39.0491033 ], [ -94.4690028, 39.0494303 ], [ -94.4700617, 39.049896 ], [ -94.4709687, 39.0503125 ], [ -94.4713691, 39.0505001 ], [ -94.477388, 39.0532978 ], [ -94.4844411, 39.0565762 ], [ -94.4867565, 39.0576439 ], [ -94.4879562, 39.0581971 ], [ -94.4908647, 39.0595355 ], [ -94.4952578, 39.0615608 ], [ -94.4980481, 39.062901 ], [ -94.4990413, 39.0634165 ], [ -94.4998867, 39.0638463 ], [ -94.5001098, 39.0639649 ], [ -94.5007153, 39.064264 ], [ -94.5080718, 39.0676301 ], [ -94.5106605, 39.0686921 ], [ -94.5113488, 39.0689882 ], [ -94.511556, 39.0690828 ], [ -94.5125081, 39.0695173 ], [ -94.5132296, 39.0697644 ], [ -94.5138365, 39.0699404 ], [ -94.5141355, 39.0700163 ], [ -94.5180433, 39.0708449 ], [ -94.5183858, 39.0709142 ], [ -94.5201827, 39.0712778 ], [ -94.5209915, 39.0714455 ], [ -94.5255205, 39.0723946 ], [ -94.5262129, 39.0725285 ], [ -94.5267881, 39.0726292 ], [ -94.5273474, 39.0726957 ], [ -94.5278346, 39.0727483 ], [ -94.5283877, 39.0727932 ], [ -94.531038, 39.072868 ], [ -94.5318881, 39.0728877 ], [ -94.5322264, 39.0729017 ], [ -94.5326189, 39.0729508 ], [ -94.5331241, 39.0730453 ], [ -94.5335662, 39.0731749 ], [ -94.5340173, 39.0733605 ], [ -94.5342755, 39.0735049 ], [ -94.5345121, 39.0736529 ], [ -94.5346054, 39.0737433 ], [ -94.5349212, 39.0740375 ], [ -94.5351467, 39.0743071 ], [ -94.5354309, 39.0746993 ], [ -94.5365902, 39.0763137 ], [ -94.5374133, 39.0774648 ], [ -94.5404108, 39.0816555 ], [ -94.5405237, 39.0818149 ], [ -94.5406726, 39.082046 ], [ -94.540862, 39.0824067 ], [ -94.5410064, 39.0827568 ], [ -94.5410921, 39.083051 ], [ -94.5411507, 39.0834151 ], [ -94.5411778, 39.0837688 ], [ -94.5411213, 39.086034 ], [ -94.5410835, 39.0872695 ], [ -94.5411895, 39.0877875 ], [ -94.54126, 39.088169 ], [ -94.5413566, 39.0885188 ], [ -94.5414317, 39.0888935 ], [ -94.5415497, 39.08921 ], [ -94.5418379, 39.0897932 ], [ -94.5420432, 39.0902342 ], [ -94.5427943, 39.0914766 ], [ -94.5429337, 39.0917431 ], [ -94.5430142, 39.0919305 ], [ -94.5431054, 39.0921886 ], [ -94.5431698, 39.0924426 ], [ -94.5432073, 39.0928048 ], [ -94.5432073, 39.0930713 ], [ -94.5431215, 39.0941288 ], [ -94.5431161, 39.0943369 ], [ -94.5431215, 39.0945659 ], [ -94.543143, 39.09472 ], [ -94.5431805, 39.0949698 ], [ -94.543261, 39.0952071 ], [ -94.5434112, 39.095461 ], [ -94.5435399, 39.0956317 ], [ -94.5437169, 39.0958357 ], [ -94.5438832, 39.0959856 ], [ -94.5440656, 39.0961396 ], [ -94.5443446, 39.0963187 ], [ -94.5448381, 39.0965352 ], [ -94.5452297, 39.0966392 ], [ -94.5456458, 39.0967545 ], [ -94.5460773, 39.0968474 ], [ -94.546662, 39.0969431 ], [ -94.5474713, 39.0970797 ], [ -94.5478381, 39.0971217 ], [ -94.5483411, 39.0971347 ], [ -94.5487009, 39.0971287 ], [ -94.5492101, 39.0970847 ], [ -94.5497787, 39.0970139 ], [ -94.5503313, 39.0968974 ], [ -94.5521552, 39.0963228 ], [ -94.5526702, 39.0961646 ], [ -94.5531959, 39.0960522 ], [ -94.5537001, 39.0959731 ], [ -94.554199, 39.0959356 ], [ -94.554663, 39.0959293 ], [ -94.5559264, 39.0959648 ], [ -94.5564175, 39.095982 ], [ -94.5588706, 39.0960626 ], [ -94.5605803, 39.0961111 ], [ -94.5610041, 39.0961277 ], [ -94.5614386, 39.0961419 ], [ -94.563707, 39.096211 ], [ -94.5641549, 39.0962246 ], [ -94.5647911, 39.096244 ], [ -94.5674943, 39.0963108 ] ], [ [ -94.5648186, 39.0960851 ], [ -94.5648093, 39.0960847 ], [ -94.5636943, 39.0960469 ], [ -94.5613625, 39.0959606 ], [ -94.5610255, 39.0959362 ], [ -94.560591, 39.095919 ], [ -94.5589937, 39.0958933 ], [ -94.5564551, 39.0958113 ], [ -94.5559156, 39.0957941 ], [ -94.5545745, 39.0957608 ], [ -94.5541919, 39.0957726 ], [ -94.5535016, 39.0958399 ], [ -94.5530242, 39.0959315 ], [ -94.552536, 39.0960356 ], [ -94.5504064, 39.0967183 ], [ -94.5500523, 39.0967933 ], [ -94.5495803, 39.096889 ], [ -94.5491296, 39.0969265 ], [ -94.5486199, 39.09695 ], [ -94.548164, 39.0969223 ], [ -94.5476598, 39.0968682 ], [ -94.5472145, 39.0967891 ], [ -94.5467693, 39.0966684 ], [ -94.5464152, 39.0965518 ], [ -94.5460558, 39.0964061 ], [ -94.5455784, 39.096148 ], [ -94.5454085, 39.0960306 ], [ -94.54494, 39.0957067 ], [ -94.5447469, 39.0955401 ], [ -94.5445216, 39.0953236 ], [ -94.5443339, 39.095128 ], [ -94.5441944, 39.0949364 ], [ -94.5440549, 39.0947366 ], [ -94.5438499, 39.0943525 ], [ -94.5437384, 39.0941454 ], [ -94.5435882, 39.0936833 ], [ -94.5434434, 39.0929588 ], [ -94.5432824, 39.0921303 ], [ -94.5432433, 39.0919471 ], [ -94.5431322, 39.0917639 ], [ -94.542982, 39.091485 ], [ -94.5423007, 39.0902675 ], [ -94.5420432, 39.0898179 ], [ -94.5418287, 39.0893349 ], [ -94.54157, 39.0886412 ], [ -94.5413459, 39.0876444 ], [ -94.5412922, 39.0872613 ], [ -94.5412815, 39.0869199 ], [ -94.5412922, 39.0866368 ], [ -94.5413242, 39.085779 ], [ -94.5413566, 39.0837803 ], [ -94.5413351, 39.0834722 ], [ -94.5412386, 39.0829642 ], [ -94.541135, 39.0825157 ], [ -94.5409396, 39.0821381 ], [ -94.5382086, 39.0782714 ], [ -94.5370611, 39.076712 ], [ -94.5367231, 39.0760707 ], [ -94.5365729, 39.0757667 ], [ -94.5362779, 39.0748501 ], [ -94.5360043, 39.0741384 ], [ -94.5358756, 39.0739468 ], [ -94.5357468, 39.0737511 ], [ -94.5355483, 39.0735512 ], [ -94.5353498, 39.0733846 ], [ -94.5350602, 39.0732014 ], [ -94.5348456, 39.0730889 ], [ -94.5345881, 39.0729848 ], [ -94.5343091, 39.0729015 ], [ -94.5340108, 39.0728472 ], [ -94.5336089, 39.0728101 ], [ -94.5328466, 39.0727655 ], [ -94.5321402, 39.072747 ], [ -94.5282432, 39.0726451 ], [ -94.5278122, 39.0726129 ], [ -94.527316, 39.0725569 ], [ -94.5268379, 39.0724973 ], [ -94.5263327, 39.0724203 ], [ -94.5259222, 39.0723327 ], [ -94.5233618, 39.0717946 ], [ -94.5210233, 39.0713031 ], [ -94.5201903, 39.0711321 ], [ -94.5197027, 39.0710208 ], [ -94.5179047, 39.0706484 ], [ -94.514011, 39.069838 ], [ -94.5135658, 39.0697089 ], [ -94.5131581, 39.0695714 ], [ -94.5126029, 39.0693831 ], [ -94.5115862, 39.0689614 ], [ -94.5109398, 39.0686428 ], [ -94.5106977, 39.0685306 ], [ -94.5104912, 39.0684248 ], [ -94.5096562, 39.0679971 ], [ -94.5084259, 39.0673594 ], [ -94.5082938, 39.067292 ], [ -94.5004101, 39.0636359 ], [ -94.4995191, 39.0632489 ], [ -94.4989242, 39.0630236 ], [ -94.4978084, 39.0625571 ], [ -94.4967897, 39.0620983 ], [ -94.4940157, 39.0607917 ], [ -94.4935837, 39.0605956 ], [ -94.4924404, 39.0600766 ], [ -94.4909582, 39.0593986 ], [ -94.4891177, 39.0585496 ], [ -94.4783235, 39.0535577 ], [ -94.4716298, 39.0504459 ], [ -94.4715192, 39.0503945 ], [ -94.4703807, 39.0498316 ], [ -94.4695578, 39.0494749 ], [ -94.4689453, 39.0491826 ], [ -94.4680139, 39.0487813 ], [ -94.467427, 39.0485682 ], [ -94.4668082, 39.0483998 ], [ -94.4661256, 39.0482165 ], [ -94.4654813, 39.0480976 ], [ -94.4650092, 39.0480084 ], [ -94.4643203, 39.047944 ], [ -94.4631465, 39.0478945 ], [ -94.4538167, 39.0475176 ], [ -94.4518138, 39.0474367 ], [ -94.4479055, 39.0472821 ], [ -94.4473539, 39.0472542 ], [ -94.446094, 39.0472025 ], [ -94.4455795, 39.0471832 ], [ -94.4434735, 39.0471191 ], [ -94.441955, 39.0470467 ], [ -94.4340638, 39.0467105 ], [ -94.4333919, 39.0466884 ], [ -94.4181635, 39.046054 ], [ -94.4114465, 39.0457954 ], [ -94.3937538, 39.0450706 ], [ -94.3906647, 39.044944 ], [ -94.385291, 39.0447252 ], [ -94.384258, 39.0446424 ], [ -94.3827456, 39.0444924 ], [ -94.3812783, 39.044309 ], [ -94.3704054, 39.0428045 ], [ -94.3695338, 39.0426839 ], [ -94.3687492, 39.0425947 ], [ -94.3683281, 39.0425501 ], [ -94.3677795, 39.0424758 ], [ -94.3654638, 39.0421785 ], [ -94.3631398, 39.0418553 ], [ -94.3609015, 39.041544 ], [ -94.3576618, 39.0410934 ], [ -94.3565462, 39.0409324 ], [ -94.35622, 39.0408853 ], [ -94.3552567, 39.0407515 ], [ -94.3501572, 39.0400511 ], [ -94.3492238, 39.0399374 ], [ -94.3466639, 39.0395651 ], [ -94.3395839, 39.0386499 ], [ -94.3359462, 39.0381248 ], [ -94.33371, 39.0378412 ], [ -94.3329032, 39.0377227 ], [ -94.311527, 39.0349089 ], [ -94.3098133, 39.034694 ], [ -94.3088835, 39.0345774 ], [ -94.3025948, 39.0338073 ], [ -94.2999556, 39.0335303 ], [ -94.2845741, 39.0316769 ], [ -94.2791059, 39.0310202 ], [ -94.2749448, 39.0305204 ], [ -94.2726027, 39.0302537 ], [ -94.2720792, 39.0301859 ], [ -94.2713092, 39.0300975 ], [ -94.2698678, 39.0299266 ], [ -94.2679314, 39.0296729 ], [ -94.2546743, 39.0281031 ], [ -94.2533344, 39.0279444 ], [ -94.2499729, 39.0275427 ], [ -94.2495431, 39.0274913 ], [ -94.2486115, 39.0273793 ], [ -94.2451822, 39.02695 ], [ -94.2035765, 39.021971 ], [ -94.2028619, 39.0218855 ], [ -94.1982555, 39.0213323 ], [ -94.1976152, 39.0212609 ], [ -94.1942152, 39.0208481 ], [ -94.1924502, 39.0206476 ], [ -94.1913991, 39.020574 ], [ -94.1885933, 39.0204689 ], [ -94.1837015, 39.0203504 ], [ -94.1818257, 39.0203014 ], [ -94.177961, 39.020208 ], [ -94.17669, 39.020141 ], [ -94.176055, 39.020094 ], [ -94.17479, 39.019975 ], [ -94.173532, 39.019822 ], [ -94.17228, 39.019634 ], [ -94.162695, 39.01783 ], [ -94.161613, 39.017626 ], [ -94.160793, 39.017472 ], [ -94.157656, 39.016881 ], [ -94.1562672, 39.0166857 ], [ -94.1556148, 39.0166174 ], [ -94.1552272, 39.016581 ], [ -94.154106, 39.0165132 ], [ -94.1526529, 39.0164888 ], [ -94.1519147, 39.0165168 ], [ -94.150402, 39.016606 ], [ -94.149348, 39.01666 ], [ -94.148478, 39.016662 ], [ -94.148072, 39.016648 ], [ -94.147565, 39.01663 ], [ -94.1423797, 39.0164367 ], [ -94.1401963, 39.0163597 ], [ -94.1392689, 39.0163233 ], [ -94.13796, 39.016284 ], [ -94.1363385, 39.0162014 ], [ -94.1346518, 39.0161709 ], [ -94.1329544, 39.0161984 ], [ -94.1310172, 39.016231 ], [ -94.1293107, 39.0162047 ], [ -94.1280511, 39.0161786 ], [ -94.1267935, 39.0161571 ], [ -94.126244, 39.0161325 ], [ -94.1240412, 39.0159584 ], [ -94.12272, 39.015888 ], [ -94.11885, 39.015709 ], [ -94.1153091, 39.0155244 ], [ -94.1151054, 39.0155124 ], [ -94.114107, 39.015458 ], [ -94.113919, 39.015443 ], [ -94.11317, 39.015352 ], [ -94.112427, 39.01524 ], [ -94.110806, 39.014958 ], [ -94.1102174, 39.0148565 ], [ -94.1094626, 39.0147188 ], [ -94.107314, 39.0143663 ], [ -94.1066513, 39.0142559 ], [ -94.1038104, 39.0137888 ], [ -94.1033045, 39.0137016 ], [ -94.102579, 39.013592 ], [ -94.102002, 39.01349 ], [ -94.101495, 39.013387 ], [ -94.100963, 39.013267 ], [ -94.100282, 39.013085 ], [ -94.099427, 39.012851 ], [ -94.098202, 39.012522 ], [ -94.097567, 39.012366 ], [ -94.096759, 39.012203 ], [ -94.095965, 39.012055 ], [ -94.095181, 39.011946 ], [ -94.094455, 39.011881 ], [ -94.093614, 39.011817 ], [ -94.092831, 39.011779 ], [ -94.091243, 39.01174 ], [ -94.088756, 39.011704 ], [ -94.08657, 39.011672 ], [ -94.083303, 39.011625 ], [ -94.081458, 39.011586 ], [ -94.080955, 39.011575 ], [ -94.07794, 39.011541 ], [ -94.076962, 39.011514 ], [ -94.0749636, 39.0114849 ], [ -94.0695357, 39.0113918 ], [ -94.0674421, 39.011348 ], [ -94.065488, 39.0112557 ], [ -94.0646502, 39.0112055 ], [ -94.0642298, 39.0111832 ], [ -94.0628694, 39.0111397 ], [ -94.059897, 39.011086 ], [ -94.057816, 39.0110445 ], [ -94.055239, 39.010993 ], [ -94.051046, 39.010814 ], [ -94.049377, 39.010737 ], [ -94.048031, 39.010693 ], [ -94.045471, 39.010569 ], [ -94.043893, 39.010516 ], [ -94.039196, 39.010315 ], [ -94.037647, 39.010266 ], [ -94.036482, 39.010215 ], [ -94.035165, 39.010164 ], [ -94.0307712, 39.0099951 ], [ -94.0300626, 39.0099625 ], [ -94.027466, 39.009865 ], [ -94.026677, 39.009832 ], [ -94.025859, 39.009806 ], [ -94.025034, 39.009796 ], [ -94.022706, 39.009816 ], [ -94.021751, 39.009813 ], [ -94.020275, 39.00982 ], [ -94.019263, 39.009818 ], [ -94.017476, 39.009822 ], [ -94.016492, 39.009802 ], [ -94.015884, 39.009779 ], [ -94.012601, 39.00961 ], [ -94.011856, 39.009577 ], [ -94.011252, 39.009561 ], [ -94.010888, 39.009551 ], [ -94.010237, 39.009529 ], [ -94.007111, 39.009488 ], [ -94.005786, 39.009443 ], [ -94.004513, 39.009409 ], [ -94.003334, 39.009385 ], [ -94.002234, 39.0093613 ], [ -94.0012219, 39.0093361 ], [ -94.0003457, 39.0093149 ], [ -93.9991, 39.009286 ], [ -93.997972, 39.009262 ], [ -93.997089, 39.009224 ], [ -93.9943051, 39.0091629 ], [ -93.9935544, 39.009149 ], [ -93.989955, 39.009019 ], [ -93.988797, 39.009006 ], [ -93.988204, 39.008989 ], [ -93.987111, 39.008947 ], [ -93.984622, 39.008872 ], [ -93.98379, 39.00884 ], [ -93.982614, 39.008809 ], [ -93.981576, 39.008796 ], [ -93.980621, 39.008776 ], [ -93.9795, 39.00874 ], [ -93.978313, 39.00871 ], [ -93.977965, 39.008706 ], [ -93.977504, 39.008691 ], [ -93.9745122, 39.0086506 ], [ -93.9728325, 39.0086006 ], [ -93.9725497, 39.0085938 ], [ -93.9709881, 39.0085449 ], [ -93.964247, 39.008332 ], [ -93.963439, 39.008309 ], [ -93.961731, 39.008244 ], [ -93.961289, 39.00822 ], [ -93.960522, 39.008158 ], [ -93.960181, 39.008127 ], [ -93.959812, 39.00808 ], [ -93.958036, 39.007812 ], [ -93.957051, 39.007672 ], [ -93.956435, 39.007603 ], [ -93.955643, 39.007535 ], [ -93.955356, 39.007511 ], [ -93.954227, 39.007458 ], [ -93.953496, 39.007441 ], [ -93.953127, 39.007444 ], [ -93.952686, 39.007454 ], [ -93.952614, 39.007457 ], [ -93.952218, 39.007474 ], [ -93.951704, 39.007496 ], [ -93.949992, 39.007645 ], [ -93.949124, 39.007709 ], [ -93.948358, 39.007754 ], [ -93.947466, 39.007785 ], [ -93.947295, 39.007791 ], [ -93.946644, 39.007791 ], [ -93.946353, 39.007783 ], [ -93.945993, 39.007774 ], [ -93.945386, 39.007767 ], [ -93.944814, 39.007738 ], [ -93.943895, 39.0077 ], [ -93.943019, 39.007673 ], [ -93.942319, 39.007644 ], [ -93.942271, 39.007642 ], [ -93.941123, 39.007576 ], [ -93.940616, 39.007541 ], [ -93.939972, 39.007518 ], [ -93.939949, 39.007517 ], [ -93.938772, 39.007482 ], [ -93.9383441, 39.0074536 ], [ -93.937912, 39.007425 ], [ -93.937708, 39.007422 ], [ -93.937448, 39.007412 ], [ -93.937223, 39.007398 ], [ -93.936391, 39.00736 ], [ -93.935044, 39.00728 ], [ -93.934612, 39.00726 ], [ -93.933051, 39.007187 ], [ -93.929927, 39.007072 ], [ -93.928791, 39.00702 ], [ -93.927785, 39.006988 ], [ -93.926575, 39.006923 ], [ -93.924317, 39.006845 ], [ -93.924117, 39.006844 ], [ -93.921995, 39.006835 ], [ -93.921119, 39.00682 ], [ -93.920685, 39.006795 ], [ -93.920244, 39.006776 ], [ -93.919253, 39.006716 ], [ -93.918753, 39.006697 ], [ -93.918692, 39.006696 ], [ -93.918247, 39.00669 ], [ -93.91706, 39.006654 ], [ -93.916474, 39.006631 ], [ -93.915171, 39.006568 ], [ -93.914534, 39.006556 ], [ -93.912262, 39.006494 ], [ -93.911546, 39.00646 ], [ -93.910793, 39.006416 ], [ -93.908773, 39.006313 ], [ -93.90789, 39.006263 ], [ -93.907638, 39.006253 ], [ -93.906968, 39.006243 ], [ -93.906191, 39.006231 ], [ -93.905416, 39.006209 ], [ -93.904642, 39.006181 ], [ -93.904164, 39.006156 ], [ -93.903549, 39.00615 ], [ -93.902855, 39.006133 ], [ -93.902116, 39.006105 ], [ -93.901683, 39.00608 ], [ -93.901177, 39.006061 ], [ -93.900612, 39.00602 ], [ -93.899975, 39.00598 ], [ -93.899418, 39.005962 ], [ -93.898887, 39.005939 ], [ -93.898527, 39.005923 ], [ -93.897377, 39.005899 ], [ -93.895257, 39.005834 ], [ -93.8931658, 39.0057607 ], [ -93.8920182, 39.0057194 ], [ -93.8917664, 39.0057061 ], [ -93.8912326, 39.00569 ], [ -93.8904816, 39.005661 ], [ -93.8902411, 39.0056533 ], [ -93.889453, 39.005636 ], [ -93.888711, 39.005605 ], [ -93.888433, 39.005593 ], [ -93.887138, 39.005526 ], [ -93.8864667, 39.0054933 ], [ -93.886399, 39.00549 ], [ -93.884699, 39.005418 ], [ -93.884325, 39.005382 ], [ -93.884041, 39.005375 ], [ -93.883417, 39.005343 ], [ -93.882977, 39.005329 ], [ -93.882528, 39.005304 ], [ -93.881942, 39.005303 ], [ -93.881806, 39.005301 ], [ -93.880813, 39.005283 ], [ -93.878982, 39.005235 ], [ -93.878244, 39.005207 ], [ -93.877166, 39.005147 ], [ -93.876537, 39.005123 ], [ -93.875343, 39.005087 ], [ -93.874539, 39.005048 ], [ -93.873446, 39.004989 ], [ -93.872172, 39.004931 ], [ -93.869966, 39.004839 ], [ -93.869578, 39.004825 ], [ -93.868648, 39.004793 ], [ -93.867839, 39.004768 ], [ -93.865399, 39.004693 ], [ -93.864336, 39.004667 ], [ -93.863976, 39.004653 ], [ -93.863512, 39.004627 ], [ -93.863012, 39.00462 ], [ -93.862665, 39.004623 ], [ -93.861362, 39.004582 ], [ -93.858727, 39.004404 ], [ -93.858353, 39.004383 ], [ -93.858074, 39.004378 ], [ -93.85773, 39.004371 ], [ -93.856059, 39.004321 ], [ -93.853534, 39.004261 ], [ -93.8516417, 39.0041882 ], [ -93.8509334, 39.0041586 ], [ -93.8503134, 39.0041407 ], [ -93.8495405, 39.004106 ], [ -93.8490663, 39.004089 ], [ -93.8487321, 39.0040733 ], [ -93.8471344, 39.0040173 ], [ -93.846263, 39.003986 ], [ -93.845134, 39.003949 ], [ -93.8419959, 39.0038208 ], [ -93.8408884, 39.0037787 ], [ -93.8394644, 39.0037204 ], [ -93.8389413, 39.0036984 ], [ -93.8381084, 39.00367 ], [ -93.836759, 39.003617 ], [ -93.8355221, 39.0035661 ], [ -93.8350064, 39.0035417 ], [ -93.833356, 39.003491 ], [ -93.832806, 39.003467 ], [ -93.831569, 39.003403 ], [ -93.83094, 39.003384 ], [ -93.830014, 39.003362 ], [ -93.828921, 39.003342 ], [ -93.827365, 39.003257 ], [ -93.826482, 39.003201 ], [ -93.825751, 39.003167 ], [ -93.825129, 39.003154 ], [ -93.824043, 39.003116 ], [ -93.821475, 39.003049 ], [ -93.820186, 39.002985 ], [ -93.817655, 39.002884 ], [ -93.816157, 39.002844 ], [ -93.815057, 39.002784 ], [ -93.812661, 39.002671 ], [ -93.812454, 39.002664 ], [ -93.810955, 39.002604 ], [ -93.810498, 39.002594 ], [ -93.809025, 39.00255 ], [ -93.808416, 39.002526 ], [ -93.806339, 39.00245 ], [ -93.8055, 39.002404 ], [ -93.802992, 39.002303 ], [ -93.801776, 39.002278 ], [ -93.800951, 39.002249 ], [ -93.800496, 39.002247 ], [ -93.800134, 39.002238 ], [ -93.799789, 39.002221 ], [ -93.79962, 39.002213 ], [ -93.798013, 39.002123 ], [ -93.797059, 39.002077 ], [ -93.794787, 39.001991 ], [ -93.793941, 39.001986 ], [ -93.792653, 39.001961 ], [ -93.791403, 39.001947 ], [ -93.789884, 39.001951 ], [ -93.786455, 39.001935 ], [ -93.785377, 39.001897 ], [ -93.784662, 39.001888 ], [ -93.784219, 39.001882 ], [ -93.78325, 39.00186 ], [ -93.781803, 39.001859 ], [ -93.781181, 39.001835 ], [ -93.780457, 39.001828 ], [ -93.779729, 39.001844 ], [ -93.77889, 39.00185 ], [ -93.778174, 39.001849 ], [ -93.777523, 39.001836 ], [ -93.777344, 39.00183 ], [ -93.777286, 39.001828 ], [ -93.776712, 39.001808 ], [ -93.775851, 39.001797 ], [ -93.774976, 39.001774 ], [ -93.772329, 39.001775 ], [ -93.771005, 39.001795 ], [ -93.770622, 39.001792 ], [ -93.770009, 39.001772 ], [ -93.769211, 39.001745 ], [ -93.76835, 39.001711 ], [ -93.767497, 39.001688 ], [ -93.766151, 39.001658 ], [ -93.76469, 39.001634 ], [ -93.763156, 39.001587 ], [ -93.762345, 39.001576 ], [ -93.761406, 39.001542 ], [ -93.760942, 39.0015 ], [ -93.75901, 39.001405 ], [ -93.757346, 39.001337 ], [ -93.755733, 39.001284 ], [ -93.755132, 39.001254 ], [ -93.754502, 39.001208 ], [ -93.753807, 39.001167 ], [ -93.752968, 39.001133 ], [ -93.752056, 39.001111 ], [ -93.750103, 39.001055 ], [ -93.748888, 39.001052 ], [ -93.747203, 39.001034 ], [ -93.746443, 39.001022 ], [ -93.745756, 39.001004 ], [ -93.744569, 39.000961 ], [ -93.743708, 39.000944 ], [ -93.74279, 39.000916 ], [ -93.742103, 39.00092 ], [ -93.741756, 39.000928 ], [ -93.741358, 39.000914 ], [ -93.740647, 39.00088 ], [ -93.740525, 39.000874 ], [ -93.739404, 39.000842 ], [ -93.739042, 39.000838 ], [ -93.738789, 39.000831 ], [ -93.738747, 39.000831 ], [ -93.738555, 39.000829 ], [ -93.738545, 39.000829 ], [ -93.738095, 39.000844 ], [ -93.736822, 39.000824 ], [ -93.736318, 39.000807 ], [ -93.735816, 39.00079 ], [ -93.73497, 39.000796 ], [ -93.734582, 39.000784 ], [ -93.734355, 39.000777 ], [ -93.733342, 39.000733 ], [ -93.732792, 39.000702 ], [ -93.732408, 39.000671 ], [ -93.732096, 39.000621 ], [ -93.732074, 39.000618 ], [ -93.731946, 39.000601 ], [ -93.731914, 39.000597 ], [ -93.731726, 39.000589 ], [ -93.731328, 39.000548 ], [ -93.730919, 39.000505 ], [ -93.730369, 39.000429 ], [ -93.730086, 39.000386 ], [ -93.729738, 39.000315 ], [ -93.72897, 39.000145 ], [ -93.72852, 39.000029 ], [ -93.727969, 38.999875 ], [ -93.726904, 38.999569 ], [ -93.726287, 38.999358 ], [ -93.725024, 38.998881 ], [ -93.723078, 38.998109 ], [ -93.721583, 38.997506 ], [ -93.720356, 38.997023 ], [ -93.7182924, 38.9962053 ], [ -93.7178413, 38.9960267 ], [ -93.7170419, 38.9957114 ], [ -93.716293, 38.995422 ], [ -93.715246, 38.994993 ], [ -93.713931, 38.994479 ], [ -93.713168, 38.99419 ], [ -93.712304, 38.993891 ], [ -93.710887, 38.99349 ], [ -93.710361, 38.993357 ], [ -93.709836, 38.993245 ], [ -93.709344, 38.993153 ], [ -93.708934, 38.993085 ], [ -93.708011, 38.992944 ], [ -93.707331, 38.992869 ], [ -93.70696, 38.99284 ], [ -93.705756, 38.992769 ], [ -93.704847, 38.992732 ], [ -93.70406, 38.992716 ], [ -93.702703, 38.992708 ], [ -93.701693, 38.992688 ], [ -93.701536, 38.992683 ], [ -93.700476, 38.992653 ], [ -93.697631, 38.992602 ], [ -93.696339, 38.992584 ], [ -93.695135, 38.992559 ], [ -93.69277, 38.992526 ], [ -93.691902, 38.99252 ], [ -93.691377, 38.992508 ], [ -93.690556, 38.992476 ], [ -93.689702, 38.99247 ], [ -93.689184, 38.992453 ], [ -93.687005, 38.992412 ], [ -93.685606, 38.992394 ], [ -93.684483, 38.992375 ], [ -93.683534, 38.992354 ], [ -93.682526, 38.992338 ], [ -93.681685, 38.992317 ], [ -93.679693, 38.992287 ], [ -93.678644, 38.992261 ], [ -93.67785, 38.99225 ], [ -93.676672, 38.992207 ], [ -93.676337, 38.992184 ], [ -93.675839, 38.992209 ], [ -93.675207, 38.992197 ], [ -93.67448, 38.992176 ], [ -93.674002, 38.992162 ], [ -93.672105, 38.992128 ], [ -93.672018, 38.992126 ], [ -93.670883, 38.992112 ], [ -93.669746, 38.992087 ], [ -93.669236, 38.992048 ], [ -93.664467, 38.991971 ], [ -93.660896, 38.991886 ], [ -93.660344, 38.991884 ], [ -93.659093, 38.991849 ], [ -93.657909, 38.991829 ], [ -93.654996, 38.991772 ], [ -93.654061, 38.991746 ], [ -93.65316, 38.99173 ], [ -93.651935, 38.991674 ], [ -93.651716, 38.991659 ], [ -93.651372, 38.991629 ], [ -93.650962, 38.991584 ], [ -93.650584, 38.991534 ], [ -93.650381, 38.991502 ], [ -93.649803, 38.991412 ], [ -93.648968, 38.991265 ], [ -93.648388, 38.991147 ], [ -93.64791, 38.991056 ], [ -93.647203, 38.990932 ], [ -93.646441, 38.990784 ], [ -93.6460439, 38.9907074 ], [ -93.6455625, 38.9906188 ], [ -93.645343, 38.990575 ], [ -93.643807, 38.990258 ], [ -93.643214, 38.990146 ], [ -93.64254, 38.990029 ], [ -93.641458, 38.989866 ], [ -93.640993, 38.98981 ], [ -93.64032, 38.989745 ], [ -93.639916, 38.989706 ], [ -93.63789, 38.989565 ], [ -93.636235, 38.989437 ], [ -93.635078, 38.989381 ], [ -93.634338, 38.989364 ], [ -93.633894, 38.989361 ], [ -93.633473, 38.989371 ], [ -93.63304, 38.989381 ], [ -93.631739, 38.989472 ], [ -93.631382, 38.989503 ], [ -93.630718, 38.989562 ], [ -93.628702, 38.989756 ], [ -93.628144, 38.989817 ], [ -93.626252, 38.989997 ], [ -93.621601, 38.990425 ], [ -93.62043, 38.99053 ], [ -93.619861, 38.990581 ], [ -93.618792, 38.990681 ], [ -93.617832, 38.99076 ], [ -93.61593, 38.990959 ], [ -93.614996, 38.991043 ], [ -93.614573, 38.991076 ], [ -93.613696, 38.991166 ], [ -93.613259, 38.991231 ], [ -93.6124, 38.991367 ], [ -93.611526, 38.991513 ], [ -93.610613, 38.991659 ], [ -93.60993, 38.991756 ], [ -93.609868, 38.991765 ], [ -93.608861, 38.991917 ], [ -93.60844, 38.9919872 ], [ -93.60614, 38.992371 ], [ -93.606067, 38.992382 ], [ -93.605115, 38.992529 ], [ -93.604578, 38.992621 ], [ -93.603711, 38.992752 ], [ -93.600897, 38.993196 ], [ -93.599891, 38.993376 ], [ -93.598769, 38.99355 ], [ -93.598223, 38.993628 ], [ -93.597862, 38.99368 ], [ -93.596814, 38.993843 ], [ -93.596182, 38.993951 ], [ -93.595943, 38.993985 ], [ -93.59513, 38.994068 ], [ -93.594705, 38.994094 ], [ -93.594572, 38.994102 ], [ -93.59437, 38.994109 ], [ -93.593764, 38.994101 ], [ -93.593524, 38.99409 ], [ -93.593044, 38.994068 ], [ -93.592768, 38.994043 ], [ -93.592297, 38.993993 ], [ -93.59098, 38.993889 ], [ -93.5900326, 38.993794 ], [ -93.589008, 38.993705 ], [ -93.587998, 38.99361 ], [ -93.586386, 38.993472 ], [ -93.585464, 38.993403 ], [ -93.585155, 38.993384 ], [ -93.584477, 38.993313 ], [ -93.584368, 38.9933 ], [ -93.584086, 38.993268 ], [ -93.583521, 38.993213 ], [ -93.582949, 38.993168 ], [ -93.5825742, 38.9931312 ], [ -93.581869, 38.993062 ], [ -93.581784, 38.993054 ], [ -93.580377, 38.99293 ], [ -93.579853, 38.992878 ], [ -93.57967, 38.99286 ], [ -93.578897, 38.992794 ], [ -93.577665, 38.99268 ], [ -93.576387, 38.992591 ], [ -93.575424, 38.992518 ], [ -93.574764, 38.992453 ], [ -93.5709438, 38.9920992 ], [ -93.5692834, 38.9919618 ], [ -93.5683004, 38.9918688 ], [ -93.5682824, 38.9918668 ], [ -93.5680583, 38.9918433 ], [ -93.5675119, 38.9917972 ], [ -93.5663, 38.9917 ], [ -93.564179, 38.991511 ], [ -93.563755, 38.991466 ], [ -93.563292, 38.991399 ], [ -93.562808, 38.991348 ], [ -93.562498, 38.991309 ], [ -93.562134, 38.991253 ], [ -93.560699, 38.990998 ], [ -93.559618, 38.990791 ], [ -93.558214, 38.990522 ], [ -93.557009, 38.990279 ], [ -93.555621, 38.990034 ], [ -93.554887, 38.98989 ], [ -93.554193, 38.989762 ], [ -93.552881, 38.989494 ], [ -93.552396, 38.989402 ], [ -93.551736, 38.98929 ], [ -93.550907, 38.989163 ], [ -93.550617, 38.989129 ], [ -93.550301, 38.989092 ], [ -93.549696, 38.989037 ], [ -93.549224, 38.989003 ], [ -93.547859, 38.988925 ], [ -93.547166, 38.988897 ], [ -93.546361, 38.988874 ], [ -93.543743, 38.988776 ], [ -93.542366, 38.98872 ], [ -93.54133, 38.988682 ], [ -93.540006, 38.988618 ], [ -93.539453, 38.988591 ], [ -93.538497, 38.988549 ], [ -93.536803, 38.988488 ], [ -93.533331, 38.988341 ], [ -93.532532, 38.988318 ], [ -93.531502, 38.988275 ], [ -93.530298, 38.988239 ], [ -93.529619, 38.98821 ], [ -93.528636, 38.988162 ], [ -93.527916, 38.988134 ], [ -93.527418, 38.988121 ], [ -93.527237, 38.988116 ], [ -93.526504, 38.988077 ], [ -93.523813, 38.987969 ], [ -93.522887, 38.987925 ], [ -93.521939, 38.987893 ], [ -93.520943, 38.987839 ], [ -93.520149, 38.987806 ], [ -93.51922, 38.987774 ], [ -93.518003, 38.987721 ], [ -93.516995, 38.987684 ], [ -93.516248, 38.987661 ], [ -93.515185, 38.987618 ], [ -93.514526, 38.987584 ], [ -93.513964, 38.987561 ], [ -93.51253, 38.987472 ], [ -93.511326, 38.987383 ], [ -93.51066, 38.987344 ], [ -93.509536, 38.987244 ], [ -93.506521, 38.9869 ], [ -93.506226, 38.986855 ], [ -93.506049, 38.986828 ], [ -93.505302, 38.986727 ], [ -93.503653, 38.986482 ], [ -93.502792, 38.986343 ], [ -93.501722, 38.986148 ], [ -93.50094, 38.98602 ], [ -93.500206, 38.985877 ], [ -93.4999456, 38.9858155 ], [ -93.499472, 38.985723 ], [ -93.498371, 38.98551 ], [ -93.497771, 38.985381 ], [ -93.497364, 38.985298 ], [ -93.497248, 38.985269 ], [ -93.496889, 38.985217 ], [ -93.496182, 38.985068 ], [ -93.495542, 38.984919 ], [ -93.494933, 38.984791 ], [ -93.4941156, 38.9846144 ], [ -93.493923, 38.984586 ], [ -93.493515, 38.984498 ], [ -93.491757, 38.984126 ], [ -93.490806, 38.983919 ], [ -93.489903, 38.983722 ], [ -93.489617, 38.983662 ], [ -93.489296, 38.983594 ], [ -93.486275, 38.982979 ], [ -93.483094, 38.98232 ], [ -93.4796812, 38.9815997 ], [ -93.477432, 38.981125 ], [ -93.474897, 38.980609 ], [ -93.473965, 38.980413 ], [ -93.468138, 38.979186 ], [ -93.467858, 38.979134 ], [ -93.466842, 38.978984 ], [ -93.465981, 38.978886 ], [ -93.465207, 38.97882 ], [ -93.463974, 38.978758 ], [ -93.460351, 38.978617 ], [ -93.456759, 38.978453 ], [ -93.452554, 38.978294 ], [ -93.450268, 38.978207 ], [ -93.447258, 38.978064 ], [ -93.445877, 38.978007 ], [ -93.443808, 38.977932 ], [ -93.442328, 38.97787 ], [ -93.440234, 38.977767 ], [ -93.4380942, 38.9776841 ], [ -93.4365835, 38.9776197 ], [ -93.434893, 38.97754 ], [ -93.430966, 38.977395 ], [ -93.429429, 38.977331 ], [ -93.426287, 38.9772 ], [ -93.424271, 38.977116 ], [ -93.421813, 38.976999 ], [ -93.4188634, 38.9769551 ], [ -93.418172, 38.976939 ], [ -93.415826, 38.97692 ], [ -93.414209, 38.976906 ], [ -93.413384, 38.976898 ], [ -93.411447, 38.976891 ], [ -93.410523, 38.976878 ], [ -93.407478, 38.976837 ], [ -93.405861, 38.976775 ], [ -93.402535, 38.976593 ], [ -93.3988381, 38.9763623 ], [ -93.396927, 38.976243 ], [ -93.395337, 38.976144 ], [ -93.393988, 38.976066 ], [ -93.391714, 38.975909 ], [ -93.389739, 38.9758 ], [ -93.388066, 38.975695 ], [ -93.38653, 38.975608 ], [ -93.385309, 38.975534 ], [ -93.380646, 38.97525 ], [ -93.379085, 38.975135 ], [ -93.377258, 38.975024 ], [ -93.376348, 38.974979 ], [ -93.374663, 38.974878 ], [ -93.373724, 38.974826 ], [ -93.371884, 38.974752 ], [ -93.3684484, 38.9746384 ] ] ] } },
{ "type": "Feature", "properties": { "full_id": "r161638", "osm_id": "161638", "osm_type": "relation", "highway": null, "short_name": "Mo.", "old_name": null, "destination:ref:to": null, "shoulder": null, "opening_date": null, "noref": null, "change:lanes": null, "maxweight:hgv_articulated": null, "maxweight:hgv:conditional": null, "alt_name": null, "traffic_sign": null, "access": null, "destination:street": null, "bridge:name": null, "destination:symbol": null, "embankment": null, "future_ref": null, "maxspeed:permanent": null, "HFCS": null, "maxspeed:advisory": null, "lanes:permanant": null, "ref:fra_crossing": null, "motor_vehicle": null, "turn:lanes:forward": null, "source:hgv": null, "sidewalk": null, "smoothness": null, "tunnel": null, "destination:lanes": null, "old_ref": null, "junction:ref": null, "destination:ref": null, "destination": null, "maxweight": null, "maxheight": null, "toll": null, "lit": null, "expressway": null, "turn:lanes": null, "covered": null, "maxheight:signed": null, "placement": null, "source:minspeed": null, "source:maxspeed": null, "minspeed:type": null, "maxspeed:type": null, "minspeed": null, "horse": null, "foot": null, "loc_ref": null, "tiger:reviewed": null, "tiger:county": null, "tiger:cfcc": null, "name": "Missouri", "layer": null, "bridge": null, "bicycle": null, "surface": null, "source:hgv:national_network": null, "ref": "MO", "oneway": null, "noname": null, "maxspeed": null, "lanes": null, "hgv:national_network": null, "hgv": null, "NHS": null, "road_name": null, "named": "State Line", "boundary": "administrative", "admin_level": "4", "wikipedia": "en:Missouri", "wikidata": "Q1581", "type": "boundary", "source:short_name": "Associated Press", "source:population": "United States Census Bureau", "source:name:br": "ofis publik ar brezhoneg", "ref:fips": "29", "ref:USPS": "MO", "ref:USCG": "MO", "population:date": "2024-07-01", "population": "6245466", "nickname": "The Show-Me State", "name:zh-Hant": "密蘇里州", "name:zh-Hans": "密苏里州", "name:zh": "密苏里州/密蘇里州", "name:yi": "מיזורי", "name:uz": "Missuri", "name:ur": "مسوری", "name:uk": "Міссурі", "name:tl": "Misuri", "name:th": "รัฐมิสซูรี", "name:ta": "மிசூரி", "name:sr": "Мисури", "name:sq": "Mizuri", "name:sl": "Misuri", "name:sa": "मिसूरी", "name:ru": "Миссури", "name:qu": "Missouri suyu", "name:pl": "Missouri", "name:oc": "Missorí", "name:nv": "Mizoowii Hahoodzo", "name:mr": "मिसूरी", "name:ml": "മിസോറി", "name:mg": "Misoria", "name:lv": "Misūri", "name:lt": "Misūris", "name:la": "Missuria", "name:ko": "미주리", "name:ka": "მისური", "name:ja": "ミズーリ州", "name:hy": "Միսսուրի", "name:ht": "Misouri", "name:he": "מיזורי", "name:haw": "Mikouli", "name:hak": "Me̍t-sû-lî", "name:gl": "Misuri", "name:ga": "Miosúirí", "name:fr": "Missouri", "name:fa": "میزوری", "name:eu": "Misuri", "name:es": "Misuri", "name:eo": "Misurio", "name:en": "Missouri", "name:el": "Μιζούρι", "name:br": "Missouri", "name:bn": "মিজুরি", "name:bg": "Мисури", "name:az": "Missuri", "name:arc": "ܡܝܙܘܪܝ", "name:ar": "ميزوري", "border_type": "state", "ISO3166-2": "US-MO", "full_id_2": "r161644", "osm_id_2": "161644", "osm_type_2": "relation", "boundary_2": "administrative", "admin_level_2": "4", "name_2": "Kansas", "wikipedia_2": "en:Kansas", "wikidata_2": "Q1558", "type_2": "boundary", "source:short_name_2": "Associated Press", "source:population_2": "United States Census Bureau", "source:name:br_2": "ofis publik ar brezhoneg", "short_name_2": "Kan.", "ref:fips_2": "20", "ref:USPS_2": "KS", "ref:USCG_2": "KA", "ref_2": "KS", "population:date_2": "2024-07-01", "population_2": "2970606", "nickname_2": "The Sunflower State", "name:zh-Hant_2": "堪薩斯州", "name:zh-Hans_2": "堪萨斯州", "name:zh_2": "堪萨斯州;堪薩斯州", "name:yi_2": "קענזעס", "name:uz_2": "Kanzas", "name:ur_2": "کنساس", "name:uk_2": "Канзас", "name:th_2": "รัฐแคนซัส", "name:ta_2": "கேன்சஸ்", "name:sr_2": "Канзас", "name:sh": "Kanzas", "name:sa_2": "केन्सास", "name:ru_2": "Канзас", "name:qu_2": "Kansas suyu", "name:pl_2": "Kansas", "name:nv_2": "Kénsis Hahoodzo", "name:nan": "Kansas", "name:mr_2": "कॅन्सस", "name:ml_2": "കാന്സസ്", "name:lv_2": "Kanzasa", "name:lt_2": "Kanzasas", "name:ko_2": "캔자스", "name:kn": "ಕ್ಯಾನ್ಸಸ್", "name:ka_2": "კანზასი", "name:ja_2": "カンザス州", "name:hy_2": "Կանզաս", "name:ht_2": "Kènsas", "name:hi": "कैंसास", "name:he_2": "קנזס", "name:hak_2": "Kansas", "name:ga_2": "Ceansas", "name:fr_2": "Kansas", "name:fa_2": "کانزاس", "name:eo_2": "Kansaso", "name:en_2": "Kansas", "name:el_2": "Κάνσας", "name:de": "Kansas", "name:chr": "ᏧᏂᎦᏔᏙᏅᏙᏗ", "name:br_2": "Kansas", "name:bn_2": "ক্যানসাস", "name:az_2": "Kanzas", "name:arc_2": "ܟܐܢܣܐܣ", "name:ar_2": "كانساس", "border_type_2": "state", "ISO3166-2_2": "US-KS", "path": "MultiLineString?crs=EPSG:4326&field=full_id:string(0,0)&field=osm_id:string(0,0)&field=osm_type:string(0,0)&field=boundary:string(0,0)&field=admin_level:string(0,0)&field=name:string(0,0)&field=wikipedia:string(0,0)&field=wikidata:string(0,0)&field=type:string(0,0)&field=source%3Ashort_name:string(0,0)&field=source%3Apopulation:string(0,0)&field=source%3Aname%3Abr:string(0,0)&field=short_name:string(0,0)&field=ref%3Afips:string(0,0)&field=ref%3AUSPS:string(0,0)&field=ref%3AUSCG:string(0,0)&field=ref:string(0,0)&field=population%3Adate:string(0,0)&field=population:string(0,0)&field=nickname:string(0,0)&field=name%3Azh-Hant:string(0,0)&field=name%3Azh-Hans:string(0,0)&field=name%3Azh:string(0,0)&field=name%3Ayi:string(0,0)&field=name%3Auz:string(0,0)&field=name%3Aur:string(0,0)&field=name%3Auk:string(0,0)&field=name%3Atl:string(0,0)&field=name%3Ath:string(0,0)&field=name%3Ata:string(0,0)&field=name%3Asr:string(0,0)&field=name%3Asq:string(0,0)&field=name%3Asl:string(0,0)&field=name%3Asa:string(0,0)&field=name%3Aru:string(0,0)&field=name%3Aqu:string(0,0)&field=name%3Apl:string(0,0)&field=name%3Aoc:string(0,0)&field=name%3Anv:string(0,0)&field=name%3Amr:string(0,0)&field=name%3Aml:string(0,0)&field=name%3Amg:string(0,0)&field=name%3Alv:string(0,0)&field=name%3Alt:string(0,0)&field=name%3Ala:string(0,0)&field=name%3Ako:string(0,0)&field=name%3Aka:string(0,0)&field=name%3Aja:string(0,0)&field=name%3Ahy:string(0,0)&field=name%3Aht:string(0,0)&field=name%3Ahe:string(0,0)&field=name%3Ahaw:string(0,0)&field=name%3Ahak:string(0,0)&field=name%3Agl:string(0,0)&field=name%3Aga:string(0,0)&field=name%3Afr:string(0,0)&field=name%3Afa:string(0,0)&field=name%3Aeu:string(0,0)&field=name%3Aes:string(0,0)&field=name%3Aeo:string(0,0)&field=name%3Aen:string(0,0)&field=name%3Ael:string(0,0)&field=name%3Abr:string(0,0)&field=name%3Abn:string(0,0)&field=name%3Abg:string(0,0)&field=name%3Aaz:string(0,0)&field=name%3Aarc:string(0,0)&field=name%3Aar:string(0,0)&field=border_type:string(0,0)&field=ISO3166-2:string(0,0)&field=full_id_2:string(0,0)&field=osm_id_2:string(0,0)&field=osm_type_2:string(0,0)&field=boundary_2:string(0,0)&field=admin_level_2:string(0,0)&field=name_2:string(0,0)&field=wikipedia_2:string(0,0)&field=wikidata_2:string(0,0)&field=type_2:string(0,0)&field=source%3Ashort_name_2:string(0,0)&field=source%3Apopulation_2:string(0,0)&field=source%3Aname%3Abr_2:string(0,0)&field=short_name_2:string(0,0)&field=ref%3Afips_2:string(0,0)&field=ref%3AUSPS_2:string(0,0)&field=ref%3AUSCG_2:string(0,0)&field=ref_2:string(0,0)&field=population%3Adate_2:string(0,0)&field=population_2:string(0,0)&field=nickname_2:string(0,0)&field=name%3Azh-Hant_2:string(0,0)&field=name%3Azh-Hans_2:string(0,0)&field=name%3Azh_2:string(0,0)&field=name%3Ayi_2:string(0,0)&field=name%3Auz_2:string(0,0)&field=name%3Aur_2:string(0,0)&field=name%3Auk_2:string(0,0)&field=name%3Ath_2:string(0,0)&field=name%3Ata_2:string(0,0)&field=name%3Asr_2:string(0,0)&field=name%3Ash:string(0,0)&field=name%3Asa_2:string(0,0)&field=name%3Aru_2:string(0,0)&field=name%3Aqu_2:string(0,0)&field=name%3Apl_2:string(0,0)&field=name%3Anv_2:string(0,0)&field=name%3Anan:string(0,0)&field=name%3Amr_2:string(0,0)&field=name%3Aml_2:string(0,0)&field=name%3Alv_2:string(0,0)&field=name%3Alt_2:string(0,0)&field=name%3Ako_2:string(0,0)&field=name%3Akn:string(0,0)&field=name%3Aka_2:string(0,0)&field=name%3Aja_2:string(0,0)&field=name%3Ahy_2:string(0,0)&field=name%3Aht_2:string(0,0)&field=name%3Ahi:string(0,0)&field=name%3Ahe_2:string(0,0)&field=name%3Ahak_2:string(0,0)&field=name%3Aga_2:string(0,0)&field=name%3Afr_2:string(0,0)&field=name%3Afa_2:string(0,0)&field=name%3Aeo_2:string(0,0)&field=name%3Aen_2:string(0,0)&field=name%3Ael_2:string(0,0)&field=name%3Ade:string(0,0)&field=name%3Achr:string(0,0)&field=name%3Abr_2:string(0,0)&field=name%3Abn_2:string(0,0)&field=name%3Aaz_2:string(0,0)&field=name%3Aarc_2:string(0,0)&field=name%3Aar_2:string(0,0)&field=border_type_2:string(0,0)&field=ISO3166-2_2:string(0,0)&uid={366a4b50-db63-48d1-a381-628ecca99e5b}" }, "geometry": { "type": "MultiLineString", "coordinates": [ [ [ -94.6179515, 36.9985962 ], [ -94.6179373, 37.0133383 ], [ -94.6178877, 37.0278772 ], [ -94.6178792, 37.0424382 ], [ -94.6178865, 37.0563913 ], [ -94.6178983, 37.0568147 ], [ -94.6179556, 37.0893765 ], [ -94.6180856, 37.0934228 ], [ -94.618088, 37.093671 ], [ -94.618059, 37.096676 ], [ -94.6180471, 37.1019375 ], [ -94.6180539, 37.1193251 ], [ -94.61801, 37.1251336 ], [ -94.6179999, 37.1455586 ], [ -94.6182702, 37.1521385 ], [ -94.618351, 37.160211 ], [ -94.618473, 37.174782 ], [ -94.618505, 37.181184 ], [ -94.618319, 37.188774 ], [ -94.6183148, 37.194344 ], [ -94.618305, 37.207337 ], [ -94.618219, 37.207772 ], [ -94.61815, 37.228121 ], [ -94.618123, 37.229334 ], [ -94.618158, 37.237597 ], [ -94.618075, 37.240436 ], [ -94.6179646, 37.2619373 ], [ -94.617648, 37.323589 ], [ -94.617695, 37.336842 ], [ -94.617722, 37.338418 ], [ -94.6175496, 37.3641355 ], [ -94.617626, 37.367445 ], [ -94.617625, 37.367576 ], [ -94.617557, 37.396375 ], [ -94.617511, 37.410909 ], [ -94.617265, 37.425536 ], [ -94.617132, 37.439818 ], [ -94.617201, 37.454788 ], [ -94.617205, 37.460373 ], [ -94.617222, 37.460476 ], [ -94.61718, 37.465203 ], [ -94.617183, 37.469665 ], [ -94.6170911, 37.4777661 ], [ -94.617023, 37.483765 ], [ -94.616789, 37.52151 ], [ -94.616908, 37.527804 ], [ -94.6170738, 37.5504891 ], [ -94.617097, 37.5516392 ], [ -94.6170985, 37.5518265 ], [ -94.6171333, 37.5542105 ], [ -94.6171919, 37.5556552 ], [ -94.6171559, 37.5609796 ], [ -94.6171425, 37.5632121 ], [ -94.6171439, 37.5672357 ], [ -94.617315, 37.571499 ], [ -94.617283, 37.571896 ], [ -94.617428, 37.609522 ], [ -94.6173, 37.610495 ], [ -94.6174987, 37.6366547 ], [ -94.6175932, 37.6445517 ], [ -94.617721, 37.6536844 ], [ -94.617779, 37.673105 ], [ -94.617781, 37.673854 ], [ -94.617799, 37.675059 ], [ -94.61778, 37.675827 ], [ -94.617812, 37.677104 ], [ -94.617791, 37.677595 ], [ -94.617821, 37.679709 ], [ -94.617837, 37.68008 ], [ -94.617848, 37.680602 ], [ -94.617887, 37.681633 ], [ -94.617904, 37.681897 ], [ -94.617923, 37.682032 ], [ -94.617966, 37.682217 ], [ -94.617899, 37.683262 ], [ -94.61772, 37.685886 ], [ -94.617686, 37.686653 ], [ -94.617673, 37.687751 ], [ -94.617657, 37.687789 ], [ -94.617742, 37.689142 ], [ -94.617766, 37.689196 ], [ -94.617843, 37.68944 ], [ -94.617887, 37.689653 ], [ -94.617897, 37.689921 ], [ -94.617873, 37.691217 ], [ -94.617855, 37.692932 ], [ -94.617881, 37.69828 ], [ -94.617876, 37.700093 ], [ -94.617885, 37.70202 ], [ -94.6179, 37.703714 ], [ -94.617927, 37.705507 ], [ -94.617934, 37.70729 ], [ -94.617902, 37.709097 ], [ -94.617905, 37.710884 ], [ -94.617886, 37.714376 ], [ -94.617889, 37.718494 ], [ -94.617896, 37.720297 ], [ -94.617859, 37.723891 ], [ -94.617867, 37.726472 ], [ -94.617834, 37.727405 ], [ -94.617823, 37.729744 ], [ -94.617791, 37.73295 ], [ -94.617782, 37.73654 ], [ -94.617793, 37.738128 ], [ -94.617788, 37.740274 ], [ -94.617742, 37.741977 ], [ -94.617728, 37.744571 ], [ -94.617727, 37.747256 ], [ -94.61772, 37.749135 ], [ -94.617722, 37.750151 ], [ -94.617737, 37.750819 ], [ -94.617728, 37.751592 ], [ -94.617709, 37.755492 ], [ -94.617697, 37.75617 ], [ -94.617673, 37.756589 ], [ -94.617673, 37.758441 ], [ -94.617659, 37.760544 ], [ -94.617638, 37.761627 ], [ -94.617644, 37.761924 ], [ -94.617632, 37.763399 ], [ -94.61762, 37.766449 ], [ -94.617635, 37.767109 ], [ -94.617619, 37.767921 ], [ -94.617621, 37.769041 ], [ -94.617643, 37.770899 ], [ -94.617635, 37.77258 ], [ -94.617655, 37.773512 ], [ -94.617654, 37.775331 ], [ -94.617669, 37.776193 ], [ -94.617642, 37.776845 ], [ -94.617641, 37.777614 ], [ -94.617624, 37.778718 ], [ -94.617569, 37.780656 ], [ -94.617525, 37.781503 ], [ -94.617501, 37.781792 ], [ -94.617498, 37.7823 ], [ -94.617466, 37.782707 ], [ -94.617464, 37.78348 ], [ -94.617479, 37.784161 ], [ -94.617458, 37.785105 ], [ -94.617464, 37.78568 ], [ -94.617453, 37.787055 ], [ -94.617434, 37.787895 ], [ -94.617433, 37.788727 ], [ -94.617437, 37.789246 ], [ -94.617405, 37.790531 ], [ -94.617364, 37.792525 ], [ -94.617337, 37.793491 ], [ -94.617338, 37.794409 ], [ -94.617331, 37.795296 ], [ -94.617311, 37.796405 ], [ -94.617255, 37.798109 ], [ -94.617266, 37.798594 ], [ -94.617249, 37.799347 ], [ -94.617222, 37.799981 ], [ -94.617196, 37.800872 ], [ -94.617198, 37.801239 ], [ -94.617189, 37.802439 ], [ -94.617171, 37.802946 ], [ -94.617169, 37.803383 ], [ -94.617148, 37.80397 ], [ -94.617134, 37.805178 ], [ -94.617113, 37.806277 ], [ -94.617116, 37.80658 ], [ -94.617106, 37.807489 ], [ -94.617092, 37.808035 ], [ -94.617081, 37.81009 ], [ -94.617071, 37.810361 ], [ -94.617069, 37.811237 ], [ -94.617062, 37.811748 ], [ -94.617018, 37.813677 ], [ -94.617015, 37.814202 ], [ -94.616996, 37.815385 ], [ -94.617002, 37.816491 ], [ -94.616994, 37.81719 ], [ -94.616954, 37.818739 ], [ -94.616954, 37.819078 ], [ -94.616862, 37.819455 ], [ -94.61645, 37.83756 ], [ -94.61652, 37.837738 ], [ -94.616518, 37.837922 ], [ -94.616355, 37.839384 ], [ -94.616344, 37.839668 ], [ -94.616384, 37.840445 ], [ -94.616373, 37.841808 ], [ -94.616344, 37.842965 ], [ -94.616426, 37.845282 ], [ -94.615998, 37.863184 ], [ -94.615978, 37.86322 ], [ -94.615964, 37.863283 ], [ -94.615952, 37.863583 ], [ -94.615948, 37.864589 ], [ -94.615915, 37.867996 ], [ -94.615886, 37.869775 ], [ -94.615869, 37.871377 ], [ -94.615855, 37.872241 ], [ -94.615843, 37.872374 ], [ -94.615828, 37.872394 ], [ -94.615858, 37.875039 ], [ -94.615864, 37.876958 ], [ -94.61592, 37.878306 ], [ -94.615861, 37.87835 ], [ -94.615777, 37.878449 ], [ -94.615738, 37.878542 ], [ -94.615716, 37.878645 ], [ -94.615708, 37.879849 ], [ -94.615709, 37.880482 ], [ -94.615702, 37.881104 ], [ -94.615708, 37.882663 ], [ -94.615718, 37.883114 ], [ -94.615718, 37.884682 ], [ -94.615725, 37.885443 ], [ -94.615724, 37.886165 ], [ -94.615697, 37.886706 ], [ -94.615692, 37.886732 ], [ -94.615641, 37.890905 ], [ -94.615626, 37.891827 ], [ -94.61529, 37.901925 ], [ -94.615296, 37.901975 ], [ -94.615293, 37.902275 ], [ -94.615269, 37.90291 ], [ -94.615231, 37.904419 ], [ -94.615202, 37.905046 ], [ -94.615179, 37.905711 ], [ -94.61517, 37.90618 ], [ -94.615172, 37.906274 ], [ -94.615188, 37.906338 ], [ -94.615222, 37.906382 ], [ -94.61528, 37.906419 ], [ -94.615341, 37.906437 ], [ -94.615392, 37.90644 ], [ -94.614778, 37.9342 ], [ -94.614864, 37.935642 ], [ -94.614835, 37.9367 ], [ -94.614754, 37.940769 ], [ -94.614612, 37.944362 ], [ -94.614629, 37.948031 ], [ -94.614594, 37.950049 ], [ -94.614586, 37.951469 ], [ -94.614562, 37.951517 ], [ -94.614521, 37.964336 ], [ -94.614555, 37.970605 ], [ -94.614511, 37.970682 ], [ -94.614438, 37.971008 ], [ -94.614433, 37.971373 ], [ -94.614413, 37.971511 ], [ -94.614281, 37.972072 ], [ -94.614201, 37.973694 ], [ -94.614111, 37.973797 ], [ -94.614127, 37.973829 ], [ -94.614164, 37.974007 ], [ -94.614161, 37.97536 ], [ -94.614151, 37.976373 ], [ -94.614156, 37.976981 ], [ -94.614185, 37.977389 ], [ -94.614251, 37.977646 ], [ -94.614361, 37.97789 ], [ -94.614511, 37.978133 ], [ -94.61454, 37.978171 ], [ -94.614361, 37.978269 ], [ -94.614231, 37.978372 ], [ -94.614181, 37.978469 ], [ -94.614155, 37.978565 ], [ -94.61416, 37.979004 ], [ -94.614169, 37.982715 ], [ -94.614156, 37.984503 ], [ -94.614122, 37.985523 ], [ -94.614094, 37.987556 ], [ -94.614079, 37.987613 ], [ -94.614182, 37.988332 ], [ -94.614145, 37.989227 ], [ -94.614178, 37.989874 ], [ -94.614223, 37.991565 ], [ -94.614212, 37.992462 ], [ -94.614271, 37.992676 ], [ -94.614266, 37.993417 ], [ -94.614014, 38.002375 ], [ -94.614023, 38.002452 ], [ -94.614036, 38.003563 ], [ -94.614041, 38.004993 ], [ -94.61404, 38.006471 ], [ -94.61403, 38.007768 ], [ -94.614062, 38.007824 ], [ -94.614142, 38.007916 ], [ -94.614102, 38.007946 ], [ -94.614066, 38.008015 ], [ -94.61403, 38.00812 ], [ -94.614034, 38.009592 ], [ -94.614011, 38.012112 ], [ -94.614012, 38.01321 ], [ -94.614037, 38.014644 ], [ -94.614052, 38.01522 ], [ -94.614038, 38.015394 ], [ -94.614038, 38.01675 ], [ -94.614016, 38.020772 ], [ -94.614025, 38.02554 ], [ -94.614035, 38.02644 ], [ -94.614072, 38.027607 ], [ -94.614064, 38.029142 ], [ -94.614076, 38.030969 ], [ -94.614072, 38.033985 ], [ -94.614089, 38.037057 ], [ -94.6140639, 38.0595918 ], [ -94.614089, 38.065901 ], [ -94.614061, 38.067343 ], [ -94.6139348, 38.1180701 ], [ -94.613857, 38.14977 ], [ -94.613748, 38.160633 ], [ -94.613422, 38.167908 ], [ -94.613073, 38.190552 ], [ -94.612848, 38.200714 ], [ -94.612822, 38.203918 ], [ -94.612656, 38.207857 ], [ -94.612543, 38.215113 ], [ -94.6126006, 38.2184475 ], [ -94.612513, 38.226778 ], [ -94.6125205, 38.2307835 ], [ -94.6125199, 38.2308232 ], [ -94.612493, 38.237659 ], [ -94.612503, 38.240532 ], [ -94.612692, 38.270394 ], [ -94.612849, 38.289914 ], [ -94.612844, 38.291423 ], [ -94.612673, 38.302527 ], [ -94.612673, 38.3131162 ], [ -94.612673, 38.314832 ], [ -94.612788, 38.320142 ], [ -94.612825, 38.324387 ], [ -94.613, 38.335801 ], [ -94.6130244, 38.3372557 ], [ -94.6130931, 38.3437408 ], [ -94.613312, 38.364407 ], [ -94.613329, 38.369618 ], [ -94.6131995, 38.3888181 ], [ -94.6133328, 38.399877 ], [ -94.613365, 38.403422 ], [ -94.6133434, 38.4066323 ], [ -94.6132747, 38.4168476 ], [ -94.613356, 38.457967 ], [ -94.613297, 38.461145 ], [ -94.613006, 38.4748511 ], [ -94.6130122, 38.477603 ], [ -94.612876, 38.483171 ], [ -94.612866, 38.484366 ], [ -94.6126356, 38.4958346 ], [ -94.612061, 38.5476406 ], [ -94.6120597, 38.5477613 ], [ -94.6120166, 38.5496077 ], [ -94.6121682, 38.565534 ], [ -94.612176, 38.576546 ], [ -94.611902, 38.58011 ], [ -94.611887, 38.580139 ], [ -94.611908, 38.609272 ], [ -94.611612, 38.620585 ], [ -94.611465, 38.625011 ], [ -94.611602, 38.635384 ], [ -94.6108423, 38.6726668 ], [ -94.6095478, 38.7361952 ], [ -94.60908, 38.738099 ], [ -94.608602, 38.767217 ], [ -94.608491, 38.775186 ], [ -94.608384, 38.7897716 ], [ -94.608041, 38.811064 ], [ -94.6078489, 38.8186801 ], [ -94.607625, 38.82756 ], [ -94.6077112, 38.83171 ], [ -94.6079671, 38.8472606 ], [ -94.608021, 38.8501757 ], [ -94.607993, 38.867271 ], [ -94.6078065, 38.8846469 ], [ -94.6078756, 38.9022285 ], [ -94.6078765, 38.9036922 ], [ -94.6078868, 38.9196322 ], [ -94.607904, 38.9369803 ], [ -94.6080949, 38.9568143 ], [ -94.6081245, 38.9664976 ], [ -94.6081349, 38.9709298 ], [ -94.608138, 38.9710356 ], [ -94.6081654, 38.9731939 ], [ -94.60817, 38.9795481 ], [ -94.6081811, 38.9843009 ], [ -94.6081795, 38.9843592 ], [ -94.6081752, 38.9844407 ], [ -94.6081705, 38.9845497 ], [ -94.6081632, 38.9846939 ], [ -94.6081486, 38.9849363 ], [ -94.60814, 38.9850979 ], [ -94.6081298, 38.9852446 ], [ -94.6081106, 38.9855195 ], [ -94.6081055, 38.985559 ], [ -94.608104, 38.9856296 ], [ -94.608091, 38.9858789 ], [ -94.6080727, 38.9862874 ], [ -94.6080538, 38.9868026 ], [ -94.6080102, 38.9876963 ], [ -94.6079932, 38.9882452 ], [ -94.6079896, 38.9886137 ], [ -94.6079889, 38.9886433 ], [ -94.6079833, 38.9888361 ], [ -94.6079808, 38.9889616 ], [ -94.6079686, 38.9893131 ], [ -94.6079684, 38.9894074 ], [ -94.60799, 38.9901465 ], [ -94.6079862, 38.9902538 ], [ -94.6079758, 38.9905175 ], [ -94.6079663, 38.9906963 ], [ -94.6079651, 38.9908495 ], [ -94.607966, 38.9908993 ], [ -94.6079598, 38.9925857 ], [ -94.6079605, 38.9927823 ], [ -94.6079616, 38.9928842 ], [ -94.60796, 38.9929761 ], [ -94.6079586, 38.9931009 ], [ -94.607959, 38.9931884 ], [ -94.6079551, 38.993462 ], [ -94.6079518, 38.9934942 ], [ -94.6079415, 38.9936118 ], [ -94.6079332, 38.9937199 ], [ -94.6079246, 38.9943488 ], [ -94.6079256, 38.9947487 ], [ -94.6079225, 38.9947989 ], [ -94.6079185, 38.9957746 ], [ -94.607908, 38.9966253 ], [ -94.6079008, 38.997517 ], [ -94.6079025, 38.9984344 ], [ -94.607901, 38.9984858 ], [ -94.6078892, 38.9992554 ], [ -94.6078826, 38.9993105 ], [ -94.6078758, 38.9996553 ], [ -94.6078722, 39.0001277 ], [ -94.607872, 39.000178 ], [ -94.6078746, 39.0005585 ], [ -94.6078687, 39.0011029 ], [ -94.6074847, 39.0338531 ], [ -94.607483, 39.034078 ], [ -94.6074764, 39.0369642 ], [ -94.6074099, 39.0408897 ], [ -94.6073969, 39.0424138 ], [ -94.607382, 39.044086 ], [ -94.6073704, 39.044639 ], [ -94.6073609, 39.0460284 ], [ -94.6073581, 39.0464394 ], [ -94.6073572, 39.0464992 ], [ -94.6073288, 39.0483101 ], [ -94.6073258, 39.0488065 ], [ -94.6073337, 39.0495123 ], [ -94.6073357, 39.0496556 ], [ -94.6073377, 39.0497983 ], [ -94.6073427, 39.0501547 ], [ -94.6073439, 39.0502406 ], [ -94.6073361, 39.0506073 ], [ -94.6073344, 39.050685 ], [ -94.6073318, 39.0508073 ], [ -94.6073251, 39.0511184 ], [ -94.6073122, 39.0522711 ], [ -94.6072953, 39.0531973 ], [ -94.6073042, 39.0537701 ], [ -94.6073067, 39.0539312 ], [ -94.607312, 39.0542748 ], [ -94.6073133, 39.0543567 ], [ -94.6073105, 39.0546024 ], [ -94.6073096, 39.0546815 ], [ -94.6073017, 39.0553869 ], [ -94.6073043, 39.0554255 ], [ -94.6073029, 39.0558166 ], [ -94.6072897, 39.0572199 ], [ -94.607287, 39.0573485 ], [ -94.60731, 39.057763 ], [ -94.6073233, 39.0586997 ], [ -94.6073255, 39.0605711 ], [ -94.6073142, 39.0618951 ], [ -94.6073159, 39.0627994 ], [ -94.6073118, 39.0636795 ], [ -94.6073136, 39.0645967 ], [ -94.6073194, 39.0647989 ], [ -94.6073469, 39.0672067 ], [ -94.607379, 39.0698139 ], [ -94.607379, 39.0739849 ], [ -94.6071623, 39.076924 ], [ -94.6071212, 39.0999896 ], [ -94.6071188, 39.1013607 ], [ -94.607082, 39.1121611 ], [ -94.607076, 39.113909 ], [ -94.6080688, 39.1148918 ], [ -94.608066, 39.1174771 ], [ -94.6072739, 39.1197815 ], [ -94.605593, 39.1223035 ], [ -94.6049619, 39.1231267 ], [ -94.6029268, 39.1257808 ], [ -94.5993333, 39.1293178 ], [ -94.5957011, 39.1322552 ], [ -94.5940026, 39.1337253 ], [ -94.5920303, 39.1354323 ], [ -94.5902528, 39.1379798 ], [ -94.5889777, 39.1416061 ], [ -94.5882049, 39.1452922 ], [ -94.5882049, 39.1469427 ], [ -94.5882049, 39.1497871 ], [ -94.5889777, 39.1525139 ], [ -94.5911029, 39.1551507 ], [ -94.5946578, 39.1572481 ], [ -94.596485, 39.1578888 ], [ -94.6007243, 39.1593754 ], [ -94.6016536, 39.159664 ], [ -94.6051293, 39.160484 ], [ -94.6093411, 39.1611431 ], [ -94.6133403, 39.1605289 ], [ -94.613949, 39.1602956 ], [ -94.6162701, 39.159406 ], [ -94.6212021, 39.1570841 ], [ -94.6276791, 39.1551921 ], [ -94.6315631, 39.1545535 ], [ -94.6320783, 39.1544688 ], [ -94.6341743, 39.1542108 ], [ -94.6402579, 39.1533461 ], [ -94.644972, 39.1530914 ], [ -94.6492993, 39.1537572 ], [ -94.6498407, 39.1538405 ], [ -94.6534342, 39.1547694 ], [ -94.6572016, 39.1565222 ], [ -94.6598678, 39.1588742 ], [ -94.6611815, 39.161346 ], [ -94.6614897, 39.1627415 ], [ -94.6616645, 39.1635331 ], [ -94.6613168, 39.1662444 ], [ -94.6601962, 39.1682216 ], [ -94.6594041, 39.1705283 ], [ -94.6591336, 39.1726552 ], [ -94.6595973, 39.1750366 ], [ -94.6616454, 39.1776095 ], [ -94.6638924, 39.1793705 ], [ -94.6653454, 39.1806285 ], [ -94.6667394, 39.1814105 ], [ -94.6691784, 39.1824545 ], [ -94.6739714, 39.1838045 ], [ -94.6783084, 39.1844195 ], [ -94.6804064, 39.1845545 ], [ -94.6821284, 39.1844755 ], [ -94.6850484, 39.1842145 ], [ -94.6869194, 39.1839745 ], [ -94.6873364, 39.1839215 ], [ -94.6888564, 39.1834785 ], [ -94.6916794, 39.1822115 ], [ -94.6943104, 39.1806565 ], [ -94.6961844, 39.1793705 ], [ -94.6964014, 39.1792115 ], [ -94.6993924, 39.1774975 ], [ -94.7055914, 39.1740506 ], [ -94.7069134, 39.1739946 ], [ -94.7109004, 39.1721556 ], [ -94.7142054, 39.1706536 ], [ -94.7237054, 39.1692536 ], [ -94.7358114, 39.1694416 ], [ -94.7365834, 39.1695366 ], [ -94.7408454, 39.1702376 ], [ -94.7419264, 39.1705686 ], [ -94.7484594, 39.1723176 ], [ -94.7517154, 39.1732546 ], [ -94.7523544, 39.1735006 ], [ -94.7528714, 39.1737436 ], [ -94.7639382, 39.1803227 ], [ -94.7663332, 39.1826728 ], [ -94.7691621, 39.1879867 ], [ -94.770647, 39.1926898 ], [ -94.7725294, 39.1966788 ], [ -94.7743795, 39.1992233 ], [ -94.7744204, 39.1992796 ], [ -94.775532, 39.200606 ], [ -94.779136, 39.2044701 ], [ -94.7826686, 39.2064598 ], [ -94.7870726, 39.2077139 ], [ -94.7928462, 39.2079671 ], [ -94.8044486, 39.2057327 ], [ -94.8099067, 39.2059203 ], [ -94.8127983, 39.2064898 ], [ -94.8164871, 39.2072163 ], [ -94.821505, 39.2091604 ], [ -94.8265139, 39.2122098 ], [ -94.830582, 39.215889 ], [ -94.8346867, 39.2209376 ], [ -94.834728, 39.223049 ], [ -94.834764, 39.224889 ], [ -94.8335275, 39.2278074 ], [ -94.8301658, 39.2309652 ], [ -94.8276156, 39.2340929 ], [ -94.8263018, 39.238223 ], [ -94.8259734, 39.2422631 ], [ -94.8262438, 39.2457195 ], [ -94.8271905, 39.2497891 ], [ -94.8283527, 39.2517638 ], [ -94.8291805, 39.2531703 ], [ -94.8312894, 39.2562171 ], [ -94.8320592, 39.2573292 ], [ -94.8370167, 39.2621479 ], [ -94.8435451, 39.2668707 ], [ -94.8491038, 39.2697991 ], [ -94.8500753, 39.2703109 ], [ -94.8593876, 39.274738 ], [ -94.8700136, 39.278447 ], [ -94.8791327, 39.2812885 ], [ -94.8848128, 39.2846981 ], [ -94.8926181, 39.2916064 ], [ -94.8981823, 39.2975274 ], [ -94.9028191, 39.3050623 ], [ -94.9061808, 39.3139717 ], [ -94.9063773, 39.3149907 ], [ -94.9079527, 39.3231589 ], [ -94.9080835, 39.3255953 ], [ -94.9079715, 39.3276217 ], [ -94.9079996, 39.3288468 ], [ -94.9086898, 39.3313773 ], [ -94.9085244, 39.3327478 ], [ -94.9085643, 39.3345034 ], [ -94.9087991, 39.3383178 ], [ -94.9092969, 39.340676 ], [ -94.9095544, 39.3418955 ], [ -94.9100681, 39.3450281 ], [ -94.9101984, 39.346803 ], [ -94.9104057, 39.3499325 ], [ -94.9103726, 39.35105 ], [ -94.9098851, 39.3529551 ], [ -94.9091767, 39.3547122 ], [ -94.9084238, 39.3556866 ], [ -94.9064883, 39.3576812 ], [ -94.9024948, 39.3606575 ], [ -94.8996155, 39.3621566 ], [ -94.8975365, 39.3628054 ], [ -94.8960571, 39.3631719 ], [ -94.8936414, 39.3639269 ], [ -94.8917912, 39.3643189 ], [ -94.8887265, 39.3653757 ], [ -94.8870102, 39.3661216 ], [ -94.8847929, 39.3676013 ], [ -94.8833011, 39.3688496 ], [ -94.881809, 39.370432 ], [ -94.8803106, 39.372769 ], [ -94.8793059, 39.3754274 ], [ -94.8791127, 39.3781455 ], [ -94.8791785, 39.3794315 ], [ -94.8798302, 39.381168 ], [ -94.8817793, 39.384556 ], [ -94.8839939, 39.3876148 ], [ -94.8858885, 39.3898143 ], [ -94.8875408, 39.3913251 ], [ -94.8889865, 39.3920801 ], [ -94.8902646, 39.3926901 ], [ -94.8927992, 39.3933086 ], [ -94.8959521, 39.3936032 ], [ -94.8992443, 39.3933167 ], [ -94.9017373, 39.39289 ], [ -94.9048085, 39.3918236 ], [ -94.913348, 39.387072 ], [ -94.9175607, 39.3855894 ], [ -94.9225833, 39.3845479 ], [ -94.9279539, 39.3845369 ], [ -94.9342523, 39.385612 ], [ -94.9400096, 39.3877921 ], [ -94.9419828, 39.3894134 ], [ -94.9436805, 39.3908083 ], [ -94.9462694, 39.3953174 ], [ -94.946733, 39.4000949 ], [ -94.9466558, 39.4055887 ], [ -94.9488969, 39.4095296 ], [ -94.9517176, 39.4122761 ], [ -94.9571272, 39.4146046 ], [ -94.9651258, 39.4168435 ], [ -94.968973, 39.418879 ], [ -94.972171, 39.4205144 ], [ -94.9764896, 39.4254106 ], [ -94.9779649, 39.4311246 ], [ -94.979397, 39.4365329 ], [ -94.9809242, 39.4390466 ], [ -94.9874162, 39.4448791 ], [ -94.9965952, 39.4486584 ], [ -95.0083255, 39.4511641 ], [ -95.016749, 39.4532228 ], [ -95.0282251, 39.4578472 ], [ -95.0306118, 39.4591918 ], [ -95.0359145, 39.4622923 ], [ -95.0415946, 39.4671547 ], [ -95.0435866, 39.469869 ], [ -95.0460337, 39.4732032 ], [ -95.0463882, 39.4740864 ], [ -95.0471982, 39.4761042 ], [ -95.0475084, 39.4768769 ], [ -95.0482572, 39.4787456 ], [ -95.0490044, 39.487039 ], [ -95.0497091, 39.4948611 ], [ -95.0515638, 39.4990355 ], [ -95.0523601, 39.4999464 ], [ -95.0545391, 39.5024344 ], [ -95.0587895, 39.5061313 ], [ -95.0647015, 39.5085461 ], [ -95.0680056, 39.5093934 ], [ -95.0711034, 39.5101879 ], [ -95.0803507, 39.514717 ], [ -95.0886584, 39.5207382 ], [ -95.0973807, 39.5277537 ], [ -95.1002663, 39.5303537 ], [ -95.1035026, 39.533222 ], [ -95.1053863, 39.5354523 ], [ -95.1075649, 39.5390502 ], [ -95.1081662, 39.5400432 ], [ -95.109304, 39.542285 ], [ -95.1105178, 39.5445876 ], [ -95.1132813, 39.5520524 ], [ -95.1134389, 39.5569037 ], [ -95.1130002, 39.5603231 ], [ -95.1128144, 39.561771 ], [ -95.1102311, 39.5669777 ], [ -95.1076478, 39.5729757 ], [ -95.1056969, 39.5759264 ], [ -95.1036069, 39.577718 ], [ -95.1022103, 39.5785257 ], [ -95.1015359, 39.5788434 ], [ -95.0991891, 39.579948 ], [ -95.0974614, 39.5801384 ], [ -95.0957067, 39.5807875 ], [ -95.090156, 39.5810122 ], [ -95.0863277, 39.5803885 ], [ -95.0762434, 39.5765263 ], [ -95.0711702, 39.5758306 ], [ -95.0651632, 39.5764303 ], [ -95.0601833, 39.5782775 ], [ -95.054332, 39.5823556 ], [ -95.0502236, 39.5880404 ], [ -95.0477025, 39.5928854 ], [ -95.0467065, 39.5988332 ], [ -95.0469819, 39.6052165 ], [ -95.0485117, 39.6083055 ], [ -95.0534439, 39.6150537 ], [ -95.0544876, 39.6164817 ], [ -95.0554808, 39.6212489 ], [ -95.0555314, 39.6240298 ], [ -95.0548922, 39.6275338 ], [ -95.0528017, 39.6321508 ], [ -95.049518, 39.637876 ], [ -95.0451403, 39.6436223 ], [ -95.0397347, 39.6491293 ], [ -95.0353462, 39.6542336 ], [ -95.0305219, 39.6621648 ], [ -95.0274233, 39.6657624 ], [ -95.024595, 39.668485 ], [ -95.0200953, 39.6716045 ], [ -95.0149858, 39.6738066 ], [ -95.0101519, 39.6753801 ], [ -95.0038795, 39.6764436 ], [ -94.992831, 39.6768179 ], [ -94.9842713, 39.6781444 ], [ -94.978202, 39.6807314 ], [ -94.9731288, 39.6845399 ], [ -94.9693676, 39.6901817 ], [ -94.9686157, 39.7070036 ], [ -94.969425, 39.7130374 ], [ -94.9709812, 39.7209379 ], [ -94.9715414, 39.7268747 ], [ -94.9707322, 39.7320451 ], [ -94.968429, 39.7358747 ], [ -94.9661881, 39.7383638 ], [ -94.966012, 39.7385427 ], [ -94.9627021, 39.7419059 ], [ -94.959154, 39.7438684 ], [ -94.9550456, 39.7453043 ], [ -94.9491942, 39.7459743 ], [ -94.9479732, 39.7456739 ], [ -94.9445256, 39.7448256 ], [ -94.9389855, 39.742241 ], [ -94.9336321, 39.738316 ], [ -94.9282165, 39.734295 ], [ -94.927473, 39.7338746 ], [ -94.9259153, 39.7329938 ], [ -94.9218671, 39.7307046 ], [ -94.9149575, 39.7276886 ], [ -94.9091561, 39.7258894 ], [ -94.9072387, 39.7252948 ], [ -94.9007649, 39.7240979 ], [ -94.8983553, 39.724075 ], [ -94.8957227, 39.72405 ], [ -94.8889376, 39.7250554 ], [ -94.8849881, 39.726362 ], [ -94.883721, 39.7267811 ], [ -94.8831485, 39.7269705 ], [ -94.8766747, 39.7298908 ], [ -94.8711346, 39.7329546 ], [ -94.8667149, 39.7360662 ], [ -94.8637892, 39.7390818 ], [ -94.8618595, 39.7420974 ], [ -94.8605449, 39.7463008 ], [ -94.8600471, 39.7474292 ], [ -94.8597685, 39.7485778 ], [ -94.8588094, 39.7525311 ], [ -94.8588402, 39.7554964 ], [ -94.8588716, 39.758513 ], [ -94.8598053, 39.7613363 ], [ -94.8606338, 39.7628527 ], [ -94.8619675, 39.7652936 ], [ -94.8624198, 39.7661213 ], [ -94.8624778, 39.7661756 ], [ -94.8664085, 39.7703354 ], [ -94.8679618, 39.7715954 ], [ -94.8709975, 39.7738616 ], [ -94.8779083, 39.7741593 ], [ -94.8796339, 39.7731215 ], [ -94.8820484, 39.7726512 ], [ -94.8848394, 39.7712723 ], [ -94.8869234, 39.7669391 ], [ -94.8894686, 39.7651583 ], [ -94.8926396, 39.7626 ], [ -94.8953394, 39.7613149 ], [ -94.8981026, 39.7601935 ], [ -94.8994423, 39.7596514 ], [ -94.9034639, 39.7582471 ], [ -94.9047196, 39.7582594 ], [ -94.9066356, 39.7577117 ], [ -94.9107475, 39.7574859 ], [ -94.9146587, 39.7586534 ], [ -94.9173576, 39.7597091 ], [ -94.9193543, 39.7607171 ], [ -94.9228387, 39.7625397 ], [ -94.9274902, 39.7657214 ], [ -94.9303311, 39.7676429 ], [ -94.9327965, 39.7695598 ], [ -94.935174, 39.7728916 ], [ -94.9364285, 39.7752389 ], [ -94.9357474, 39.7775318 ], [ -94.9366188, 39.7793348 ], [ -94.9362682, 39.780739 ], [ -94.9365612, 39.7827395 ], [ -94.9344652, 39.785554 ], [ -94.931678, 39.7876199 ], [ -94.9283987, 39.7892259 ], [ -94.9241781, 39.790059 ], [ -94.92204, 39.7887241 ], [ -94.9160063, 39.7887035 ], [ -94.9125195, 39.7881759 ], [ -94.9100035, 39.7881429 ], [ -94.9072364, 39.7888366 ], [ -94.9035329, 39.7883115 ], [ -94.8890904, 39.7921454 ], [ -94.8861748, 39.7935179 ], [ -94.8831238, 39.7954829 ], [ -94.8803433, 39.7984624 ], [ -94.8790459, 39.7997256 ], [ -94.878684, 39.8014364 ], [ -94.8783407, 39.8030595 ], [ -94.8764942, 39.8071742 ], [ -94.8762131, 39.8094838 ], [ -94.8761638, 39.8134181 ], [ -94.8761594, 39.8165713 ], [ -94.8763526, 39.8191259 ], [ -94.8767545, 39.8210544 ], [ -94.877044, 39.823754 ], [ -94.8772616, 39.8241228 ], [ -94.8778062, 39.8250459 ], [ -94.878677, 39.826522 ], [ -94.8791491, 39.827007 ], [ -94.881013, 39.828922 ], [ -94.8856558, 39.8321971 ], [ -94.886933, 39.833098 ], [ -94.889493, 39.834026 ], [ -94.892677, 39.834378 ], [ -94.8937831, 39.8343223 ], [ -94.903157, 39.83385 ], [ -94.9048843, 39.8339966 ], [ -94.9073199, 39.8342034 ], [ -94.909942, 39.834426 ], [ -94.9104664, 39.8345547 ], [ -94.9153081, 39.8357429 ], [ -94.916918, 39.836138 ], [ -94.9172081, 39.8363009 ], [ -94.92615, 39.841322 ], [ -94.937655, 39.849786 ], [ -94.939767, 39.85193 ], [ -94.942567, 39.856602 ], [ -94.942407, 39.861066 ], [ -94.940743, 39.86441 ], [ -94.938791, 39.866954 ], [ -94.931463, 39.872602 ], [ -94.9310842, 39.873075 ], [ -94.928466, 39.876344 ], [ -94.927252, 39.880258 ], [ -94.927359, 39.883966 ], [ -94.927897, 39.886112 ], [ -94.929574, 39.888754 ], [ -94.934493, 39.893366 ], [ -94.9353064, 39.8937794 ], [ -94.943867, 39.89813 ], [ -94.95154, 39.900533 ], [ -94.9584403, 39.9015481 ], [ -94.959276, 39.901671 ], [ -94.963345, 39.901136 ], [ -94.977749, 39.897472 ], [ -94.9793906, 39.8973293 ], [ -94.9853085, 39.8968149 ], [ -94.986975, 39.89667 ], [ -94.9878238, 39.8967572 ], [ -94.9897849, 39.8969587 ], [ -94.990284, 39.89701 ], [ -94.994824, 39.8985476 ], [ -95.0058588, 39.900651 ], [ -95.0151961, 39.8994094 ], [ -95.0199892, 39.896544 ], [ -95.0243466, 39.8918637 ], [ -95.0259028, 39.8874695 ], [ -95.0260273, 39.8831229 ], [ -95.0251705, 39.8802301 ], [ -95.0250948, 39.8786046 ], [ -95.025422, 39.876711 ], [ -95.0273968, 39.8721835 ], [ -95.0307117, 39.8688 ], [ -95.0355514, 39.8657337 ], [ -95.0416517, 39.8646825 ], [ -95.0521607, 39.8644844 ], [ -95.0675425, 39.8627287 ], [ -95.0821337, 39.8616746 ], [ -95.0878844, 39.8622676 ], [ -95.1057372, 39.8693825 ], [ -95.1189551, 39.8714246 ], [ -95.1283106, 39.8734667 ], [ -95.1349196, 39.8770895 ], [ -95.1407561, 39.8822929 ], [ -95.1434168, 39.8875618 ], [ -95.1430735, 39.8930278 ], [ -95.1424264, 39.8974762 ], [ -95.1435885, 39.9019832 ], [ -95.147365, 39.9050778 ], [ -95.1537165, 39.9071189 ], [ -95.1599551, 39.9071137 ], [ -95.1664409, 39.9048301 ], [ -95.1713976, 39.9018013 ], [ -95.1767191, 39.9001396 ], [ -95.1852164, 39.8998103 ], [ -95.1913375, 39.9003563 ], [ -95.1914796, 39.900369 ], [ -95.1925978, 39.9004688 ], [ -95.2002368, 39.9034976 ], [ -95.2015997, 39.9044227 ], [ -95.2027261, 39.905196 ], [ -95.204185, 39.9067897 ], [ -95.2059874, 39.9121225 ], [ -95.2059874, 39.9163358 ], [ -95.2010951, 39.9237084 ], [ -95.1998934, 39.9293032 ], [ -95.2008376, 39.9347001 ], [ -95.2051291, 39.9390436 ], [ -95.2134547, 39.943321 ], [ -95.2169583, 39.9442032 ], [ -95.2212653, 39.9448345 ], [ -95.2317727, 39.9434682 ], [ -95.2395472, 39.9443081 ], [ -95.2480444, 39.9475982 ], [ -95.2543101, 39.9518093 ], [ -95.2608626, 39.9585635 ], [ -95.2653822, 39.9647042 ], [ -95.269073, 39.9690458 ], [ -95.2752528, 39.9729925 ], [ -95.2850375, 39.9765443 ], [ -95.2921682, 39.979183 ], [ -95.2992854, 39.9825294 ], [ -95.3052077, 39.9867383 ], [ -95.3074393, 39.9901579 ], [ -95.3078684, 39.9987061 ], [ -95.3080545, 40.0000001 ] ] ] } }
]
}
