{
"type": "FeatureCollection",
"name": "spatial_combined_clean",
"crs": { "type": "name", "properties": { "name": "urn:ogc:def:crs:EPSG::4269" } },
"features": [
{ "type": "Feature", "properties": { "ZCTA5CE20": "64083", "AFFGEOID20": "860Z200US64083", "GEOID20": "64083", "NAME20": "64083", "LSAD20": "Z5", "ALAND20": 66507536.0, "AWATER20": 982360.0, "price_2012": 186261.24200051688, "price_2026": 362715.85404967109, "log_change": 0.66646954135405423, "pct_change": 0.94735013121336609, "dollar_change": 176454.61204915421, "mci": 60135.11767, "plaza": 29559.06321, "pnl": 35038.55377, "legends": 48851.72321, "lees_summit": 13869.73214, "cbd": 32298.80849, "log_population": 10.173552856959743, "median_income": 101667.0, "poverty_rate": 0.06090585871077446, "bachelors_only": 0.22842696629213483, "college_plus": 0.35865168539325842, "no_college": 0.64134831460674158 }, "geometry": { "type": "MultiPolygon", "coordinates": [ [ [ [ -94.49966, 38.807613 ], [ -94.496617, 38.807499 ], [ -94.496554, 38.809284 ], [ -94.497317, 38.80932 ], [ -94.497077, 38.812947 ], [ -94.493981, 38.812832 ], [ -94.492377, 38.812765 ], [ -94.492369, 38.812982 ], [ -94.492298, 38.814239 ], [ -94.491501, 38.814222 ], [ -94.491343, 38.816825 ], [ -94.492089, 38.81686 ], [ -94.491828, 38.82001 ], [ -94.483137, 38.819612 ], [ -94.481554, 38.831887 ], [ -94.481145, 38.839621 ], [ -94.480309, 38.841354 ], [ -94.472449, 38.841062 ], [ -94.45503, 38.840419 ], [ -94.441401, 38.839943 ], [ -94.436905, 38.839783 ], [ -94.436806, 38.839713 ], [ -94.436649, 38.839707 ], [ -94.432321, 38.839634 ], [ -94.431168, 38.839615 ], [ -94.426801, 38.839506 ], [ -94.418523, 38.839316 ], [ -94.417875, 38.839307 ], [ -94.399447, 38.838809 ], [ -94.399824, 38.831631 ], [ -94.400052, 38.827924 ], [ -94.400242, 38.824638 ], [ -94.400299, 38.824364 ], [ -94.400738, 38.816663 ], [ -94.401073, 38.81012 ], [ -94.398297, 38.810049 ], [ -94.397548, 38.810035 ], [ -94.39773, 38.805653 ], [ -94.39231, 38.805571 ], [ -94.392246, 38.807188 ], [ -94.387586, 38.807026 ], [ -94.387635, 38.806018 ], [ -94.383006, 38.805897 ], [ -94.383195, 38.802247 ], [ -94.373935, 38.802079 ], [ -94.373698, 38.802073 ], [ -94.37388, 38.798439 ], [ -94.37863, 38.798488 ], [ -94.378821, 38.79483 ], [ -94.383248, 38.79493 ], [ -94.398229, 38.795328 ], [ -94.399681, 38.7947 ], [ -94.401835, 38.795445 ], [ -94.401841, 38.795296 ], [ -94.402422, 38.780799 ], [ -94.411911, 38.781046 ], [ -94.421466, 38.781293 ], [ -94.439711, 38.781708 ], [ -94.44035, 38.767081 ], [ -94.441074, 38.752476 ], [ -94.441727, 38.752493 ], [ -94.445365, 38.749438 ], [ -94.447138, 38.750077 ], [ -94.448429, 38.750926 ], [ -94.449099, 38.750706 ], [ -94.44959, 38.752717 ], [ -94.455785, 38.7529 ], [ -94.459576, 38.753033 ], [ -94.478156, 38.753622 ], [ -94.480422, 38.753841 ], [ -94.48111, 38.753908 ], [ -94.482849, 38.756852 ], [ -94.488337, 38.761577 ], [ -94.489974, 38.763559 ], [ -94.490738, 38.76578 ], [ -94.491443, 38.769689 ], [ -94.496699, 38.781102 ], [ -94.497251, 38.786111 ], [ -94.497367, 38.789008 ], [ -94.497769, 38.798378 ], [ -94.497999, 38.802675 ], [ -94.498608, 38.804512 ], [ -94.497741, 38.80439 ], [ -94.49966, 38.807613 ] ] ] ] } },
{ "type": "Feature", "properties": { "ZCTA5CE20": "64137", "AFFGEOID20": "860Z200US64137", "GEOID20": "64137", "NAME20": "64137", "LSAD20": "Z5", "ALAND20": 14946045.0, "AWATER20": 234278.0, "price_2012": 81033.499603975259, "price_2026": 224764.35262675097, "log_change": 1.0201898871895327, "pct_change": 1.7737214081239647, "dollar_change": 143730.85302277573, "mci": 43578.20019, "plaza": 12966.29244, "pnl": 18828.46334, "legends": 32812.70967, "lees_summit": 13896.85284, "cbd": 15897.37789, "log_population": 9.1508026592599858, "median_income": 66036.0, "poverty_rate": 0.080625619561625728, "bachelors_only": 0.27503974562798095, "college_plus": 0.400780459603989, "no_college": 0.599219540396011 }, "geometry": { "type": "MultiPolygon", "coordinates": [ [ [ [ -94.562891, 38.930566 ], [ -94.562345, 38.934489 ], [ -94.561081, 38.936315 ], [ -94.560751, 38.937194 ], [ -94.560501, 38.939346 ], [ -94.560519, 38.939553 ], [ -94.560602, 38.940022 ], [ -94.560854, 38.94079 ], [ -94.561147, 38.941314 ], [ -94.561936, 38.942253 ], [ -94.562456, 38.942592 ], [ -94.563564, 38.94311 ], [ -94.563814, 38.943303 ], [ -94.564033, 38.943763 ], [ -94.564008, 38.944066 ], [ -94.563711, 38.944708 ], [ -94.558855, 38.948321 ], [ -94.556987, 38.950653 ], [ -94.556807, 38.952508 ], [ -94.557338, 38.954008 ], [ -94.553708, 38.953834 ], [ -94.550438, 38.954233 ], [ -94.540138, 38.953781 ], [ -94.529737, 38.953235 ], [ -94.529597, 38.953231 ], [ -94.529446, 38.953227 ], [ -94.521882, 38.952946 ], [ -94.52221, 38.945721 ], [ -94.522296, 38.943924 ], [ -94.523019, 38.943951 ], [ -94.523371, 38.938504 ], [ -94.531644, 38.938826 ], [ -94.527653, 38.934701 ], [ -94.524891, 38.934796 ], [ -94.524624, 38.933353 ], [ -94.526978, 38.93362 ], [ -94.526308, 38.932547 ], [ -94.527059, 38.932613 ], [ -94.526001, 38.932017 ], [ -94.523855, 38.931292 ], [ -94.524646, 38.927566 ], [ -94.522981, 38.927492 ], [ -94.523057, 38.925252 ], [ -94.523046, 38.924898 ], [ -94.525184, 38.925115 ], [ -94.527881, 38.924236 ], [ -94.527827, 38.918242 ], [ -94.524174, 38.911009 ], [ -94.523868, 38.909368 ], [ -94.524333, 38.909391 ], [ -94.524258, 38.908912 ], [ -94.52825, 38.909086 ], [ -94.528212, 38.909587 ], [ -94.538167, 38.910027 ], [ -94.538304, 38.909523 ], [ -94.542977, 38.909731 ], [ -94.543056, 38.909243 ], [ -94.560828, 38.910095 ], [ -94.560799, 38.910472 ], [ -94.560717, 38.917597 ], [ -94.560232, 38.924926 ], [ -94.560264, 38.926546 ], [ -94.560154, 38.928802 ], [ -94.564252, 38.928923 ], [ -94.562891, 38.930566 ] ] ] ] } },
{ "type": "Feature", "properties": { "ZCTA5CE20": "66040", "AFFGEOID20": "860Z200US66040", "GEOID20": "66040", "NAME20": "66040", "LSAD20": "Z5", "ALAND20": 347701430.0, "AWATER20": 16961036.0, "price_2012": 54143.950125603566, "price_2026": 162060.43533053211, "log_change": 1.0963230804197952, "pct_change": 1.9931402299718257, "dollar_change": 107916.48520492855, "mci": 105055.4384, "plaza": 77493.25538, "pnl": 83841.44047, "legends": 85831.90352000001, "lees_summit": 69569.54082, "cbd": 80667.347925000009, "log_population": 8.2027563816556377, "median_income": 56323.0, "poverty_rate": 0.077394209354120266, "bachelors_only": 0.12427184466019417, "college_plus": 0.19572815533980584, "no_college": 0.80427184466019419 }, "geometry": { "type": "MultiPolygon", "coordinates": [ [ [ [ -94.917786, 38.295518 ], [ -94.917905, 38.336342 ], [ -94.86273, 38.335872 ], [ -94.862633, 38.345437 ], [ -94.853435, 38.345487 ], [ -94.853767, 38.35294 ], [ -94.852923, 38.362809 ], [ -94.853341, 38.367882 ], [ -94.853294, 38.374434 ], [ -94.844041, 38.3744 ], [ -94.844129, 38.36039 ], [ -94.839634, 38.359428 ], [ -94.83944, 38.355419 ], [ -94.838404, 38.353151 ], [ -94.837398, 38.35269 ], [ -94.826651, 38.352603 ], [ -94.825583, 38.351918 ], [ -94.82555, 38.34904 ], [ -94.82443, 38.347187 ], [ -94.824493, 38.345415 ], [ -94.797924, 38.345303 ], [ -94.797868, 38.335501 ], [ -94.786113, 38.335483 ], [ -94.786119, 38.337807 ], [ -94.784108, 38.339322 ], [ -94.7825, 38.338735 ], [ -94.780683, 38.336897 ], [ -94.778683, 38.337698 ], [ -94.778383, 38.339015 ], [ -94.780203, 38.340711 ], [ -94.780313, 38.342461 ], [ -94.778351, 38.343762 ], [ -94.776736, 38.343603 ], [ -94.774204, 38.340259 ], [ -94.772746, 38.339066 ], [ -94.770446, 38.339388 ], [ -94.767249, 38.34176 ], [ -94.767188, 38.342616 ], [ -94.767503, 38.343118 ], [ -94.770408, 38.344575 ], [ -94.771356, 38.345304 ], [ -94.77365, 38.348533 ], [ -94.773568, 38.350674 ], [ -94.774425, 38.351967 ], [ -94.776939, 38.353634 ], [ -94.778468, 38.353399 ], [ -94.779571, 38.350983 ], [ -94.780879, 38.35014 ], [ -94.782769, 38.350408 ], [ -94.783766, 38.351596 ], [ -94.782136, 38.355113 ], [ -94.783486, 38.357303 ], [ -94.786708, 38.358085 ], [ -94.789327, 38.356255 ], [ -94.792009, 38.356103 ], [ -94.793448, 38.358544 ], [ -94.795914, 38.360352 ], [ -94.79789, 38.36105 ], [ -94.799099, 38.360597 ], [ -94.800101, 38.358644 ], [ -94.80289, 38.357672 ], [ -94.804756, 38.359475 ], [ -94.80651, 38.359599 ], [ -94.808146, 38.358473 ], [ -94.809803, 38.358881 ], [ -94.810792, 38.360604 ], [ -94.812393, 38.361619 ], [ -94.81369, 38.361417 ], [ -94.813627, 38.356741 ], [ -94.816835, 38.355559 ], [ -94.821453, 38.355781 ], [ -94.824841, 38.354886 ], [ -94.826947, 38.356119 ], [ -94.827847, 38.357627 ], [ -94.827872, 38.358948 ], [ -94.82659, 38.361077 ], [ -94.827225, 38.364759 ], [ -94.826351, 38.367356 ], [ -94.82457, 38.368874 ], [ -94.822527, 38.369496 ], [ -94.819617, 38.369361 ], [ -94.816173, 38.367972 ], [ -94.811984, 38.366861 ], [ -94.807183, 38.366494 ], [ -94.800987, 38.366647 ], [ -94.796699, 38.366035 ], [ -94.792009, 38.364525 ], [ -94.787736, 38.365084 ], [ -94.78796, 38.366234 ], [ -94.78996, 38.368288 ], [ -94.789851, 38.369287 ], [ -94.786002, 38.370069 ], [ -94.778518, 38.372565 ], [ -94.776142, 38.37501 ], [ -94.775666, 38.377101 ], [ -94.770207, 38.380701 ], [ -94.769588, 38.38118 ], [ -94.769068, 38.381853 ], [ -94.769008, 38.382674 ], [ -94.769402, 38.383998 ], [ -94.770336, 38.385303 ], [ -94.772581, 38.38742 ], [ -94.775253, 38.388996 ], [ -94.774927, 38.388995 ], [ -94.780801, 38.391236 ], [ -94.784474, 38.391707 ], [ -94.789166, 38.391482 ], [ -94.797754, 38.392644 ], [ -94.801586, 38.392531 ], [ -94.804733, 38.393478 ], [ -94.804082, 38.396164 ], [ -94.804908, 38.398134 ], [ -94.807979, 38.399303 ], [ -94.808506, 38.400809 ], [ -94.807926, 38.402291 ], [ -94.805477, 38.403987 ], [ -94.800829, 38.404469 ], [ -94.79838, 38.405011 ], [ -94.796301, 38.406521 ], [ -94.795411, 38.408382 ], [ -94.7951, 38.411121 ], [ -94.794179, 38.414888 ], [ -94.797211, 38.422344 ], [ -94.796479, 38.423486 ], [ -94.794092, 38.423202 ], [ -94.792914, 38.423302 ], [ -94.791794, 38.423801 ], [ -94.790294, 38.425261 ], [ -94.789576, 38.426682 ], [ -94.789294, 38.428462 ], [ -94.789769, 38.431469 ], [ -94.790193, 38.432386 ], [ -94.791118, 38.433507 ], [ -94.793309, 38.435735 ], [ -94.793696, 38.436712 ], [ -94.793283, 38.440307 ], [ -94.779106, 38.44023 ], [ -94.779269, 38.443608 ], [ -94.772196, 38.443594 ], [ -94.772164, 38.447169 ], [ -94.770056, 38.447692 ], [ -94.769852, 38.448047 ], [ -94.769835, 38.454657 ], [ -94.769912, 38.462121 ], [ -94.760541, 38.462069 ], [ -94.760443, 38.469348 ], [ -94.732782, 38.46926 ], [ -94.73279, 38.462041 ], [ -94.714097, 38.462117 ], [ -94.714202, 38.447446 ], [ -94.695619, 38.447292 ], [ -94.695686, 38.432808 ], [ -94.686775, 38.432704 ], [ -94.684476, 38.432661 ], [ -94.682878, 38.434314 ], [ -94.680773, 38.43461 ], [ -94.678517, 38.437548 ], [ -94.679519, 38.441202 ], [ -94.680864, 38.441818 ], [ -94.681143, 38.443909 ], [ -94.682575, 38.444388 ], [ -94.682957, 38.446298 ], [ -94.679372, 38.447133 ], [ -94.658739, 38.446914 ], [ -94.65882, 38.432403 ], [ -94.659489, 38.424808 ], [ -94.659986, 38.420146 ], [ -94.660021, 38.413959 ], [ -94.659712, 38.410444 ], [ -94.655128, 38.410574 ], [ -94.655102, 38.417628 ], [ -94.652874, 38.417627 ], [ -94.653423, 38.419171 ], [ -94.651994, 38.419227 ], [ -94.650246, 38.420653 ], [ -94.653218, 38.421548 ], [ -94.653569, 38.424715 ], [ -94.652019, 38.426003 ], [ -94.650574, 38.424523 ], [ -94.649425, 38.424314 ], [ -94.64914, 38.426291 ], [ -94.647201, 38.426337 ], [ -94.646273, 38.428129 ], [ -94.646967, 38.430417 ], [ -94.645172, 38.431272 ], [ -94.64711, 38.432457 ], [ -94.645679, 38.434783 ], [ -94.643092, 38.435757 ], [ -94.642813, 38.437117 ], [ -94.641253, 38.437909 ], [ -94.640806, 38.439731 ], [ -94.639845, 38.440439 ], [ -94.636822, 38.44017 ], [ -94.636312, 38.439217 ], [ -94.634503, 38.438522 ], [ -94.632887, 38.439175 ], [ -94.633085, 38.439965 ], [ -94.632091, 38.442903 ], [ -94.629412, 38.444797 ], [ -94.629144, 38.447391 ], [ -94.630619, 38.451399 ], [ -94.630706, 38.453092 ], [ -94.631511, 38.453324 ], [ -94.632266, 38.455593 ], [ -94.631764, 38.456357 ], [ -94.628853, 38.456247 ], [ -94.623891, 38.441204 ], [ -94.623077, 38.440565 ], [ -94.621548, 38.441763 ], [ -94.618414, 38.4431 ], [ -94.617814, 38.444292 ], [ -94.614603, 38.446501 ], [ -94.613073936201502, 38.446672680550797 ], [ -94.613157934599997, 38.434190922527399 ], [ -94.613341647890906, 38.406892011089802 ], [ -94.613365, 38.403422 ], [ -94.613332760941105, 38.399876993079801 ], [ -94.613265, 38.392426 ], [ -94.613275403738001, 38.388718367865799 ], [ -94.613329, 38.369618 ], [ -94.613312, 38.364407 ], [ -94.613086611861902, 38.343742086289502 ], [ -94.613, 38.335801 ], [ -94.612825, 38.324387 ], [ -94.612788, 38.320142 ], [ -94.612673, 38.314832 ], [ -94.612673, 38.3131160055866 ], [ -94.612673, 38.302527 ], [ -94.612689368933005, 38.301464072326802 ], [ -94.619369, 38.301461 ], [ -94.624949, 38.301821 ], [ -94.635636, 38.301428 ], [ -94.638682, 38.30274 ], [ -94.641332, 38.302815 ], [ -94.655806, 38.302426 ], [ -94.672048, 38.301553 ], [ -94.677582, 38.301559 ], [ -94.677568, 38.299568 ], [ -94.678793, 38.298925 ], [ -94.679789, 38.296316 ], [ -94.682053, 38.29643 ], [ -94.683613, 38.298189 ], [ -94.683704, 38.299707 ], [ -94.68545, 38.296673 ], [ -94.687715, 38.29686 ], [ -94.686225, 38.298911 ], [ -94.687623, 38.299271 ], [ -94.689448, 38.296732 ], [ -94.689376, 38.295229 ], [ -94.688316, 38.294266 ], [ -94.692608, 38.294774 ], [ -94.69304, 38.292608 ], [ -94.695745, 38.292583 ], [ -94.698201, 38.29361 ], [ -94.698009, 38.291764 ], [ -94.697008, 38.290355 ], [ -94.698641, 38.287719 ], [ -94.701113, 38.287522 ], [ -94.701687, 38.289817 ], [ -94.702828, 38.290021 ], [ -94.703557, 38.288557 ], [ -94.70205, 38.28699 ], [ -94.696501, 38.287019 ], [ -94.678303, 38.287015 ], [ -94.678401, 38.272466 ], [ -94.696572, 38.272418 ], [ -94.712592, 38.272431 ], [ -94.714978, 38.271472 ], [ -94.715916, 38.272483 ], [ -94.721053, 38.271789 ], [ -94.760468, 38.272455 ], [ -94.760964, 38.272411 ], [ -94.762844, 38.272025 ], [ -94.763302, 38.272047 ], [ -94.763623, 38.272312 ], [ -94.763956, 38.272479 ], [ -94.770641, 38.272511 ], [ -94.775554, 38.272484 ], [ -94.775935, 38.269488 ], [ -94.773715, 38.265206 ], [ -94.783574, 38.265213 ], [ -94.783819, 38.265148 ], [ -94.789044, 38.263476 ], [ -94.791161, 38.263701 ], [ -94.793217, 38.262809 ], [ -94.795824, 38.265248 ], [ -94.798299, 38.265315 ], [ -94.798279, 38.27248 ], [ -94.825169, 38.272753 ], [ -94.862815, 38.272775 ], [ -94.872459, 38.272833 ], [ -94.880999, 38.272926 ], [ -94.881089, 38.301953 ], [ -94.899584, 38.301982 ], [ -94.89948, 38.287472 ], [ -94.917941, 38.287482 ], [ -94.917786, 38.295518 ] ] ] ] } },
{ "type": "Feature", "properties": { "ZCTA5CE20": "66112", "AFFGEOID20": "860Z200US66112", "GEOID20": "66112", "NAME20": "66112", "LSAD20": "Z5", "ALAND20": 14223799.0, "AWATER20": 0.0, "price_2012": 72658.601562457785, "price_2026": 240990.46281439267, "log_change": 1.198985579034554, "pct_change": 2.3167506342278799, "dollar_change": 168331.8612519349, "mci": 21051.54222, "plaza": 17408.66859, "pnl": 16446.8869, "legends": 5369.042183, "lees_summit": 40120.80676, "cbd": 16927.777745, "log_population": 9.4635086363960887, "median_income": 62313.0, "poverty_rate": 0.14744248557198197, "bachelors_only": 0.15517443909315165, "college_plus": 0.27769294020909197, "no_college": 0.72230705979090803 }, "geometry": { "type": "MultiPolygon", "coordinates": [ [ [ [ -94.797741, 39.116388 ], [ -94.797719, 39.128597 ], [ -94.789669, 39.128587 ], [ -94.78847, 39.128581 ], [ -94.779766, 39.128595 ], [ -94.779761, 39.129011 ], [ -94.77703, 39.129664 ], [ -94.775721, 39.128643 ], [ -94.769858, 39.128602 ], [ -94.766389, 39.128544 ], [ -94.757082, 39.128548 ], [ -94.753972, 39.128556 ], [ -94.752431, 39.12853 ], [ -94.749787, 39.12854 ], [ -94.74978, 39.129009 ], [ -94.745598, 39.129049 ], [ -94.745597, 39.128542 ], [ -94.745628, 39.125471 ], [ -94.744921, 39.120999 ], [ -94.743065, 39.116721 ], [ -94.739358, 39.106323 ], [ -94.738404, 39.103698 ], [ -94.73734, 39.10228 ], [ -94.745614, 39.102226 ], [ -94.760516, 39.101884 ], [ -94.765621, 39.101842 ], [ -94.766591, 39.101834 ], [ -94.774291, 39.10176 ], [ -94.779054, 39.101745 ], [ -94.797711, 39.101838 ], [ -94.797716, 39.104954 ], [ -94.797718, 39.105732 ], [ -94.797724, 39.109106 ], [ -94.797741, 39.116388 ] ] ] ] } },
{ "type": "Feature", "properties": { "ZCTA5CE20": "64477", "AFFGEOID20": "860Z200US64477", "GEOID20": "64477", "NAME20": "64477", "LSAD20": "Z5", "ALAND20": 228026071.0, "AWATER20": 624407.0, "price_2012": 103962.68617392601, "price_2026": 280704.14551242552, "log_change": 0.99326920376628358, "pct_change": 1.7000470634513727, "dollar_change": 176741.45933849952, "mci": 38417.45415, "plaza": 60736.0882, "pnl": 54395.96102, "legends": 60112.1252, "lees_summit": 73897.01834, "cbd": 57566.02461, "log_population": 8.1573704411867745, "median_income": 64643.0, "poverty_rate": 0.15053444180522565, "bachelors_only": 0.18817204301075269, "college_plus": 0.27419354838709675, "no_college": 0.72580645161290325 }, "geometry": { "type": "MultiPolygon", "coordinates": [ [ [ [ -94.527783, 39.513435 ], [ -94.524217, 39.513968 ], [ -94.524212, 39.524576 ], [ -94.528536, 39.524909 ], [ -94.528746, 39.525425 ], [ -94.528442, 39.530083 ], [ -94.528277, 39.539871 ], [ -94.528178, 39.539871 ], [ -94.52377, 39.539831 ], [ -94.523431, 39.540773 ], [ -94.522857, 39.540805 ], [ -94.509754, 39.540647 ], [ -94.508558, 39.539852 ], [ -94.508273, 39.539784 ], [ -94.500522, 39.539755 ], [ -94.500019, 39.542995 ], [ -94.499207, 39.543356 ], [ -94.528081, 39.543536 ], [ -94.527392, 39.583642 ], [ -94.508693, 39.583823 ], [ -94.508608, 39.590052 ], [ -94.509728, 39.590839 ], [ -94.512054, 39.59087 ], [ -94.513273, 39.591564 ], [ -94.513146, 39.597585 ], [ -94.512287, 39.598166 ], [ -94.494187, 39.598059 ], [ -94.494391, 39.608726 ], [ -94.499118, 39.615965 ], [ -94.500934, 39.6171 ], [ -94.500987, 39.623227 ], [ -94.504191, 39.623664 ], [ -94.50785, 39.629788 ], [ -94.508079, 39.636675 ], [ -94.508628, 39.637738 ], [ -94.511128, 39.638489 ], [ -94.515684, 39.638583 ], [ -94.516875, 39.639204 ], [ -94.517267, 39.641432 ], [ -94.517391, 39.644602 ], [ -94.517773, 39.64516 ], [ -94.517822, 39.645204 ], [ -94.517885, 39.64806 ], [ -94.515061, 39.648024 ], [ -94.513183, 39.651644 ], [ -94.509669, 39.652868 ], [ -94.509154, 39.656563 ], [ -94.507605, 39.659706 ], [ -94.500014, 39.659829 ], [ -94.498277, 39.66032 ], [ -94.49532, 39.659895 ], [ -94.470332, 39.659837 ], [ -94.465612, 39.659854 ], [ -94.455099, 39.659872 ], [ -94.453125, 39.659873 ], [ -94.451494, 39.661066 ], [ -94.451447, 39.681836 ], [ -94.432365, 39.681755 ], [ -94.432271, 39.703698 ], [ -94.403074, 39.703691 ], [ -94.402549, 39.687492 ], [ -94.402673, 39.674263 ], [ -94.396443, 39.674216 ], [ -94.388806, 39.674183 ], [ -94.388433, 39.674454 ], [ -94.38802, 39.673883 ], [ -94.38887, 39.673303 ], [ -94.387329, 39.67281 ], [ -94.386362, 39.671304 ], [ -94.387297, 39.670605 ], [ -94.387161, 39.667197 ], [ -94.383544, 39.666959 ], [ -94.381803, 39.663965 ], [ -94.380049, 39.663314 ], [ -94.380929, 39.662132 ], [ -94.382878, 39.661641 ], [ -94.383388, 39.659957 ], [ -94.38061, 39.659922 ], [ -94.380383, 39.65112 ], [ -94.377307, 39.649141 ], [ -94.378802, 39.646622 ], [ -94.376954, 39.645196 ], [ -94.382023, 39.644909 ], [ -94.374729, 39.644979 ], [ -94.374896, 39.622046 ], [ -94.376549, 39.623018 ], [ -94.377482, 39.622762 ], [ -94.378368, 39.621641 ], [ -94.377363, 39.61997 ], [ -94.378746, 39.619764 ], [ -94.378555, 39.618577 ], [ -94.380172, 39.619291 ], [ -94.38052, 39.618348 ], [ -94.379831, 39.616428 ], [ -94.382027, 39.615773 ], [ -94.382503, 39.614108 ], [ -94.384812, 39.613212 ], [ -94.383173, 39.611141 ], [ -94.381758, 39.610738 ], [ -94.38206, 39.609569 ], [ -94.38453, 39.607573 ], [ -94.385448, 39.606295 ], [ -94.38789, 39.604673 ], [ -94.389511, 39.604662 ], [ -94.390536, 39.602566 ], [ -94.393789, 39.603031 ], [ -94.396426, 39.602292 ], [ -94.39691, 39.600692 ], [ -94.394423, 39.59796 ], [ -94.394266, 39.596549 ], [ -94.394968, 39.592558 ], [ -94.39334, 39.590851 ], [ -94.392287, 39.59296 ], [ -94.38863, 39.592535 ], [ -94.388511, 39.591721 ], [ -94.390379, 39.590016 ], [ -94.392849, 39.589291 ], [ -94.394464, 39.588116 ], [ -94.399208, 39.589762 ], [ -94.402011, 39.591104 ], [ -94.402833, 39.590668 ], [ -94.401636, 39.58798 ], [ -94.400412, 39.587678 ], [ -94.400701, 39.581647 ], [ -94.400284, 39.580529 ], [ -94.401157, 39.578705 ], [ -94.40317, 39.577916 ], [ -94.40533, 39.576168 ], [ -94.407438, 39.573466 ], [ -94.409046, 39.572565 ], [ -94.408608, 39.570953 ], [ -94.406859, 39.569649 ], [ -94.407641, 39.567447 ], [ -94.409252, 39.567045 ], [ -94.409355, 39.565461 ], [ -94.408256, 39.56212 ], [ -94.407085, 39.560054 ], [ -94.408915, 39.560173 ], [ -94.409305, 39.561215 ], [ -94.412206, 39.561305 ], [ -94.415883, 39.560731 ], [ -94.416705, 39.555263 ], [ -94.414883, 39.553063 ], [ -94.414575, 39.551046 ], [ -94.417449, 39.548301 ], [ -94.417075, 39.546844 ], [ -94.415059, 39.544791 ], [ -94.415867, 39.543221 ], [ -94.415175, 39.542661 ], [ -94.416344, 39.541316 ], [ -94.416472, 39.539732 ], [ -94.414227, 39.539024 ], [ -94.412979, 39.537327 ], [ -94.413887, 39.536622 ], [ -94.413806, 39.534266 ], [ -94.415235, 39.53318 ], [ -94.414824, 39.528309 ], [ -94.390646, 39.528284 ], [ -94.390785, 39.506402 ], [ -94.395653, 39.506437 ], [ -94.396298, 39.499216 ], [ -94.400492, 39.49895 ], [ -94.400941, 39.484661 ], [ -94.424457, 39.484575 ], [ -94.424784, 39.470102 ], [ -94.444493, 39.470012 ], [ -94.44445, 39.477157 ], [ -94.4486, 39.477144 ], [ -94.449099, 39.48103 ], [ -94.451218, 39.481507 ], [ -94.453646, 39.484861 ], [ -94.453682, 39.491681 ], [ -94.472534, 39.491706 ], [ -94.472515, 39.462711 ], [ -94.480144, 39.46276 ], [ -94.482921, 39.461642 ], [ -94.485606, 39.461594 ], [ -94.487271, 39.462612 ], [ -94.4914, 39.462945 ], [ -94.491615, 39.462759 ], [ -94.502886, 39.46283 ], [ -94.504789, 39.463534 ], [ -94.500007, 39.467143 ], [ -94.500923, 39.470078 ], [ -94.508585, 39.470105 ], [ -94.508266, 39.4727 ], [ -94.507657, 39.472685 ], [ -94.507609, 39.477344 ], [ -94.506694, 39.477183 ], [ -94.505133, 39.474321 ], [ -94.499205, 39.471311 ], [ -94.498232, 39.471702 ], [ -94.501384, 39.473974 ], [ -94.503361, 39.474663 ], [ -94.504066, 39.476883 ], [ -94.502237, 39.475966 ], [ -94.501586, 39.476743 ], [ -94.503326, 39.477935 ], [ -94.505363, 39.478417 ], [ -94.505952, 39.479402 ], [ -94.503088, 39.47933 ], [ -94.503617, 39.480544 ], [ -94.5053, 39.481026 ], [ -94.500838, 39.482738 ], [ -94.500228, 39.484285 ], [ -94.49731, 39.484585 ], [ -94.500229, 39.485154 ], [ -94.50317, 39.482923 ], [ -94.505326, 39.483108 ], [ -94.503285, 39.485074 ], [ -94.503824, 39.486208 ], [ -94.50316, 39.488987 ], [ -94.501831, 39.489214 ], [ -94.501796, 39.492578 ], [ -94.50022, 39.492751 ], [ -94.497264, 39.49129 ], [ -94.493189, 39.491821 ], [ -94.493072, 39.492622 ], [ -94.497709, 39.492617 ], [ -94.499193, 39.494017 ], [ -94.496391, 39.498362 ], [ -94.499865, 39.497118 ], [ -94.502088, 39.49489 ], [ -94.503033, 39.497133 ], [ -94.502619, 39.498139 ], [ -94.504628, 39.497958 ], [ -94.504864, 39.498988 ], [ -94.503767, 39.500221 ], [ -94.504478, 39.502061 ], [ -94.501969, 39.502585 ], [ -94.501171, 39.503774 ], [ -94.498693, 39.504636 ], [ -94.498037, 39.505951 ], [ -94.49704, 39.50553 ], [ -94.496899, 39.509443 ], [ -94.494686, 39.510749 ], [ -94.490489, 39.511703 ], [ -94.487446, 39.50997 ], [ -94.487123, 39.51062 ], [ -94.489753, 39.512881 ], [ -94.495025, 39.512065 ], [ -94.493235, 39.51322 ], [ -94.494904, 39.515092 ], [ -94.494146, 39.516662 ], [ -94.491577, 39.517394 ], [ -94.489332, 39.517186 ], [ -94.489057, 39.51815 ], [ -94.491294, 39.517878 ], [ -94.495124, 39.516578 ], [ -94.496672, 39.514614 ], [ -94.49865, 39.513994 ], [ -94.501211, 39.514437 ], [ -94.50172, 39.510959 ], [ -94.500451, 39.509814 ], [ -94.501635, 39.508671 ], [ -94.505738, 39.509456 ], [ -94.506793, 39.508435 ], [ -94.506419, 39.505694 ], [ -94.507341, 39.503734 ], [ -94.508285, 39.503415 ], [ -94.508023, 39.500002 ], [ -94.509294, 39.499015 ], [ -94.50965, 39.497414 ], [ -94.510831, 39.497415 ], [ -94.510241, 39.495218 ], [ -94.510391, 39.49238 ], [ -94.509772, 39.491556 ], [ -94.508803, 39.487757 ], [ -94.50907, 39.48659 ], [ -94.511431, 39.487599 ], [ -94.511582, 39.4857 ], [ -94.515566, 39.48758 ], [ -94.51757, 39.49051 ], [ -94.517397, 39.487719 ], [ -94.518698, 39.486347 ], [ -94.521179, 39.486051 ], [ -94.523691, 39.484726 ], [ -94.523866, 39.488241 ], [ -94.519648, 39.488253 ], [ -94.519596, 39.491878 ], [ -94.518656, 39.499086 ], [ -94.518603, 39.501264 ], [ -94.525985, 39.501289 ], [ -94.527629, 39.506991 ], [ -94.529953, 39.512519 ], [ -94.527783, 39.513435 ] ] ] ] } },
{ "type": "Feature", "properties": { "ZCTA5CE20": "64018", "AFFGEOID20": "860Z200US64018", "GEOID20": "64018", "NAME20": "64018", "LSAD20": "Z5", "ALAND20": 52878367.0, "AWATER20": 178075.0, "price_2012": 136820.76325189343, "price_2026": 342577.53408167179, "log_change": 0.91782623713526768, "pct_change": 1.503841711882359, "dollar_change": 205756.77082977837, "mci": 16749.86079, "plaza": 46931.70606, "pnl": 41183.31952, "legends": 37241.54482, "lees_summit": 66651.19041, "cbd": 44057.51279, "log_population": 6.8885724595653635, "median_income": 110750.0, "poverty_rate": 0.053007135575942915, "bachelors_only": 0.30818619582664525, "college_plus": 0.42215088282504015, "no_college": 0.57784911717495979 }, "geometry": { "type": "MultiPolygon", "coordinates": [ [ [ [ -94.787662, 39.471335 ], [ -94.781263, 39.474644 ], [ -94.779774, 39.475146 ], [ -94.777913, 39.475683 ], [ -94.770069, 39.47698 ], [ -94.763353, 39.477093 ], [ -94.759164, 39.478694 ], [ -94.754175, 39.479863 ], [ -94.750605, 39.48095 ], [ -94.750511, 39.484362 ], [ -94.722391, 39.484607 ], [ -94.722345, 39.4773 ], [ -94.694079, 39.477346 ], [ -94.694053, 39.47898 ], [ -94.683511, 39.463574 ], [ -94.686652, 39.462406 ], [ -94.688219, 39.462961 ], [ -94.688768, 39.462318 ], [ -94.688741, 39.456667 ], [ -94.687705, 39.454748 ], [ -94.685901, 39.45363 ], [ -94.682257, 39.453445 ], [ -94.681216, 39.452661 ], [ -94.681138, 39.450078 ], [ -94.682282, 39.447205 ], [ -94.678852, 39.445454 ], [ -94.676125, 39.443227 ], [ -94.675862, 39.442199 ], [ -94.677114, 39.44126 ], [ -94.679733, 39.441099 ], [ -94.683727, 39.439276 ], [ -94.686853, 39.43861 ], [ -94.68819, 39.437924 ], [ -94.689144, 39.436448 ], [ -94.69011, 39.433427 ], [ -94.69019, 39.431528 ], [ -94.689348, 39.42991 ], [ -94.686795, 39.428042 ], [ -94.686371, 39.426931 ], [ -94.687468, 39.425066 ], [ -94.685786, 39.425777 ], [ -94.685241, 39.42739 ], [ -94.683172, 39.428635 ], [ -94.681095, 39.428106 ], [ -94.681489, 39.426686 ], [ -94.681989, 39.428331 ], [ -94.68488, 39.427332 ], [ -94.685945, 39.425057 ], [ -94.687612, 39.424853 ], [ -94.687928, 39.425281 ], [ -94.686834, 39.426933 ], [ -94.713201, 39.426853 ], [ -94.713174, 39.415235 ], [ -94.713323, 39.412425 ], [ -94.713824, 39.412213 ], [ -94.720963, 39.412208 ], [ -94.722774, 39.411478 ], [ -94.722697, 39.404985 ], [ -94.729383, 39.405013 ], [ -94.730003, 39.40571 ], [ -94.750937, 39.424932 ], [ -94.752057, 39.426651 ], [ -94.770592, 39.426602 ], [ -94.770592, 39.440484 ], [ -94.779751, 39.440385 ], [ -94.779675, 39.451681 ], [ -94.785644, 39.451019 ], [ -94.788758, 39.451095 ], [ -94.787662, 39.471335 ] ] ] ] } },
{ "type": "Feature", "properties": { "ZCTA5CE20": "64145", "AFFGEOID20": "860Z200US64145", "GEOID20": "64145", "NAME20": "64145", "LSAD20": "Z5", "ALAND20": 14404171.0, "AWATER20": 69087.0, "price_2012": 192579.43426307791, "price_2026": 416650.50050591136, "log_change": 0.77173902795416005, "pct_change": 1.1635254153708625, "dollar_change": 224071.06624283345, "mci": 47760.87518, "plaza": 17982.88457, "pnl": 24296.52242, "legends": 33811.20232, "lees_summit": 18831.19923, "cbd": 21139.703495000002, "log_population": 8.5101685764792734, "median_income": 95159.0, "poverty_rate": 0.10068447780967101, "bachelors_only": 0.28202923473774721, "college_plus": 0.51361421610776725, "no_college": 0.48638578389223275 }, "geometry": { "type": "MultiPolygon", "coordinates": [ [ [ [ -94.573272, 38.896138 ], [ -94.571517, 38.896339 ], [ -94.569204, 38.896273 ], [ -94.569318, 38.894332 ], [ -94.570604, 38.893533 ], [ -94.572521, 38.89324 ], [ -94.575355, 38.894545 ], [ -94.573272, 38.896138 ] ] ], [ [ [ -94.608033, 38.850194846153798 ], [ -94.608033, 38.855007 ], [ -94.608033, 38.859882 ], [ -94.608033, 38.861207 ], [ -94.607995895782906, 38.866831999312502 ], [ -94.607993, 38.867271 ], [ -94.608029342248898, 38.868030553002399 ], [ -94.608033, 38.868107 ], [ -94.608033, 38.869207 ], [ -94.608033, 38.869749013333298 ], [ -94.608033, 38.883491759999899 ], [ -94.608033, 38.883807 ], [ -94.608032984062305, 38.883822376370603 ], [ -94.608027991308703, 38.888639294334702 ], [ -94.6080256044729, 38.890942070072299 ], [ -94.608022416294205, 38.894017966913196 ], [ -94.608022124029802, 38.894299938269803 ], [ -94.608017594407102, 38.898670035857201 ], [ -94.608010380116397, 38.9056302524437 ], [ -94.608009274390596, 38.906697036562001 ], [ -94.608006168026705, 38.909694 ], [ -94.608002819766796, 38.912924340284299 ], [ -94.604926, 38.912973 ], [ -94.600705, 38.913855 ], [ -94.600086, 38.912743 ], [ -94.593551, 38.912868 ], [ -94.593458, 38.914226 ], [ -94.591027, 38.914841 ], [ -94.589377, 38.914363 ], [ -94.589483, 38.912405 ], [ -94.588961, 38.911623 ], [ -94.584397, 38.911299 ], [ -94.584706, 38.907443 ], [ -94.585481, 38.896896 ], [ -94.582653, 38.896913 ], [ -94.583343, 38.891735 ], [ -94.584029, 38.889601 ], [ -94.586259, 38.88593 ], [ -94.586394, 38.884271 ], [ -94.586548, 38.882397 ], [ -94.586846, 38.878755 ], [ -94.586799, 38.877075 ], [ -94.586387, 38.877078 ], [ -94.586426, 38.876671 ], [ -94.586388, 38.876376 ], [ -94.585088, 38.876304 ], [ -94.585129, 38.875755 ], [ -94.586851, 38.875823 ], [ -94.586941, 38.875212 ], [ -94.587516, 38.870245 ], [ -94.587461, 38.868593 ], [ -94.585569, 38.86626 ], [ -94.585241, 38.864928 ], [ -94.586086, 38.854454 ], [ -94.585621, 38.850108 ], [ -94.585572, 38.8462 ], [ -94.593789, 38.846564 ], [ -94.608033, 38.847207 ], [ -94.608033, 38.850194846153798 ] ] ] ] } },
{ "type": "Feature", "properties": { "ZCTA5CE20": "66227", "AFFGEOID20": "860Z200US66227", "GEOID20": "66227", "NAME20": "66227", "LSAD20": "Z5", "ALAND20": 34518200.0, "AWATER20": 153381.0, "price_2012": 242192.31653845459, "price_2026": 569003.23425824812, "log_change": 0.85415401122701518, "pct_change": 1.3493859854464187, "dollar_change": 326810.91771979351, "mci": 38827.15447, "plaza": 25685.84164, "pnl": 29026.50187, "legends": 17219.94642, "lees_summit": 42986.94242, "cbd": 27356.171755, "log_population": 9.1689974084418004, "median_income": 139883.0, "poverty_rate": 0.029911412193850965, "bachelors_only": 0.43956218274111675, "college_plus": 0.7008248730964467, "no_college": 0.2991751269035533 }, "geometry": { "type": "MultiPolygon", "coordinates": [ [ [ [ -94.908736, 38.966228 ], [ -94.908738, 38.966489 ], [ -94.908736, 38.967221 ], [ -94.908839, 38.974375 ], [ -94.908799, 38.979529 ], [ -94.908791, 38.985325 ], [ -94.908885, 38.9892 ], [ -94.904611, 38.99344 ], [ -94.895702, 39.003627 ], [ -94.891221, 39.003551 ], [ -94.89105, 38.999858 ], [ -94.881886, 39.000268 ], [ -94.881891, 38.999972 ], [ -94.872238, 39.000001 ], [ -94.862858, 38.999958 ], [ -94.853211, 38.999877 ], [ -94.854169, 39.007144 ], [ -94.853831, 39.007145 ], [ -94.845279, 39.007332 ], [ -94.845294, 39.006151 ], [ -94.848316, 39.006176 ], [ -94.851421, 39.004563 ], [ -94.849852, 38.999921 ], [ -94.844282, 38.999899 ], [ -94.841943, 38.999086 ], [ -94.84208, 38.99466 ], [ -94.844045, 38.994373 ], [ -94.844089, 38.98162 ], [ -94.844112, 38.978049 ], [ -94.836478, 38.978123 ], [ -94.836484, 38.976063 ], [ -94.838265, 38.976055 ], [ -94.838256, 38.974272 ], [ -94.844171, 38.974898 ], [ -94.844351, 38.971599 ], [ -94.844078, 38.969719 ], [ -94.844052, 38.964628 ], [ -94.843687, 38.963468 ], [ -94.842219, 38.963486 ], [ -94.844567, 38.960693 ], [ -94.844115, 38.95983 ], [ -94.844021, 38.95246 ], [ -94.843965, 38.948821 ], [ -94.842273, 38.942882 ], [ -94.843441, 38.942882 ], [ -94.84343, 38.941649 ], [ -94.852648, 38.941671 ], [ -94.852634, 38.94113 ], [ -94.852974, 38.94113 ], [ -94.865078, 38.941421 ], [ -94.871386, 38.943122 ], [ -94.883287, 38.947085 ], [ -94.885671, 38.947513 ], [ -94.888305, 38.947721 ], [ -94.897804, 38.947396 ], [ -94.899524, 38.947705 ], [ -94.901619, 38.948389 ], [ -94.903551, 38.949413 ], [ -94.908739, 38.952744 ], [ -94.908733, 38.965599 ], [ -94.90893, 38.965635 ], [ -94.908736, 38.966228 ] ] ] ] } },
{ "type": "Feature", "properties": { "ZCTA5CE20": "64108", "AFFGEOID20": "860Z200US64108", "GEOID20": "64108", "NAME20": "64108", "LSAD20": "Z5", "ALAND20": 9455057.0, "AWATER20": 4803.0, "price_2012": 99573.548729678907, "price_2026": 301742.3215680893, "log_change": 1.1086768590017595, "pct_change": 2.030346165398361, "dollar_change": 202168.7728384104, "mci": 26597.44668, "plaza": 4679.268668, "pnl": 1671.393945, "legends": 21783.6903, "lees_summit": 25557.4633, "cbd": 3175.3313064999998, "log_population": 9.2586542322547327, "median_income": 80551.0, "poverty_rate": 0.24363167806521954, "bachelors_only": 0.29599795422580233, "college_plus": 0.51924306354686101, "no_college": 0.48075693645313899 }, "geometry": { "type": "MultiPolygon", "coordinates": [ [ [ [ -94.607334, 39.081704 ], [ -94.607324287407906, 39.082471294777299 ], [ -94.607313772028206, 39.083302009772503 ], [ -94.6072611020506, 39.087462938000598 ], [ -94.604253, 39.087271 ], [ -94.603892, 39.087501 ], [ -94.601735, 39.089104 ], [ -94.599961, 39.092167 ], [ -94.599155, 39.094024 ], [ -94.597377, 39.097177 ], [ -94.596521, 39.09698 ], [ -94.593223, 39.096221 ], [ -94.588602, 39.096171 ], [ -94.587179, 39.096215 ], [ -94.585773, 39.096131 ], [ -94.583396, 39.096038 ], [ -94.578741, 39.095794 ], [ -94.57796, 39.095815 ], [ -94.572892, 39.096663 ], [ -94.572795, 39.096244 ], [ -94.571579, 39.095467 ], [ -94.570097, 39.095415 ], [ -94.568781, 39.09537 ], [ -94.560834, 39.09511 ], [ -94.56095, 39.092738 ], [ -94.560349, 39.091108 ], [ -94.561029, 39.091138 ], [ -94.561156, 39.088371 ], [ -94.559668, 39.088402 ], [ -94.556538, 39.088801 ], [ -94.55866, 39.08794 ], [ -94.557822, 39.085688 ], [ -94.561317, 39.085113 ], [ -94.561346, 39.084641 ], [ -94.561708, 39.077401 ], [ -94.562879, 39.077442 ], [ -94.564023, 39.077489 ], [ -94.56524, 39.077535 ], [ -94.57097, 39.077726 ], [ -94.573653, 39.077829 ], [ -94.576204, 39.077919 ], [ -94.57687, 39.076714 ], [ -94.577551, 39.074363 ], [ -94.577209, 39.071048 ], [ -94.577718, 39.070744 ], [ -94.578898, 39.07079 ], [ -94.580043, 39.070835 ], [ -94.58532, 39.071032 ], [ -94.594482, 39.071405 ], [ -94.594608, 39.071411 ], [ -94.603947, 39.071713 ], [ -94.605702, 39.071775 ], [ -94.607275304036506, 39.0723126458441 ], [ -94.607276189797204, 39.0724543675638 ], [ -94.6072971763993, 39.075812223897501 ], [ -94.607333914179605, 39.0816902687477 ], [ -94.607334, 39.081704 ] ] ] ] } },
{ "type": "Feature", "properties": { "ZCTA5CE20": "64155", "AFFGEOID20": "860Z200US64155", "GEOID20": "64155", "NAME20": "64155", "LSAD20": "Z5", "ALAND20": 37811666.0, "AWATER20": 66354.0, "price_2012": 161452.53805225488, "price_2026": 353735.68132945726, "log_change": 0.78433875388950725, "pct_change": 1.190957699376451, "dollar_change": 192283.14327720238, "mci": 13097.64009, "plaza": 26494.43513, "pnl": 20164.74263, "legends": 28609.16145, "lees_summit": 43541.57365, "cbd": 23329.58888, "log_population": 10.26896365242793, "median_income": 97471.0, "poverty_rate": 0.073308664385952668, "bachelors_only": 0.31622776185583734, "college_plus": 0.46769047747796466, "no_college": 0.53230952252203534 }, "geometry": { "type": "MultiPolygon", "coordinates": [ [ [ [ -94.603164, 39.267562 ], [ -94.602946, 39.267563 ], [ -94.602936, 39.267705 ], [ -94.600674, 39.267709 ], [ -94.600532, 39.274939 ], [ -94.60038, 39.289436 ], [ -94.6004, 39.291948 ], [ -94.600372, 39.296304 ], [ -94.600358, 39.296755 ], [ -94.600423, 39.298524 ], [ -94.600429, 39.299248 ], [ -94.600493, 39.30238 ], [ -94.600576, 39.305469 ], [ -94.600621, 39.307397 ], [ -94.584308, 39.309839 ], [ -94.576733, 39.311 ], [ -94.572564, 39.311545 ], [ -94.556711, 39.311426 ], [ -94.556714, 39.311124 ], [ -94.556791, 39.303581 ], [ -94.543057, 39.30345 ], [ -94.53389, 39.303403 ], [ -94.512306, 39.303259 ], [ -94.512258, 39.299153 ], [ -94.510624, 39.297064 ], [ -94.510349, 39.295956 ], [ -94.510352, 39.295472 ], [ -94.515114, 39.295365 ], [ -94.516512, 39.287707 ], [ -94.517445, 39.286693 ], [ -94.521704, 39.289182 ], [ -94.523224, 39.291063 ], [ -94.529289, 39.289478 ], [ -94.535063, 39.288431 ], [ -94.536196, 39.287684 ], [ -94.536389, 39.28646 ], [ -94.534445, 39.282225 ], [ -94.532336, 39.280728 ], [ -94.532303, 39.278935 ], [ -94.531777, 39.278344 ], [ -94.530346, 39.27622 ], [ -94.534615, 39.274564 ], [ -94.539444, 39.274593 ], [ -94.552422, 39.2747 ], [ -94.552517, 39.267459 ], [ -94.552617, 39.260706 ], [ -94.548901, 39.26024 ], [ -94.548706, 39.256848 ], [ -94.548028, 39.249494 ], [ -94.547981, 39.249141 ], [ -94.547613, 39.248937 ], [ -94.549767, 39.248199 ], [ -94.553938, 39.248004 ], [ -94.558962, 39.247459 ], [ -94.563418, 39.246294 ], [ -94.566607, 39.246319 ], [ -94.567349, 39.246324 ], [ -94.567346, 39.245666 ], [ -94.572571, 39.245572 ], [ -94.572541, 39.246365 ], [ -94.574974, 39.246375 ], [ -94.575887, 39.246326 ], [ -94.580493, 39.246331 ], [ -94.580511, 39.244612 ], [ -94.585107, 39.244534 ], [ -94.585157, 39.242821 ], [ -94.588938, 39.242783 ], [ -94.589448, 39.240583 ], [ -94.589727, 39.246356 ], [ -94.590181, 39.24636 ], [ -94.590413, 39.246362 ], [ -94.590568, 39.246363 ], [ -94.593418, 39.246362 ], [ -94.595504, 39.246349 ], [ -94.600977, 39.246375 ], [ -94.600966, 39.246494 ], [ -94.600807, 39.256731 ], [ -94.600772, 39.260353 ], [ -94.603002, 39.2619 ], [ -94.603431, 39.262988 ], [ -94.603164, 39.267562 ] ] ] ] } },
{ "type": "Feature", "properties": { "ZCTA5CE20": "64158", "AFFGEOID20": "860Z200US64158", "GEOID20": "64158", "NAME20": "64158", "LSAD20": "Z5", "ALAND20": 5947451.0, "AWATER20": 5816.0, "price_2012": 175957.77984807151, "price_2026": 387458.28011506051, "log_change": 0.78936409974425281, "pct_change": 1.2019957313033069, "dollar_change": 211500.50026698899, "mci": 21883.01177, "plaza": 23522.77537, "pnl": 17515.8519, "legends": 32886.43616, "lees_summit": 36421.9244, "cbd": 20519.313635, "log_population": 8.8979556868840302, "median_income": 105043.0, "poverty_rate": 0.043369474562135114, "bachelors_only": 0.288375860672337, "college_plus": 0.38963142972863507, "no_college": 0.61036857027136493 }, "geometry": { "type": "MultiPolygon", "coordinates": [ [ [ [ -94.495418, 39.228792 ], [ -94.492942, 39.232869 ], [ -94.493029, 39.244288 ], [ -94.479106, 39.245096 ], [ -94.465306, 39.244922 ], [ -94.465332, 39.243609 ], [ -94.461788, 39.243351 ], [ -94.46178, 39.244605 ], [ -94.458936, 39.24474 ], [ -94.45724, 39.244715 ], [ -94.462341, 39.236287 ], [ -94.466228, 39.230624 ], [ -94.471401, 39.223466 ], [ -94.474732, 39.2235 ], [ -94.475755, 39.223533 ], [ -94.480193, 39.223516 ], [ -94.485703, 39.223523 ], [ -94.492987, 39.22354 ], [ -94.492987, 39.223554 ], [ -94.492964, 39.226117 ], [ -94.492944, 39.228399 ], [ -94.493701, 39.228368 ], [ -94.495418, 39.228792 ] ] ] ] } },
{ "type": "Feature", "properties": { "ZCTA5CE20": "66207", "AFFGEOID20": "860Z200US66207", "GEOID20": "66207", "NAME20": "66207", "LSAD20": "Z5", "ALAND20": 11839238.0, "AWATER20": 31411.0, "price_2012": 224341.11504774645, "price_2026": 529893.9992274642, "log_change": 0.85950925653342125, "pct_change": 1.3620012725473305, "dollar_change": 305552.88417971774, "mci": 38699.14905, "plaza": 10590.73574, "pnl": 16763.25895, "legends": 24644.39014, "lees_summit": 23030.12074, "cbd": 13676.997345, "log_population": 9.6638969875516008, "median_income": 125153.0, "poverty_rate": 0.039797811760189393, "bachelors_only": 0.42726621282694377, "college_plus": 0.72653170906485132, "no_college": 0.27346829093514868 }, "geometry": { "type": "MultiPolygon", "coordinates": [ [ [ [ -94.65889, 38.956746 ], [ -94.65834, 38.956749 ], [ -94.658329, 38.962989 ], [ -94.659351, 38.964031 ], [ -94.658324, 38.964037 ], [ -94.658313, 38.971317 ], [ -94.658308, 38.972277 ], [ -94.658901, 38.972278 ], [ -94.658889, 38.978067 ], [ -94.658303, 38.978246 ], [ -94.658297, 38.978569 ], [ -94.649005, 38.978595 ], [ -94.639664, 38.978639 ], [ -94.63574, 38.978666 ], [ -94.634341, 38.978683 ], [ -94.634207, 38.977305 ], [ -94.630315, 38.977071 ], [ -94.630308, 38.975416 ], [ -94.63293, 38.976214 ], [ -94.633562, 38.97538 ], [ -94.630283, 38.974408 ], [ -94.63027, 38.973194 ], [ -94.631409, 38.973193 ], [ -94.631441, 38.971557 ], [ -94.630874, 38.971419 ], [ -94.63026, 38.971411 ], [ -94.630294, 38.967743 ], [ -94.630336, 38.963213 ], [ -94.630406, 38.956834 ], [ -94.63276, 38.956838 ], [ -94.633004, 38.955224 ], [ -94.630388, 38.955366 ], [ -94.630303, 38.949433 ], [ -94.630199, 38.942168 ], [ -94.630234, 38.932806 ], [ -94.63718, 38.932725 ], [ -94.639611, 38.932493 ], [ -94.639642, 38.936289 ], [ -94.64245, 38.936264 ], [ -94.645003, 38.934808 ], [ -94.64894, 38.934797 ], [ -94.653501, 38.934789 ], [ -94.653494, 38.931344 ], [ -94.655423, 38.931148 ], [ -94.65577, 38.934785 ], [ -94.658244, 38.934782 ], [ -94.657932, 38.94209 ], [ -94.65696, 38.947458 ], [ -94.657675, 38.949943 ], [ -94.65819, 38.94981 ], [ -94.659923, 38.955196 ], [ -94.65889, 38.956746 ] ] ] ] } },
{ "type": "Feature", "properties": { "ZCTA5CE20": "64063", "AFFGEOID20": "860Z200US64063", "GEOID20": "64063", "NAME20": "64063", "LSAD20": "Z5", "ALAND20": 15823255.0, "AWATER20": 0.0, "price_2012": 129154.44636426571, "price_2026": 302108.66100402462, "log_change": 0.84977781045297007, "pct_change": 1.3391270645995481, "dollar_change": 172954.21463975892, "mci": 53358.73301, "plaza": 25205.92152, "pnl": 28609.6161, "legends": 47575.32772, "lees_summit": 2676.894539, "cbd": 26907.76881, "log_population": 9.9925509892768876, "median_income": 80459.0, "poverty_rate": 0.12321363136680102, "bachelors_only": 0.2100857775318207, "college_plus": 0.35279468732706143, "no_college": 0.64720531267293857 }, "geometry": { "type": "MultiPolygon", "coordinates": [ [ [ [ -94.403986, 38.925968 ], [ -94.387731, 38.925248 ], [ -94.379834, 38.925044 ], [ -94.375984, 38.924952 ], [ -94.375867, 38.926212 ], [ -94.372813, 38.925508 ], [ -94.37035, 38.926466 ], [ -94.364993, 38.925868 ], [ -94.365044, 38.924503 ], [ -94.361901, 38.924433 ], [ -94.362002, 38.922013 ], [ -94.36123, 38.921677 ], [ -94.3619, 38.917631 ], [ -94.35943, 38.917503 ], [ -94.353588, 38.917305 ], [ -94.340821, 38.916946 ], [ -94.339056, 38.916865 ], [ -94.320982, 38.916316 ], [ -94.320384, 38.916307 ], [ -94.318811, 38.916281 ], [ -94.317583, 38.916241 ], [ -94.317022, 38.916223 ], [ -94.315193, 38.916181 ], [ -94.315112, 38.917257 ], [ -94.312119, 38.917338 ], [ -94.312187, 38.91609 ], [ -94.311143, 38.91604 ], [ -94.304214, 38.915885 ], [ -94.297445, 38.915657 ], [ -94.297502, 38.914706 ], [ -94.302058, 38.914845 ], [ -94.30258, 38.904706 ], [ -94.299349, 38.901852 ], [ -94.298229, 38.901815 ], [ -94.298563, 38.900187 ], [ -94.300454, 38.900802 ], [ -94.302687, 38.901143 ], [ -94.311956, 38.901472 ], [ -94.317105, 38.901647 ], [ -94.318705, 38.901698 ], [ -94.326141, 38.9019 ], [ -94.329823, 38.90201 ], [ -94.329854, 38.901726 ], [ -94.339835, 38.902013 ], [ -94.353752, 38.902708 ], [ -94.357838, 38.902702 ], [ -94.363072, 38.902884 ], [ -94.373122, 38.903129 ], [ -94.37302, 38.902986 ], [ -94.377123, 38.903122 ], [ -94.377204, 38.903261 ], [ -94.380691, 38.904266 ], [ -94.386054, 38.906926 ], [ -94.392493, 38.91021 ], [ -94.393802, 38.911275 ], [ -94.400386, 38.917069 ], [ -94.401226, 38.918601 ], [ -94.401332, 38.918858 ], [ -94.404393, 38.925964 ], [ -94.403986, 38.925968 ] ] ] ] } },
{ "type": "Feature", "properties": { "ZCTA5CE20": "66002", "AFFGEOID20": "860Z200US66002", "GEOID20": "66002", "NAME20": "66002", "LSAD20": "Z5", "ALAND20": 490342468.0, "AWATER20": 5764500.0, "price_2012": 93077.428149683445, "price_2026": 168863.02190408958, "log_change": 0.59565615747944456, "pct_change": 0.81422096915409747, "dollar_change": 75785.593754406131, "mci": 45564.00438, "plaza": 73389.14376000001, "pnl": 69321.10555, "legends": 54113.40586, "lees_summit": 95874.06143, "cbd": 71355.124654999992, "log_population": 9.4937131728398647, "median_income": 61364.0, "poverty_rate": 0.1400137268359643, "bachelors_only": 0.15368139223560912, "college_plus": 0.25127175368139226, "no_college": 0.74872824631860779 }, "geometry": { "type": "MultiPolygon", "coordinates": [ [ [ [ -95.283979, 39.653054 ], [ -95.227518, 39.652959 ], [ -95.227201, 39.666297 ], [ -95.222709, 39.665248 ], [ -95.221643, 39.667129 ], [ -95.21839, 39.667391 ], [ -95.216737, 39.670199 ], [ -95.212964, 39.670969 ], [ -95.211852, 39.673004 ], [ -95.207455, 39.674513 ], [ -95.207844, 39.673298 ], [ -95.205348, 39.673492 ], [ -95.204095, 39.670451 ], [ -95.202365, 39.670879 ], [ -95.202476, 39.669588 ], [ -95.201354, 39.668276 ], [ -95.198514, 39.667656 ], [ -95.196636, 39.665432 ], [ -95.195628, 39.663203 ], [ -95.192663, 39.660242 ], [ -95.191045, 39.660099 ], [ -95.189792, 39.661428 ], [ -95.18737, 39.660403 ], [ -95.18571, 39.66173 ], [ -95.185007, 39.660873 ], [ -95.18417, 39.662281 ], [ -95.17963, 39.661351 ], [ -95.178278, 39.661899 ], [ -95.176035, 39.660403 ], [ -95.176232, 39.661299 ], [ -95.174683, 39.662764 ], [ -95.172241, 39.663912 ], [ -95.172552, 39.666053 ], [ -95.171372, 39.668881 ], [ -95.168768, 39.669816 ], [ -95.168254, 39.672647 ], [ -95.167333, 39.672664 ], [ -95.166806, 39.674471 ], [ -95.16815, 39.675347 ], [ -95.166416, 39.676441 ], [ -95.166597, 39.677412 ], [ -95.163356, 39.67785 ], [ -95.1618, 39.681611 ], [ -95.160008, 39.680913 ], [ -95.157726, 39.681721 ], [ -95.14337, 39.68176 ], [ -95.143346, 39.662445 ], [ -95.1408, 39.65767 ], [ -95.138624, 39.654839 ], [ -95.138565, 39.652825 ], [ -95.125248, 39.652883 ], [ -95.124189, 39.652601 ], [ -95.124569, 39.725259 ], [ -95.13416, 39.725281 ], [ -95.134055, 39.739877 ], [ -95.124472, 39.739832 ], [ -95.122164, 39.739759 ], [ -95.118349, 39.737611 ], [ -95.115219, 39.738314 ], [ -95.115262, 39.725241 ], [ -95.076053, 39.725625 ], [ -95.076501, 39.724029 ], [ -95.075484, 39.724167 ], [ -95.075135, 39.722673 ], [ -95.076316, 39.722272 ], [ -95.076251, 39.720472 ], [ -95.074701, 39.719731 ], [ -95.074558, 39.716969 ], [ -95.072076, 39.715168 ], [ -95.070484, 39.715179 ], [ -95.067263, 39.712033 ], [ -95.066815, 39.710386 ], [ -95.068002, 39.71004 ], [ -95.066999, 39.708064 ], [ -95.06562, 39.707311 ], [ -95.065371, 39.704797 ], [ -95.064447, 39.70455 ], [ -95.063459, 39.702277 ], [ -95.061952, 39.702008 ], [ -95.057794, 39.699432 ], [ -95.05618, 39.699202 ], [ -95.054404, 39.695737 ], [ -95.053082, 39.696055 ], [ -95.052101, 39.694474 ], [ -95.05166, 39.692503 ], [ -95.049472, 39.690724 ], [ -95.049785, 39.689219 ], [ -95.048157, 39.688714 ], [ -95.048946, 39.687698 ], [ -95.046772, 39.686347 ], [ -95.047433, 39.685106 ], [ -95.046403, 39.684217 ], [ -95.045621, 39.681993 ], [ -95.043291, 39.68073 ], [ -95.042503, 39.679544 ], [ -95.041055, 39.679417 ], [ -95.040137, 39.678302 ], [ -95.039922, 39.677664 ], [ -95.037565, 39.677594 ], [ -95.035988, 39.674392 ], [ -95.036607, 39.673333 ], [ -95.034248, 39.673903 ], [ -95.032536, 39.672277 ], [ -95.033647, 39.671199 ], [ -95.034025, 39.664095 ], [ -95.034774, 39.661769 ], [ -95.036673, 39.658078 ], [ -95.038553, 39.656308 ], [ -95.039938, 39.653676 ], [ -95.039966677693599, 39.648760663257399 ], [ -95.044554, 39.64437 ], [ -95.049518, 39.637876 ], [ -95.053367, 39.630347 ], [ -95.054925, 39.624995 ], [ -95.055152, 39.621657 ], [ -95.054302198917199, 39.618602481341803 ], [ -95.053389961009998, 39.615323540228601 ], [ -95.053012, 39.613965 ], [ -95.047911, 39.606288 ], [ -95.046445, 39.601606 ], [ -95.046361, 39.599557 ], [ -95.047165, 39.595117 ], [ -95.049277, 39.589583 ], [ -95.054804, 39.582488 ], [ -95.056897, 39.580567 ], [ -95.059519, 39.579132 ], [ -95.064519, 39.577115 ], [ -95.069315, 39.576218 ], [ -95.07216, 39.576122 ], [ -95.076688, 39.576764 ], [ -95.089515, 39.581028 ], [ -95.095736, 39.580618 ], [ -95.097065994623705, 39.580250954743597 ], [ -95.099095, 39.579691 ], [ -95.103228, 39.577783 ], [ -95.106406, 39.575252 ], [ -95.107454, 39.573843 ], [ -95.109164580446304, 39.569368050975498 ], [ -95.112891675045205, 39.559617817727997 ], [ -95.113077, 39.559133 ], [ -95.113557, 39.553941 ], [ -95.113477120496, 39.553722077945302 ], [ -95.109304, 39.542285 ], [ -95.106596, 39.537657 ], [ -95.106313133200302, 39.537328209302402 ], [ -95.102888, 39.533347 ], [ -95.096816339113005, 39.527918038488103 ], [ -95.092704, 39.524241 ], [ -95.082714, 39.516712 ], [ -95.077441, 39.513552 ], [ -95.059461, 39.506143 ], [ -95.05638, 39.503972 ], [ -95.052177, 39.499996 ], [ -95.050552, 39.497514 ], [ -95.049845, 39.494415 ], [ -95.04837, 39.48042 ], [ -95.047133, 39.474971 ], [ -95.045716, 39.472459 ], [ -95.04078, 39.466387 ], [ -95.0375, 39.463689 ], [ -95.033408, 39.460876 ], [ -95.028498, 39.458287 ], [ -95.015825, 39.452809 ], [ -95.014922814036794, 39.452600512592099 ], [ -95.000362825683695, 39.4492358246519 ], [ -94.995768, 39.448174 ], [ -94.990172, 39.446192 ], [ -94.982144, 39.440552 ], [ -94.979253440769497, 39.436827791738601 ], [ -94.978798, 39.436241 ], [ -94.976606, 39.426701 ], [ -94.972952, 39.421705 ], [ -94.968848621773205, 39.419072902755197 ], [ -94.971313, 39.418823 ], [ -95.018169, 39.418893 ], [ -95.047721, 39.418954 ], [ -95.057225, 39.418967 ], [ -95.066441, 39.41898 ], [ -95.066977, 39.418981 ], [ -95.067189, 39.399472 ], [ -95.067103, 39.397166 ], [ -95.085624, 39.397203 ], [ -95.088925, 39.397826 ], [ -95.093186, 39.401098 ], [ -95.098209, 39.401752 ], [ -95.099388, 39.401265 ], [ -95.101881, 39.401796 ], [ -95.105113, 39.399114 ], [ -95.105757, 39.397945 ], [ -95.109199, 39.398591 ], [ -95.110955, 39.397583 ], [ -95.111655, 39.39512 ], [ -95.112514, 39.394466 ], [ -95.115094, 39.394416 ], [ -95.115061, 39.38968 ], [ -95.117183, 39.390036 ], [ -95.11683, 39.391106 ], [ -95.117451, 39.394177 ], [ -95.119338, 39.395857 ], [ -95.120537, 39.395286 ], [ -95.124002, 39.397281 ], [ -95.130306, 39.397298 ], [ -95.131904, 39.39794 ], [ -95.139984, 39.404525 ], [ -95.141723, 39.405075 ], [ -95.142411, 39.404631 ], [ -95.179914, 39.404678 ], [ -95.179928, 39.390088 ], [ -95.182125, 39.389969 ], [ -95.198468, 39.390114 ], [ -95.198527, 39.403633 ], [ -95.200102, 39.402243 ], [ -95.203102, 39.401832 ], [ -95.205635, 39.402441 ], [ -95.20707, 39.400769 ], [ -95.208695, 39.400911 ], [ -95.209044, 39.399013 ], [ -95.210636, 39.398752 ], [ -95.211531, 39.397133 ], [ -95.211147, 39.394713 ], [ -95.207811, 39.395333 ], [ -95.206913, 39.394008 ], [ -95.208198, 39.392858 ], [ -95.205462, 39.390154 ], [ -95.217156, 39.390159 ], [ -95.217255, 39.375737 ], [ -95.244653, 39.376189 ], [ -95.243588, 39.377181 ], [ -95.245056, 39.378628 ], [ -95.243844, 39.379623 ], [ -95.247114, 39.384701 ], [ -95.248866, 39.386083 ], [ -95.251868, 39.387334 ], [ -95.252715, 39.388389 ], [ -95.251793, 39.390337 ], [ -95.25393, 39.390344 ], [ -95.255271, 39.395317 ], [ -95.25629, 39.39414 ], [ -95.258071, 39.39494 ], [ -95.25813, 39.396749 ], [ -95.259726, 39.39707 ], [ -95.260587, 39.398606 ], [ -95.258652, 39.400049 ], [ -95.258337, 39.402004 ], [ -95.257267, 39.402771 ], [ -95.2574, 39.404171 ], [ -95.255832, 39.404758 ], [ -95.254859, 39.406267 ], [ -95.253607, 39.405534 ], [ -95.251689, 39.40585 ], [ -95.252921, 39.40696 ], [ -95.253267, 39.409627 ], [ -95.25411, 39.41031 ], [ -95.254125, 39.415782 ], [ -95.254153, 39.419362 ], [ -95.244888, 39.419216 ], [ -95.244456, 39.419204 ], [ -95.244591, 39.426547 ], [ -95.235524, 39.426503 ], [ -95.231088, 39.426483 ], [ -95.230995, 39.422888 ], [ -95.226066, 39.423047 ], [ -95.225628, 39.419213 ], [ -95.205394, 39.41905 ], [ -95.198511, 39.419171 ], [ -95.198479, 39.426417 ], [ -95.167412, 39.426464 ], [ -95.167384, 39.428481 ], [ -95.164866, 39.429295 ], [ -95.165287, 39.433807 ], [ -95.161059, 39.434694 ], [ -95.161029, 39.446826 ], [ -95.166521, 39.446791 ], [ -95.169166, 39.446442 ], [ -95.173302, 39.446789 ], [ -95.175766, 39.450963 ], [ -95.179744, 39.452794 ], [ -95.179562, 39.454187 ], [ -95.177006, 39.455835 ], [ -95.175097, 39.458387 ], [ -95.175113, 39.460117 ], [ -95.177484, 39.458531 ], [ -95.181131, 39.460957 ], [ -95.182254, 39.461088 ], [ -95.182858, 39.462837 ], [ -95.188006, 39.462663 ], [ -95.19266, 39.461834 ], [ -95.198757, 39.462717 ], [ -95.207862, 39.462662 ], [ -95.207709, 39.475577 ], [ -95.206287, 39.477008 ], [ -95.202888, 39.477333 ], [ -95.202972, 39.483937 ], [ -95.19829, 39.484304 ], [ -95.198461, 39.513193 ], [ -95.201856, 39.513503 ], [ -95.199285, 39.520549 ], [ -95.199804, 39.520658 ], [ -95.217415, 39.520733 ], [ -95.231694, 39.520473 ], [ -95.232468, 39.522209 ], [ -95.231765, 39.524296 ], [ -95.231802, 39.528221 ], [ -95.229848, 39.529584 ], [ -95.229311, 39.532663 ], [ -95.230191, 39.533123 ], [ -95.229155, 39.535048 ], [ -95.235213, 39.535008 ], [ -95.235245, 39.542159 ], [ -95.235219, 39.549243 ], [ -95.253968, 39.549348 ], [ -95.253948, 39.565597 ], [ -95.24607, 39.56559 ], [ -95.246077, 39.609103 ], [ -95.255242, 39.609103 ], [ -95.255619, 39.612333 ], [ -95.257547, 39.616339 ], [ -95.260133, 39.616281 ], [ -95.262033, 39.617348 ], [ -95.263378, 39.616033 ], [ -95.264857, 39.615816 ], [ -95.268783, 39.618179 ], [ -95.269851, 39.619829 ], [ -95.270981, 39.619356 ], [ -95.274412, 39.619536 ], [ -95.27885, 39.621453 ], [ -95.280657, 39.623622 ], [ -95.283411, 39.623647 ], [ -95.283298, 39.638185 ], [ -95.283766, 39.651269 ], [ -95.283979, 39.653054 ] ] ] ] } },
{ "type": "Feature", "properties": { "ZCTA5CE20": "64109", "AFFGEOID20": "860Z200US64109", "GEOID20": "64109", "NAME20": "64109", "LSAD20": "Z5", "ALAND20": 5535131.0, "AWATER20": 4529.0, "price_2012": 45151.222193080212, "price_2026": 187214.69235508677, "log_change": 1.4222386966557359, "pct_change": 3.1463925728189688, "dollar_change": 142063.47016200656, "mci": 29021.39348, "plaza": 3429.134025, "pnl": 3802.491337, "legends": 23717.23163, "lees_summit": 23094.57727, "cbd": 3615.812681, "log_population": 9.2146311533933396, "median_income": 41943.0, "poverty_rate": 0.28802395209580839, "bachelors_only": 0.21755833807626637, "college_plus": 0.33195788275469551, "no_college": 0.66804211724530449 }, "geometry": { "type": "MultiPolygon", "coordinates": [ [ [ [ -94.585447, 39.068327 ], [ -94.580492, 39.068279 ], [ -94.580043, 39.070835 ], [ -94.578898, 39.07079 ], [ -94.577718, 39.070744 ], [ -94.577209, 39.071048 ], [ -94.577551, 39.074363 ], [ -94.57687, 39.076714 ], [ -94.576204, 39.077919 ], [ -94.573653, 39.077829 ], [ -94.57097, 39.077726 ], [ -94.56524, 39.077535 ], [ -94.564023, 39.077489 ], [ -94.562879, 39.077442 ], [ -94.561708, 39.077401 ], [ -94.55824, 39.077294 ], [ -94.55248, 39.077094 ], [ -94.552567, 39.075284 ], [ -94.553717, 39.075341 ], [ -94.554012, 39.069906 ], [ -94.554071, 39.068094 ], [ -94.552932, 39.068053 ], [ -94.553013, 39.066236 ], [ -94.553617, 39.066258 ], [ -94.553707, 39.064459 ], [ -94.553107, 39.06444 ], [ -94.553203, 39.062627 ], [ -94.554368, 39.062668 ], [ -94.554027, 39.057876 ], [ -94.553457, 39.057855 ], [ -94.553487, 39.057315 ], [ -94.554079, 39.057325 ], [ -94.554115, 39.056622 ], [ -94.554704, 39.055477 ], [ -94.555881, 39.055511 ], [ -94.5559, 39.055174 ], [ -94.557055, 39.055215 ], [ -94.557034, 39.055551 ], [ -94.561461, 39.055702 ], [ -94.562051, 39.055721 ], [ -94.562865, 39.055749 ], [ -94.567486, 39.055915 ], [ -94.57212, 39.05608 ], [ -94.574469, 39.056167 ], [ -94.58, 39.056349 ], [ -94.580343, 39.056676 ], [ -94.580708, 39.056752 ], [ -94.580567, 39.061414 ], [ -94.581002, 39.06181 ], [ -94.580542, 39.061791 ], [ -94.580432, 39.063591 ], [ -94.580996, 39.063616 ], [ -94.580931, 39.064641 ], [ -94.584306, 39.064945 ], [ -94.58558, 39.065754 ], [ -94.585447, 39.068327 ] ] ] ] } },
{ "type": "Feature", "properties": { "ZCTA5CE20": "64113", "AFFGEOID20": "860Z200US64113", "GEOID20": "64113", "NAME20": "64113", "LSAD20": "Z5", "ALAND20": 6552446.0, "AWATER20": 0.0, "price_2012": 279812.17114555242, "price_2026": 583782.42407256819, "log_change": 0.73540979115705163, "pct_change": 1.0863367797139061, "dollar_change": 303970.25292701577, "mci": 33460.35976, "plaza": 3148.836542, "pnl": 9496.268394000001, "legends": 23750.91208, "lees_summit": 21364.89447, "cbd": 6322.552468, "log_population": 9.4243220814980067, "median_income": 179964.0, "poverty_rate": 0.031487162925884063, "bachelors_only": 0.43553404770134807, "college_plus": 0.89134692936974302, "no_college": 0.10865307063025698 }, "geometry": { "type": "MultiPolygon", "coordinates": [ [ [ [ -94.608004327215596, 39.006950442965703 ], [ -94.607992364788004, 39.007862828196203 ], [ -94.607927906469001, 39.012779122781403 ], [ -94.607913406644798, 39.013885037561202 ], [ -94.607912971401603, 39.013918233952602 ], [ -94.607896622028704, 39.015165215486398 ], [ -94.607896585341095, 39.015168013681802 ], [ -94.607864227062805, 39.017636008984397 ], [ -94.607818897374102, 39.021093345551897 ], [ -94.607723805593196, 39.028346082125303 ], [ -94.60372, 39.02822 ], [ -94.592367, 39.027833 ], [ -94.586776, 39.027636 ], [ -94.585368, 39.028481 ], [ -94.584413, 39.029198 ], [ -94.58478, 39.027565 ], [ -94.583071, 39.027508 ], [ -94.583106, 39.026889 ], [ -94.582556, 39.026279 ], [ -94.582662, 39.023867 ], [ -94.582848, 39.02068 ], [ -94.583463, 39.020698 ], [ -94.583487, 39.020267 ], [ -94.583496, 39.020005 ], [ -94.582878, 39.019987 ], [ -94.583028, 39.016967 ], [ -94.583202, 39.013636 ], [ -94.583796, 39.013667 ], [ -94.583866, 39.012419 ], [ -94.583897, 39.01188 ], [ -94.583999, 39.010084 ], [ -94.58419, 39.00619 ], [ -94.584301, 39.004015 ], [ -94.582913, 39.004198 ], [ -94.582746, 39.002763 ], [ -94.582042, 39.002739 ], [ -94.5821, 39.001837 ], [ -94.58444, 39.001034 ], [ -94.584481, 39.000083 ], [ -94.58667, 39.000066 ], [ -94.586783, 38.999312 ], [ -94.587979, 38.999362 ], [ -94.589149, 38.99941 ], [ -94.589133, 39.000157 ], [ -94.593239, 39.000343 ], [ -94.593278, 38.999588 ], [ -94.593813, 38.999614 ], [ -94.594491, 38.999645 ], [ -94.594459, 39.000064 ], [ -94.596038, 39.000191 ], [ -94.596834, 39.000209 ], [ -94.596861, 38.999758 ], [ -94.597229, 38.999776 ], [ -94.597161, 39.000204 ], [ -94.600382, 39.000369 ], [ -94.600417, 38.999917 ], [ -94.603002, 39.000023 ], [ -94.603391, 39.000033 ], [ -94.603356, 39.000495 ], [ -94.608086331840198, 39.000695875694603 ], [ -94.608004327215596, 39.006950442965703 ] ] ] ] } },
{ "type": "Feature", "properties": { "ZCTA5CE20": "66048", "AFFGEOID20": "860Z200US66048", "GEOID20": "66048", "NAME20": "66048", "LSAD20": "Z5", "ALAND20": 350880811.0, "AWATER20": 4216789.0, "price_2012": 114308.49179081801, "price_2026": 262332.5321527819, "log_change": 0.83071204376512675, "pct_change": 1.2949522650761993, "dollar_change": 148024.04036196391, "mci": 23203.24185, "plaza": 42962.13166, "pnl": 40226.22157, "legends": 21760.26834, "lees_summit": 65836.85235, "cbd": 41594.176615000004, "log_population": 10.483382044901216, "median_income": 72734.0, "poverty_rate": 0.1146138661243046, "bachelors_only": 0.17436237422977927, "college_plus": 0.29818266905857577, "no_college": 0.70181733094142418 }, "geometry": { "type": "MultiPolygon", "coordinates": [ [ [ [ -95.133617, 39.194237 ], [ -95.128849, 39.194181 ], [ -95.128875, 39.201368 ], [ -95.124405, 39.201337 ], [ -95.124381, 39.203369 ], [ -95.121849, 39.203364 ], [ -95.12178, 39.207998 ], [ -95.115081, 39.207786 ], [ -95.115081, 39.2305 ], [ -95.105728, 39.230456 ], [ -95.105573, 39.23772 ], [ -95.086898, 39.237624 ], [ -95.084858, 39.237205 ], [ -95.082661, 39.237525 ], [ -95.082874, 39.238463 ], [ -95.081132, 39.240334 ], [ -95.081335, 39.242037 ], [ -95.084405, 39.243435 ], [ -95.085219, 39.244805 ], [ -95.08912, 39.243602 ], [ -95.090229, 39.244093 ], [ -95.089331, 39.245149 ], [ -95.082813, 39.247952 ], [ -95.084419, 39.251801 ], [ -95.084319, 39.253358 ], [ -95.087281, 39.25538 ], [ -95.088371, 39.256941 ], [ -95.086005, 39.258082 ], [ -95.083338, 39.257223 ], [ -95.083279, 39.259625 ], [ -95.082976, 39.260533 ], [ -95.083839, 39.26514 ], [ -95.086145, 39.266612 ], [ -95.077708, 39.266626 ], [ -95.077576, 39.259257 ], [ -95.074128, 39.259628 ], [ -95.068254, 39.259186 ], [ -95.05903, 39.259156 ], [ -95.059074, 39.266733 ], [ -95.058694, 39.295687 ], [ -95.053884, 39.29571 ], [ -95.05375, 39.302873 ], [ -95.049236, 39.30281 ], [ -95.04918, 39.310211 ], [ -95.044368, 39.310077 ], [ -95.044422, 39.317111 ], [ -95.058464, 39.317088 ], [ -95.058231, 39.331862 ], [ -95.067363, 39.331865 ], [ -95.067398, 39.360946 ], [ -95.058004, 39.36092 ], [ -95.058, 39.361371 ], [ -95.057133, 39.361521 ], [ -95.056628, 39.361957 ], [ -95.056402, 39.362984 ], [ -95.056586, 39.363227 ], [ -95.057982, 39.363299 ], [ -95.057973, 39.366578 ], [ -95.05583, 39.368129 ], [ -95.052024, 39.36812 ], [ -95.04993, 39.368689 ], [ -95.048176, 39.367536 ], [ -95.044754, 39.366164 ], [ -95.03794, 39.365133 ], [ -95.03039, 39.363233 ], [ -95.029905, 39.370205 ], [ -95.035584, 39.370743 ], [ -95.042651, 39.371723 ], [ -95.042657, 39.372793 ], [ -95.041222, 39.372771 ], [ -95.041244, 39.375403 ], [ -95.043767, 39.375447 ], [ -95.043701, 39.379035 ], [ -95.040526, 39.378666 ], [ -95.040156, 39.380514 ], [ -95.036589, 39.380754 ], [ -95.036589, 39.379818 ], [ -95.029868, 39.379862 ], [ -95.029847, 39.381384 ], [ -95.027802, 39.381015 ], [ -95.025845, 39.382407 ], [ -95.023126, 39.382559 ], [ -95.023017, 39.386191 ], [ -95.025105, 39.386148 ], [ -95.025126, 39.389936 ], [ -95.019424, 39.389798 ], [ -95.020455, 39.391753 ], [ -95.029566, 39.404345 ], [ -95.0241, 39.404334 ], [ -95.018633, 39.407513 ], [ -95.018178, 39.408714 ], [ -95.019626, 39.409641 ], [ -95.021497, 39.41321 ], [ -95.020511, 39.414925 ], [ -95.018897, 39.415272 ], [ -95.018169, 39.418893 ], [ -94.971313, 39.418823 ], [ -94.968848621773205, 39.419072902755197 ], [ -94.966066, 39.417288 ], [ -94.954817, 39.413844 ], [ -94.951209, 39.411707 ], [ -94.947864, 39.408604 ], [ -94.946293, 39.405646 ], [ -94.946662, 39.399717 ], [ -94.946227, 39.395648 ], [ -94.945577, 39.393851 ], [ -94.942039, 39.389499 ], [ -94.939697, 39.38795 ], [ -94.938199849043997, 39.387113270103796 ], [ -94.93833, 39.383398 ], [ -94.938357, 39.375583 ], [ -94.945596, 39.375434 ], [ -94.945776, 39.358224 ], [ -94.945805, 39.350347 ], [ -94.943672, 39.350335 ], [ -94.947599, 39.344956 ], [ -94.946409, 39.343993 ], [ -94.949259, 39.341758 ], [ -94.946551, 39.337778 ], [ -94.947607, 39.337329 ], [ -94.947275, 39.335693 ], [ -94.94524, 39.334917 ], [ -94.941796, 39.33533 ], [ -94.936801, 39.337521 ], [ -94.927207, 39.33808 ], [ -94.92591, 39.337832 ], [ -94.922812, 39.336622 ], [ -94.921616, 39.335613 ], [ -94.921092, 39.329016 ], [ -94.920765, 39.328368 ], [ -94.917582, 39.328517 ], [ -94.915987, 39.328616 ], [ -94.908698072809699, 39.329726343307797 ], [ -94.908216615631403, 39.325115119898399 ], [ -94.908065, 39.323663 ], [ -94.906602335001693, 39.317402301975498 ], [ -94.905983679819101, 39.314754249766501 ], [ -94.905329, 39.311952 ], [ -94.903137, 39.306272 ], [ -94.901205232018896, 39.302468519000897 ], [ -94.900864315537106, 39.301797284477203 ], [ -94.900724488062707, 39.301521976496403 ], [ -94.900049, 39.300192 ], [ -94.895217, 39.294208 ], [ -94.889935301279294, 39.289206533548104 ], [ -94.889504464687207, 39.288798555949299 ], [ -94.887056, 39.28648 ], [ -94.882576, 39.283328 ], [ -94.87832, 39.281136 ], [ -94.867568, 39.277841 ], [ -94.857771536318694, 39.274092657951201 ], [ -94.857072, 39.273825 ], [ -94.8506188963092, 39.270617653820402 ], [ -94.84632, 39.268481 ], [ -94.837855, 39.262417 ], [ -94.834900945312498, 39.259574 ], [ -94.831471, 39.256273 ], [ -94.827487, 39.249889 ], [ -94.826372341313601, 39.244902369034499 ], [ -94.826351588452397, 39.244809527287103 ], [ -94.825663, 39.241729 ], [ -94.826111, 39.238289 ], [ -94.827791, 39.234001 ], [ -94.834896, 39.223842 ], [ -94.835056, 39.220658 ], [ -94.834964527919198, 39.220483813803703 ], [ -94.835397, 39.219118 ], [ -94.838475, 39.218557 ], [ -94.842502, 39.21577 ], [ -94.843762, 39.21634 ], [ -94.848634, 39.215804 ], [ -94.853745, 39.215905 ], [ -94.853765, 39.223263 ], [ -94.858411, 39.223251 ], [ -94.859618, 39.219526 ], [ -94.859578, 39.216667 ], [ -94.863123, 39.21663 ], [ -94.863127, 39.215919 ], [ -94.863099, 39.202263 ], [ -94.900191, 39.202911 ], [ -94.900454, 39.201988 ], [ -94.900478, 39.201501 ], [ -94.916257, 39.201265 ], [ -94.919058, 39.201373 ], [ -94.919084, 39.193327 ], [ -94.920084, 39.190959 ], [ -94.920084, 39.187905 ], [ -94.923853, 39.187994 ], [ -94.92371, 39.190352 ], [ -94.928389, 39.190386 ], [ -94.928363, 39.186778 ], [ -94.956581, 39.186671 ], [ -94.956546, 39.193798 ], [ -94.975351, 39.193765 ], [ -94.975321, 39.190742 ], [ -94.975416, 39.189791 ], [ -94.976805, 39.189585 ], [ -94.980359, 39.18516 ], [ -94.981769, 39.184576 ], [ -94.984975, 39.179301 ], [ -94.988329, 39.179243 ], [ -94.990213, 39.180563 ], [ -94.989034, 39.181151 ], [ -94.989499, 39.18382 ], [ -94.991641, 39.186605 ], [ -95.0032, 39.186711 ], [ -95.00314, 39.20123 ], [ -95.012591, 39.201203 ], [ -95.012664, 39.186656 ], [ -95.031169, 39.18675 ], [ -95.031225, 39.201303 ], [ -95.036968, 39.201281 ], [ -95.040521, 39.200784 ], [ -95.042724, 39.201336 ], [ -95.050882, 39.201235 ], [ -95.059114, 39.201335 ], [ -95.059111, 39.200475 ], [ -95.061475, 39.200476 ], [ -95.061547, 39.199427 ], [ -95.063826, 39.199391 ], [ -95.06379, 39.194111 ], [ -95.065073, 39.194039 ], [ -95.065019, 39.190874 ], [ -95.063916, 39.190874 ], [ -95.063808, 39.18856 ], [ -95.061584, 39.18856 ], [ -95.061529, 39.187656 ], [ -95.059156, 39.187643 ], [ -95.059169, 39.18683 ], [ -95.062403, 39.186835 ], [ -95.063981, 39.187398 ], [ -95.066015, 39.186916 ], [ -95.066371, 39.18838 ], [ -95.067932, 39.187709 ], [ -95.068651, 39.188821 ], [ -95.068642, 39.174152 ], [ -95.070819, 39.17235 ], [ -95.077154, 39.172346 ], [ -95.078068, 39.173296 ], [ -95.078278, 39.175876 ], [ -95.087386, 39.175876 ], [ -95.087386, 39.178602 ], [ -95.088747, 39.178126 ], [ -95.091059, 39.178669 ], [ -95.091048, 39.179896 ], [ -95.098357, 39.179772 ], [ -95.100673, 39.180893 ], [ -95.102714, 39.180633 ], [ -95.103439, 39.181606 ], [ -95.105856, 39.18172 ], [ -95.105855, 39.182364 ], [ -95.111565, 39.18181 ], [ -95.113843, 39.180945 ], [ -95.114527, 39.179612 ], [ -95.124481, 39.17958 ], [ -95.124477, 39.184875 ], [ -95.132462, 39.179499 ], [ -95.133676, 39.179536 ], [ -95.133617, 39.194237 ] ], [ [ -94.932807, 39.252841 ], [ -94.932769, 39.252384 ], [ -94.928159, 39.252593 ], [ -94.928017, 39.25155 ], [ -94.924929, 39.248713 ], [ -94.922213, 39.249451 ], [ -94.921532, 39.247328 ], [ -94.919016, 39.247965 ], [ -94.919064, 39.237685 ], [ -94.919103, 39.229895 ], [ -94.919091, 39.223415 ], [ -94.916336, 39.221716 ], [ -94.916511, 39.219971 ], [ -94.916788, 39.219687 ], [ -94.913199, 39.222472 ], [ -94.912, 39.221724 ], [ -94.909349, 39.223429 ], [ -94.907257, 39.223326 ], [ -94.900355, 39.223328 ], [ -94.900335, 39.228888 ], [ -94.90032, 39.230645 ], [ -94.896595, 39.230628 ], [ -94.892038, 39.230624 ], [ -94.890961, 39.230626 ], [ -94.881646, 39.230631 ], [ -94.881447, 39.245141 ], [ -94.881337, 39.24999 ], [ -94.879707, 39.249681 ], [ -94.876586, 39.251358 ], [ -94.874666, 39.247369 ], [ -94.869317, 39.250234 ], [ -94.874055, 39.256103 ], [ -94.875771, 39.259505 ], [ -94.87748, 39.263373 ], [ -94.877855, 39.264204 ], [ -94.881142, 39.271854 ], [ -94.881612, 39.273998 ], [ -94.881801, 39.274182 ], [ -94.890401, 39.274209 ], [ -94.890458, 39.272654 ], [ -94.890474, 39.270547 ], [ -94.896237, 39.270592 ], [ -94.895958, 39.266934 ], [ -94.898238, 39.266954 ], [ -94.899848, 39.266968 ], [ -94.899845, 39.267296 ], [ -94.899835, 39.26869 ], [ -94.901388, 39.2687 ], [ -94.901371, 39.266958 ], [ -94.909157, 39.266852 ], [ -94.918581, 39.266775 ], [ -94.928005, 39.266736 ], [ -94.932709, 39.266723 ], [ -94.932773, 39.259451 ], [ -94.932807, 39.252841 ] ] ] ] } },
{ "type": "Feature", "properties": { "ZCTA5CE20": "64126", "AFFGEOID20": "860Z200US64126", "GEOID20": "64126", "NAME20": "64126", "LSAD20": "Z5", "ALAND20": 6720511.0, "AWATER20": 84378.0, "price_2012": 18461.900395746827, "price_2026": 92677.406710193594, "log_change": 1.6134155475990575, "pct_change": 4.0199277822744737, "dollar_change": 74215.506314446771, "mci": 30116.09958, "plaza": 9906.602671000001, "pnl": 7435.031867, "legends": 29238.79088, "lees_summit": 21774.12243, "cbd": 8670.817269, "log_population": 8.8389867934967867, "median_income": 39934.0, "poverty_rate": 0.19744853580748042, "bachelors_only": 0.03193805952092911, "college_plus": 0.041132349383014757, "no_college": 0.9588676506169852 }, "geometry": { "type": "MultiPolygon", "coordinates": [ [ [ [ -94.517354, 39.089988 ], [ -94.515442, 39.089882 ], [ -94.514954, 39.090092 ], [ -94.514943, 39.090332 ], [ -94.515449, 39.090354 ], [ -94.515358, 39.093358 ], [ -94.514771, 39.093342 ], [ -94.514752, 39.09394 ], [ -94.514749, 39.094031 ], [ -94.515893, 39.094062 ], [ -94.515708, 39.097627 ], [ -94.514591, 39.097598 ], [ -94.514563, 39.097597 ], [ -94.514419, 39.101285 ], [ -94.511385, 39.101184 ], [ -94.507546, 39.100617 ], [ -94.504713, 39.100355 ], [ -94.504528, 39.101018 ], [ -94.502967, 39.100976 ], [ -94.493972, 39.100571 ], [ -94.493869, 39.102364 ], [ -94.492089, 39.102537 ], [ -94.491555, 39.102359 ], [ -94.490618, 39.101884 ], [ -94.489984, 39.101101 ], [ -94.489901, 39.100396 ], [ -94.489347, 39.100372 ], [ -94.488822, 39.098097 ], [ -94.490108, 39.096501 ], [ -94.488165, 39.095934 ], [ -94.487883, 39.095864 ], [ -94.487558, 39.092879 ], [ -94.487092, 39.092831 ], [ -94.486948, 39.092816 ], [ -94.486729, 39.099655 ], [ -94.477813, 39.099297 ], [ -94.478851, 39.097229 ], [ -94.478765, 39.094767 ], [ -94.477447, 39.092355 ], [ -94.478247, 39.08964 ], [ -94.476416, 39.088791 ], [ -94.472457, 39.085337 ], [ -94.47121, 39.082108 ], [ -94.470178, 39.081436 ], [ -94.470183, 39.081314 ], [ -94.471135, 39.081358 ], [ -94.477951, 39.081652 ], [ -94.485665, 39.080995 ], [ -94.490458, 39.082128 ], [ -94.492465, 39.082516 ], [ -94.494572, 39.082614 ], [ -94.495791, 39.082672 ], [ -94.497924, 39.082772 ], [ -94.515285, 39.083118 ], [ -94.515145, 39.085497 ], [ -94.515267, 39.085843 ], [ -94.516246, 39.085877 ], [ -94.516186, 39.086784 ], [ -94.517422, 39.086826 ], [ -94.517354, 39.089988 ] ] ] ] } },
{ "type": "Feature", "properties": { "ZCTA5CE20": "64779", "AFFGEOID20": "860Z200US64779", "GEOID20": "64779", "NAME20": "64779", "LSAD20": "Z5", "ALAND20": 512232419.0, "AWATER20": 22733147.0, "price_2012": 54540.417769151594, "price_2026": 155687.44188964943, "log_change": 1.0489083825171814, "pct_change": 1.8545333581531023, "dollar_change": 101147.02412049784, "mci": 136889.7884, "plaza": 106775.8548, "pnl": 112851.3144, "legends": 120480.6817, "lees_summit": 91378.18445, "cbd": 109813.5846, "log_population": 7.8965527016430404, "median_income": 54183.0, "poverty_rate": 0.22222222222222221, "bachelors_only": 0.07332563510392609, "college_plus": 0.10277136258660508, "no_college": 0.89722863741339487 }, "geometry": { "type": "MultiPolygon", "coordinates": [ [ [ [ -94.58695, 38.184586 ], [ -94.580797, 38.197742 ], [ -94.578338, 38.197797 ], [ -94.573849, 38.203098 ], [ -94.573056, 38.205493 ], [ -94.573223, 38.207223 ], [ -94.57179, 38.211382 ], [ -94.568992, 38.214112 ], [ -94.567071, 38.218528 ], [ -94.567523, 38.221181 ], [ -94.568171, 38.221527 ], [ -94.570065, 38.221384 ], [ -94.571374, 38.220966 ], [ -94.572641, 38.219598 ], [ -94.57466, 38.21906 ], [ -94.575969, 38.220757 ], [ -94.575719, 38.222471 ], [ -94.573345, 38.224608 ], [ -94.570172, 38.225803 ], [ -94.564893, 38.225639 ], [ -94.563859, 38.225297 ], [ -94.562292, 38.225172 ], [ -94.561366, 38.225375 ], [ -94.561027, 38.225558 ], [ -94.560695, 38.225547 ], [ -94.557985, 38.227294 ], [ -94.55479, 38.225973 ], [ -94.554364, 38.225723 ], [ -94.553507, 38.225674 ], [ -94.552881, 38.226069 ], [ -94.551091, 38.229392 ], [ -94.549127, 38.23032 ], [ -94.547714, 38.22976 ], [ -94.546899, 38.228376 ], [ -94.545493, 38.227156 ], [ -94.541271, 38.224949 ], [ -94.540956, 38.224941 ], [ -94.540642, 38.224931 ], [ -94.538259, 38.223206 ], [ -94.536923, 38.220981 ], [ -94.531303, 38.222974 ], [ -94.524452, 38.223367 ], [ -94.52354, 38.223049 ], [ -94.523016, 38.221846 ], [ -94.521985, 38.219946 ], [ -94.518995, 38.217233 ], [ -94.515568, 38.213337 ], [ -94.510843, 38.209782 ], [ -94.507278, 38.208169 ], [ -94.504864, 38.20664 ], [ -94.502091, 38.202431 ], [ -94.500588, 38.201484 ], [ -94.495837, 38.201134 ], [ -94.492687, 38.201965 ], [ -94.489992, 38.202775 ], [ -94.486444, 38.20266 ], [ -94.480808, 38.200877 ], [ -94.47769, 38.197769 ], [ -94.478326, 38.195992 ], [ -94.480503, 38.194395 ], [ -94.482191, 38.191971 ], [ -94.480633, 38.191488 ], [ -94.479083, 38.192825 ], [ -94.477091, 38.193264 ], [ -94.472346, 38.193063 ], [ -94.470057, 38.192249 ], [ -94.467605, 38.190434 ], [ -94.46628, 38.187633 ], [ -94.464598, 38.18647 ], [ -94.462147, 38.186796 ], [ -94.460976, 38.187674 ], [ -94.460611, 38.189704 ], [ -94.461262, 38.191639 ], [ -94.463511, 38.194489 ], [ -94.462342, 38.196972 ], [ -94.460888, 38.197489 ], [ -94.458291, 38.196001 ], [ -94.457559, 38.193507 ], [ -94.453362, 38.192107 ], [ -94.450724, 38.192289 ], [ -94.450703, 38.189916 ], [ -94.447689, 38.188784 ], [ -94.44629, 38.190372 ], [ -94.446277, 38.191806 ], [ -94.447732, 38.194453 ], [ -94.446938, 38.195848 ], [ -94.44144, 38.199018 ], [ -94.43931, 38.19921 ], [ -94.4378, 38.198299 ], [ -94.436832, 38.196129 ], [ -94.437131, 38.193102 ], [ -94.434695, 38.193663 ], [ -94.433317, 38.195624 ], [ -94.432015, 38.195514 ], [ -94.431389, 38.193794 ], [ -94.431828, 38.191636 ], [ -94.431278, 38.190197 ], [ -94.42697, 38.188894 ], [ -94.425536, 38.187323 ], [ -94.424479, 38.18489 ], [ -94.425968, 38.182847 ], [ -94.425307, 38.181655 ], [ -94.422531, 38.180177 ], [ -94.42194, 38.17877 ], [ -94.423492, 38.176414 ], [ -94.422546, 38.175645 ], [ -94.418148, 38.177287 ], [ -94.415246, 38.176408 ], [ -94.413081, 38.178006 ], [ -94.410187, 38.177736 ], [ -94.409046, 38.174956 ], [ -94.410884, 38.172617 ], [ -94.410864, 38.171161 ], [ -94.409528, 38.171122 ], [ -94.407335, 38.17289 ], [ -94.406694, 38.174857 ], [ -94.405087, 38.175845 ], [ -94.400877, 38.175366 ], [ -94.398623, 38.174651 ], [ -94.397113, 38.17342 ], [ -94.397171, 38.170514 ], [ -94.395751, 38.170635 ], [ -94.393817, 38.170326 ], [ -94.390602, 38.171188 ], [ -94.38939, 38.172884 ], [ -94.388694, 38.172967 ], [ -94.385542, 38.172487 ], [ -94.384859, 38.173761 ], [ -94.385568, 38.175388 ], [ -94.383854, 38.176835 ], [ -94.382673, 38.17643 ], [ -94.383426, 38.173277 ], [ -94.382579, 38.171508 ], [ -94.379325, 38.168321 ], [ -94.378124, 38.164904 ], [ -94.381524, 38.162927 ], [ -94.382433, 38.161917 ], [ -94.38091, 38.160884 ], [ -94.376728, 38.161223 ], [ -94.373994, 38.162385 ], [ -94.372198, 38.161996 ], [ -94.371015, 38.160722 ], [ -94.370032, 38.158361 ], [ -94.368558, 38.15957 ], [ -94.368992, 38.162849 ], [ -94.368679, 38.16353 ], [ -94.367685, 38.164377 ], [ -94.366717, 38.163416 ], [ -94.352254, 38.163025 ], [ -94.34816, 38.162798 ], [ -94.348444, 38.158853 ], [ -94.34411, 38.158898 ], [ -94.341292, 38.156756 ], [ -94.337339, 38.154631 ], [ -94.333457, 38.153539 ], [ -94.329582, 38.153204 ], [ -94.326069, 38.152947 ], [ -94.322236, 38.152123 ], [ -94.318132, 38.150459 ], [ -94.311954, 38.147345 ], [ -94.304973, 38.143125 ], [ -94.300339, 38.139824 ], [ -94.299712, 38.139546 ], [ -94.298489, 38.137648 ], [ -94.297926, 38.135336 ], [ -94.29529, 38.136544 ], [ -94.293016, 38.136296 ], [ -94.294455, 38.138043 ], [ -94.289702, 38.139232 ], [ -94.275741, 38.13868 ], [ -94.275726, 38.138859 ], [ -94.255626, 38.138247 ], [ -94.254093, 38.131849 ], [ -94.252808, 38.130135 ], [ -94.253117, 38.123648 ], [ -94.234939, 38.123171 ], [ -94.234201, 38.137402 ], [ -94.234061, 38.137652 ], [ -94.220375, 38.137476 ], [ -94.220815, 38.129327 ], [ -94.221365, 38.12574 ], [ -94.220179, 38.122801 ], [ -94.184721, 38.121898 ], [ -94.185279, 38.107298 ], [ -94.212235, 38.107997 ], [ -94.212967, 38.093266 ], [ -94.244333, 38.094185 ], [ -94.245878, 38.092691 ], [ -94.247515, 38.088883 ], [ -94.248342, 38.089289 ], [ -94.250771, 38.088257 ], [ -94.251604, 38.08912 ], [ -94.256848, 38.085052 ], [ -94.260872, 38.086004 ], [ -94.258157, 38.082647 ], [ -94.253799, 38.083046 ], [ -94.252262, 38.083633 ], [ -94.253166, 38.082853 ], [ -94.252132, 38.081106 ], [ -94.253504, 38.077904 ], [ -94.252483, 38.077382 ], [ -94.250279, 38.078281 ], [ -94.25091, 38.079897 ], [ -94.249474, 38.07951 ], [ -94.248573, 38.082104 ], [ -94.246822, 38.082912 ], [ -94.248051, 38.081269 ], [ -94.247833, 38.07844 ], [ -94.245637, 38.078914 ], [ -94.24401, 38.078239 ], [ -94.242862, 38.076751 ], [ -94.241656, 38.080201 ], [ -94.240676, 38.079833 ], [ -94.238603, 38.077176 ], [ -94.237401, 38.077687 ], [ -94.237235, 38.079505 ], [ -94.238431, 38.080609 ], [ -94.235651, 38.079588 ], [ -94.233991, 38.081924 ], [ -94.234166, 38.083841 ], [ -94.23304, 38.083918 ], [ -94.230117, 38.088534 ], [ -94.231172, 38.08571 ], [ -94.231046, 38.084073 ], [ -94.232254, 38.08171 ], [ -94.22998, 38.080915 ], [ -94.232745, 38.079348 ], [ -94.231313, 38.077728 ], [ -94.233398, 38.077689 ], [ -94.232347, 38.075893 ], [ -94.233862, 38.076414 ], [ -94.234793, 38.074854 ], [ -94.231984, 38.072575 ], [ -94.232052, 38.070564 ], [ -94.230475, 38.071625 ], [ -94.228681, 38.06883 ], [ -94.230314, 38.069164 ], [ -94.232716, 38.065867 ], [ -94.233716, 38.065356 ], [ -94.23357, 38.064505 ], [ -94.231374, 38.063973 ], [ -94.233596, 38.062115 ], [ -94.235459, 38.062889 ], [ -94.236381, 38.061087 ], [ -94.231573, 38.060155 ], [ -94.231421, 38.061512 ], [ -94.229357, 38.061578 ], [ -94.227959, 38.059387 ], [ -94.225625, 38.059509 ], [ -94.225522, 38.060975 ], [ -94.223695, 38.061789 ], [ -94.223256, 38.060564 ], [ -94.218956, 38.061834 ], [ -94.219916, 38.064515 ], [ -94.218554, 38.063164 ], [ -94.217275, 38.063032 ], [ -94.215877, 38.060083 ], [ -94.217364, 38.05905 ], [ -94.215633, 38.057331 ], [ -94.210742, 38.057041 ], [ -94.185792, 38.056461 ], [ -94.178636, 38.057537 ], [ -94.175516, 38.057614 ], [ -94.169056, 38.056821 ], [ -94.16456, 38.055124 ], [ -94.16016, 38.055772 ], [ -94.164019, 38.051812 ], [ -94.164864, 38.051219 ], [ -94.169431, 38.049549 ], [ -94.173851, 38.048213 ], [ -94.175704, 38.047374 ], [ -94.18252, 38.045431 ], [ -94.184033, 38.04518 ], [ -94.189502, 38.04548 ], [ -94.191788, 38.044794 ], [ -94.193597, 38.043269 ], [ -94.195133, 38.0403 ], [ -94.195162, 38.036977 ], [ -94.194374, 38.035057 ], [ -94.196496, 38.033896 ], [ -94.198136, 38.035283 ], [ -94.198597, 38.036673 ], [ -94.197676, 38.038529 ], [ -94.197908, 38.04016 ], [ -94.200292, 38.043971 ], [ -94.20069, 38.046545 ], [ -94.199136, 38.049388 ], [ -94.195307, 38.050711 ], [ -94.19463, 38.052129 ], [ -94.195358, 38.053688 ], [ -94.198002, 38.054683 ], [ -94.200993, 38.054572 ], [ -94.209544, 38.052158 ], [ -94.211051, 38.050975 ], [ -94.211368, 38.049333 ], [ -94.209894, 38.045383 ], [ -94.210605, 38.04261 ], [ -94.213977, 38.039688 ], [ -94.214782, 38.037557 ], [ -94.214581, 38.034998 ], [ -94.215532, 38.033682 ], [ -94.216811, 38.033384 ], [ -94.218078, 38.0345 ], [ -94.219178, 38.038323 ], [ -94.220887, 38.039911 ], [ -94.223055, 38.040502 ], [ -94.22477, 38.03992 ], [ -94.226357, 38.038148 ], [ -94.226996, 38.034527 ], [ -94.226562, 38.031927 ], [ -94.224894, 38.028707 ], [ -94.225197, 38.027016 ], [ -94.227683, 38.026325 ], [ -94.230947, 38.026534 ], [ -94.236588, 38.025952 ], [ -94.239281, 38.02625 ], [ -94.244296, 38.027731 ], [ -94.244329, 38.027342 ], [ -94.24624, 38.026633 ], [ -94.248262, 38.027544 ], [ -94.249314, 38.031263 ], [ -94.25042, 38.033516 ], [ -94.252343, 38.03438 ], [ -94.254253, 38.033777 ], [ -94.254442, 38.032096 ], [ -94.2522, 38.030337 ], [ -94.251841, 38.028524 ], [ -94.252633, 38.027266 ], [ -94.254335, 38.026668 ], [ -94.258057, 38.027219 ], [ -94.260702, 38.029445 ], [ -94.264375, 38.029831 ], [ -94.265493, 38.03048 ], [ -94.266219, 38.032267 ], [ -94.267639, 38.034659 ], [ -94.268968, 38.034892 ], [ -94.270683, 38.034345 ], [ -94.26939, 38.030614 ], [ -94.27066, 38.029454 ], [ -94.274044, 38.030359 ], [ -94.278999, 38.030964 ], [ -94.279755, 38.030118 ], [ -94.276323, 38.028339 ], [ -94.276139, 38.027354 ], [ -94.27833, 38.0261 ], [ -94.282053, 38.025299 ], [ -94.286447, 38.023323 ], [ -94.288575, 38.020854 ], [ -94.292351, 38.018694 ], [ -94.292141, 38.015835 ], [ -94.289922, 38.014341 ], [ -94.28797, 38.01517 ], [ -94.283249, 38.014462 ], [ -94.282593, 38.013999 ], [ -94.282435, 38.013844 ], [ -94.281785, 38.012121 ], [ -94.281664, 38.01137 ], [ -94.281722, 38.010871 ], [ -94.281914, 38.010552 ], [ -94.282784, 38.010024 ], [ -94.285495, 38.010852 ], [ -94.287738, 38.013311 ], [ -94.288891, 38.013149 ], [ -94.292361, 38.010306 ], [ -94.291751, 38.008943 ], [ -94.291065, 38.008682 ], [ -94.288443, 38.008681 ], [ -94.286087, 38.007149 ], [ -94.285877, 38.004296 ], [ -94.286003, 38.004298 ], [ -94.286136, 38.00374 ], [ -94.286324, 38.003399 ], [ -94.286789, 38.00307 ], [ -94.287386, 38.002987 ], [ -94.287837, 38.003015 ], [ -94.288698, 38.003345 ], [ -94.28908, 38.003642 ], [ -94.289617, 38.004346 ], [ -94.290042, 38.004352 ], [ -94.291405, 38.006042 ], [ -94.292661, 38.007916 ], [ -94.293557, 38.008279 ], [ -94.294348, 38.007537 ], [ -94.294627, 38.005543 ], [ -94.295414, 38.004425 ], [ -94.295858, 38.004431 ], [ -94.296564, 38.002945 ], [ -94.297397, 38.002286 ], [ -94.298737, 38.001819 ], [ -94.299904, 38.0016 ], [ -94.300903, 38.001682 ], [ -94.301424, 38.00221 ], [ -94.301965, 38.003325 ], [ -94.302844, 38.004525 ], [ -94.303212, 38.00453 ], [ -94.30477, 38.006072 ], [ -94.306228, 38.006962 ], [ -94.307602, 38.007467 ], [ -94.309102, 38.007627 ], [ -94.310025, 38.007467 ], [ -94.311567, 38.006528 ], [ -94.311796, 38.005534 ], [ -94.313233, 38.004625 ], [ -94.314829, 38.004637 ], [ -94.315843, 38.005347 ], [ -94.316614, 38.006687 ], [ -94.317287, 38.007138 ], [ -94.318384, 38.007028 ], [ -94.319155, 38.006462 ], [ -94.319231, 38.005907 ], [ -94.318808, 38.005303 ], [ -94.317935, 38.004799 ], [ -94.316301, 38.003529 ], [ -94.315767, 38.002227 ], [ -94.316079, 38.000914 ], [ -94.318644, 37.999067 ], [ -94.319928, 37.997254 ], [ -94.319816, 37.999574 ], [ -94.322445, 38.00009 ], [ -94.324419, 37.998561 ], [ -94.326273, 37.999407 ], [ -94.326971, 38.001155 ], [ -94.328602, 38.000034 ], [ -94.329561, 38.000116 ], [ -94.330464, 38.002182 ], [ -94.334663, 38.001747 ], [ -94.333517, 38.000209 ], [ -94.334055, 37.998686 ], [ -94.335408, 37.998235 ], [ -94.337505, 37.99908 ], [ -94.340004, 37.998294 ], [ -94.342857, 37.999617 ], [ -94.343792, 38.00102 ], [ -94.345141, 37.999419 ], [ -94.348889, 37.998374 ], [ -94.350015, 37.999522 ], [ -94.349721, 38.000837 ], [ -94.351117, 38.003045 ], [ -94.351936, 38.003391 ], [ -94.355637, 38.003285 ], [ -94.354573, 38.001434 ], [ -94.356158, 37.999355 ], [ -94.359732, 37.997035 ], [ -94.361939, 37.996298 ], [ -94.364381, 37.994633 ], [ -94.367268, 37.993933 ], [ -94.36915, 37.994404 ], [ -94.372529, 37.993354 ], [ -94.372986, 37.992354 ], [ -94.370431, 37.991493 ], [ -94.370472, 37.990021 ], [ -94.372198, 37.987839 ], [ -94.37403, 37.987261 ], [ -94.376901, 37.988626 ], [ -94.379004, 37.988605 ], [ -94.380961, 37.989474 ], [ -94.380206, 37.988034 ], [ -94.380922, 37.986189 ], [ -94.383433, 37.987607 ], [ -94.388319, 37.988955 ], [ -94.388569, 37.98812 ], [ -94.38689, 37.987317 ], [ -94.386523, 37.986252 ], [ -94.388495, 37.984582 ], [ -94.392726, 37.986032 ], [ -94.396184, 37.987821 ], [ -94.397086, 37.987343 ], [ -94.397809, 37.985525 ], [ -94.396713, 37.98425 ], [ -94.397859, 37.982932 ], [ -94.40017, 37.98284 ], [ -94.402987, 37.983412 ], [ -94.405778, 37.983066 ], [ -94.408373, 37.983353 ], [ -94.409817, 37.982348 ], [ -94.40877, 37.980628 ], [ -94.40659, 37.981347 ], [ -94.405619, 37.980506 ], [ -94.405419, 37.978128 ], [ -94.407001, 37.976936 ], [ -94.408507, 37.977008 ], [ -94.412102, 37.978151 ], [ -94.41739, 37.976515 ], [ -94.419888, 37.976955 ], [ -94.421484, 37.978406 ], [ -94.425829, 37.979444 ], [ -94.430048, 37.978423 ], [ -94.430291, 37.977055 ], [ -94.435725, 37.975704 ], [ -94.436412, 37.974951 ], [ -94.438029, 37.97744 ], [ -94.439715, 37.976808 ], [ -94.441235, 37.977873 ], [ -94.448653, 37.975203 ], [ -94.448256, 37.982635 ], [ -94.452645, 37.980861 ], [ -94.454998, 37.9808 ], [ -94.455088, 37.982096 ], [ -94.456976, 37.982414 ], [ -94.459176, 37.980914 ], [ -94.460959, 37.981656 ], [ -94.462902, 37.980831 ], [ -94.462617, 37.978947 ], [ -94.464005, 37.978282 ], [ -94.465783, 37.981039 ], [ -94.469155, 37.980813 ], [ -94.470523, 37.981889 ], [ -94.473105, 37.982432 ], [ -94.475944, 37.982503 ], [ -94.476909, 37.983607 ], [ -94.478936, 37.983924 ], [ -94.479156, 37.981282 ], [ -94.482873, 37.97715 ], [ -94.483441, 37.975364 ], [ -94.484892, 37.976259 ], [ -94.483707, 37.978094 ], [ -94.485331, 37.978731 ], [ -94.487517, 37.978087 ], [ -94.489474, 37.978691 ], [ -94.49035, 37.980245 ], [ -94.49173, 37.979706 ], [ -94.491375, 37.978063 ], [ -94.492784, 37.977876 ], [ -94.493791, 37.979348 ], [ -94.495374, 37.980022 ], [ -94.497393, 37.979774 ], [ -94.498339, 37.981532 ], [ -94.499947, 37.980179 ], [ -94.503047, 37.981048 ], [ -94.502894, 37.985147 ], [ -94.484902, 37.984807 ], [ -94.484196, 37.999291 ], [ -94.502209, 37.999626 ], [ -94.500105, 38.043136 ], [ -94.499236, 38.057468 ], [ -94.502016, 38.057491 ], [ -94.517752, 38.058065 ], [ -94.55478, 38.058894 ], [ -94.554221, 38.073408 ], [ -94.535715, 38.073 ], [ -94.534168, 38.102003 ], [ -94.552664, 38.102445 ], [ -94.552022, 38.116662 ], [ -94.561126, 38.116856 ], [ -94.559785, 38.144199 ], [ -94.559517, 38.144933 ], [ -94.558066, 38.145713 ], [ -94.536644, 38.145218 ], [ -94.536076, 38.147798 ], [ -94.536557, 38.149981 ], [ -94.535921, 38.152202 ], [ -94.536561, 38.153314 ], [ -94.534782, 38.156362 ], [ -94.532236, 38.159343 ], [ -94.531324, 38.159577 ], [ -94.531433, 38.160876 ], [ -94.530764, 38.174008 ], [ -94.587839, 38.175323 ], [ -94.58695, 38.184586 ] ], [ [ -94.513503, 38.144633 ], [ -94.497354, 38.144196 ], [ -94.495038, 38.144304 ], [ -94.494307, 38.165925 ], [ -94.503327, 38.166064 ], [ -94.502868, 38.17327 ], [ -94.509903, 38.173452 ], [ -94.510394, 38.161623 ], [ -94.510448, 38.160532 ], [ -94.510736, 38.159001 ], [ -94.512799, 38.158693 ], [ -94.513503, 38.144633 ] ], [ [ -94.447665, 37.994775 ], [ -94.438472, 37.994531 ], [ -94.4383, 37.998247 ], [ -94.447488, 37.998437 ], [ -94.447665, 37.994775 ] ] ] ] } },
{ "type": "Feature", "properties": { "ZCTA5CE20": "64125", "AFFGEOID20": "860Z200US64125", "GEOID20": "64125", "NAME20": "64125", "LSAD20": "Z5", "ALAND20": 3977201.0, "AWATER20": 83720.0, "price_2012": 14473.854957870171, "price_2026": 86923.695314188837, "log_change": 1.7926867529338164, "pct_change": 5.0055662825972975, "dollar_change": 72449.840356318658, "mci": 28904.89935, "plaza": 11059.83154, "pnl": 7580.493173, "legends": 29223.40677, "lees_summit": 23271.32871, "cbd": 9320.1623564999991, "log_population": 7.8127828185775812, "median_income": 41983.0, "poverty_rate": 0.30784789644012944, "bachelors_only": 0.027124773960216998, "college_plus": 0.082278481012658222, "no_college": 0.91772151898734178 }, "geometry": { "type": "MultiPolygon", "coordinates": [ [ [ [ -94.518438, 39.101438 ], [ -94.513021, 39.104986 ], [ -94.504962, 39.108852 ], [ -94.499836, 39.110201 ], [ -94.499617, 39.113595 ], [ -94.496733, 39.115858 ], [ -94.491759, 39.118095 ], [ -94.489418, 39.118706 ], [ -94.4886, 39.117935 ], [ -94.486679, 39.115617 ], [ -94.485856, 39.113388 ], [ -94.485796, 39.111297 ], [ -94.481363, 39.111249 ], [ -94.4815, 39.108042 ], [ -94.479646, 39.10849 ], [ -94.479716, 39.107698 ], [ -94.479863, 39.10654 ], [ -94.480023, 39.105777 ], [ -94.479207, 39.10571 ], [ -94.47886, 39.104883 ], [ -94.477576, 39.103764 ], [ -94.476383, 39.101567 ], [ -94.476936, 39.099324 ], [ -94.477813, 39.099297 ], [ -94.486729, 39.099655 ], [ -94.486948, 39.092816 ], [ -94.487092, 39.092831 ], [ -94.487558, 39.092879 ], [ -94.487883, 39.095864 ], [ -94.488165, 39.095934 ], [ -94.490108, 39.096501 ], [ -94.488822, 39.098097 ], [ -94.489347, 39.100372 ], [ -94.489901, 39.100396 ], [ -94.489984, 39.101101 ], [ -94.490618, 39.101884 ], [ -94.491555, 39.102359 ], [ -94.492089, 39.102537 ], [ -94.493869, 39.102364 ], [ -94.493972, 39.100571 ], [ -94.502967, 39.100976 ], [ -94.504528, 39.101018 ], [ -94.504713, 39.100355 ], [ -94.507546, 39.100617 ], [ -94.511385, 39.101184 ], [ -94.514419, 39.101285 ], [ -94.514454, 39.101287 ], [ -94.515866, 39.100885 ], [ -94.518438, 39.101438 ] ] ] ] } },
{ "type": "Feature", "properties": { "ZCTA5CE20": "64079", "AFFGEOID20": "860Z200US64079", "GEOID20": "64079", "NAME20": "64079", "LSAD20": "Z5", "ALAND20": 245611093.0, "AWATER20": 4072226.0, "price_2012": 181946.04105232624, "price_2026": 400422.35002977127, "log_change": 0.78880969975428883, "pct_change": 1.2007752832314333, "dollar_change": 218476.30897744503, "mci": 9535.693643000001, "plaza": 39600.48645, "pnl": 34549.50315, "legends": 26721.85894, "lees_summit": 60997.68149, "cbd": 37074.9948, "log_population": 9.626415659196363, "median_income": 99161.0, "poverty_rate": 0.072562205783456624, "bachelors_only": 0.26231956197112993, "college_plus": 0.43195619711299155, "no_college": 0.56804380288700851 }, "geometry": { "type": "MultiPolygon", "coordinates": [ [ [ [ -94.910164172174305, 39.351550531234999 ], [ -94.910017, 39.352543 ], [ -94.909409, 39.354255 ], [ -94.907297, 39.356735 ], [ -94.902497, 39.360383 ], [ -94.902090442121903, 39.360622743891298 ], [ -94.899024, 39.362431 ], [ -94.896832, 39.363135 ], [ -94.890928, 39.364031 ], [ -94.885216, 39.366911 ], [ -94.88136, 39.370383 ], [ -94.875489, 39.370228 ], [ -94.871328, 39.371156 ], [ -94.867123, 39.37259 ], [ -94.867093, 39.374214 ], [ -94.869699, 39.377464 ], [ -94.867213, 39.378356 ], [ -94.868811, 39.379898 ], [ -94.867373, 39.381976 ], [ -94.867064, 39.382182 ], [ -94.866585, 39.382258 ], [ -94.866161, 39.382238 ], [ -94.865672, 39.382101 ], [ -94.865156, 39.381887 ], [ -94.864882, 39.38184 ], [ -94.86472, 39.381737 ], [ -94.862199, 39.380188 ], [ -94.859772, 39.38181 ], [ -94.85868, 39.381772 ], [ -94.860525, 39.379956 ], [ -94.857918, 39.378693 ], [ -94.855851, 39.378855 ], [ -94.854145, 39.378332 ], [ -94.853044, 39.379619 ], [ -94.850584, 39.378298 ], [ -94.847903, 39.381198 ], [ -94.847965, 39.382007 ], [ -94.844609, 39.382205 ], [ -94.843197, 39.381995 ], [ -94.843108, 39.38542 ], [ -94.840235, 39.386719 ], [ -94.837376, 39.386619 ], [ -94.838946, 39.388935 ], [ -94.837872, 39.389873 ], [ -94.838575, 39.39168 ], [ -94.837905, 39.392776 ], [ -94.835897, 39.392397 ], [ -94.835872, 39.393222 ], [ -94.837578, 39.393558 ], [ -94.836972, 39.395941 ], [ -94.835851, 39.395684 ], [ -94.834035, 39.396902 ], [ -94.833314, 39.398238 ], [ -94.832093, 39.397454 ], [ -94.830127, 39.398193 ], [ -94.831411, 39.3993 ], [ -94.8328, 39.398724 ], [ -94.834945, 39.400208 ], [ -94.831993, 39.401481 ], [ -94.834499, 39.403498 ], [ -94.832027, 39.407373 ], [ -94.830763, 39.408068 ], [ -94.831902, 39.410173 ], [ -94.829754, 39.410433 ], [ -94.830867, 39.411941 ], [ -94.827242, 39.412027 ], [ -94.827548, 39.413799 ], [ -94.82645, 39.414997 ], [ -94.825384, 39.413313 ], [ -94.82295, 39.414683 ], [ -94.82257, 39.41598 ], [ -94.819665, 39.418846 ], [ -94.821277, 39.419798 ], [ -94.819892, 39.421496 ], [ -94.821648, 39.421846 ], [ -94.820566, 39.424481 ], [ -94.82313, 39.424415 ], [ -94.820703, 39.425667 ], [ -94.818222, 39.425718 ], [ -94.818222, 39.430004 ], [ -94.816345, 39.42914 ], [ -94.816476, 39.430738 ], [ -94.818285, 39.432219 ], [ -94.814408, 39.433305 ], [ -94.81376, 39.435738 ], [ -94.815517, 39.435391 ], [ -94.81668, 39.436228 ], [ -94.81621, 39.437524 ], [ -94.814201, 39.437711 ], [ -94.814247, 39.438797 ], [ -94.812177, 39.440356 ], [ -94.814291, 39.440469 ], [ -94.816031, 39.441841 ], [ -94.81307, 39.443902 ], [ -94.812459, 39.447444 ], [ -94.821808, 39.447484 ], [ -94.821978, 39.450034 ], [ -94.821977, 39.451859 ], [ -94.821906, 39.452142 ], [ -94.821696, 39.45247 ], [ -94.82163, 39.452655 ], [ -94.821673, 39.452868 ], [ -94.821902, 39.453277 ], [ -94.820196, 39.454621 ], [ -94.82028, 39.460743 ], [ -94.817257, 39.460764 ], [ -94.817283, 39.469186 ], [ -94.817336, 39.476937 ], [ -94.814202, 39.476916 ], [ -94.814251, 39.479702 ], [ -94.812023, 39.479178 ], [ -94.812528, 39.481939 ], [ -94.81029, 39.481488 ], [ -94.81073, 39.483764 ], [ -94.808775, 39.482921 ], [ -94.808162, 39.48374 ], [ -94.80968, 39.484467 ], [ -94.80842, 39.485062 ], [ -94.80843, 39.486649 ], [ -94.805626, 39.489978 ], [ -94.805709, 39.492764 ], [ -94.804197, 39.493277 ], [ -94.80531, 39.494362 ], [ -94.804137, 39.495909 ], [ -94.804369, 39.497789 ], [ -94.801528, 39.497423 ], [ -94.799982, 39.49982 ], [ -94.798434, 39.499317 ], [ -94.798111, 39.498482 ], [ -94.795621, 39.498508 ], [ -94.786376, 39.498551 ], [ -94.7863, 39.495186 ], [ -94.787662, 39.471335 ], [ -94.788758, 39.451095 ], [ -94.785644, 39.451019 ], [ -94.779675, 39.451681 ], [ -94.779751, 39.440385 ], [ -94.770592, 39.440484 ], [ -94.770592, 39.426602 ], [ -94.752057, 39.426651 ], [ -94.750937, 39.424932 ], [ -94.730003, 39.40571 ], [ -94.729383, 39.405013 ], [ -94.722697, 39.404985 ], [ -94.722774, 39.411478 ], [ -94.720963, 39.412208 ], [ -94.713824, 39.412213 ], [ -94.713323, 39.412425 ], [ -94.713174, 39.415235 ], [ -94.713201, 39.426853 ], [ -94.686834, 39.426933 ], [ -94.687928, 39.425281 ], [ -94.687612, 39.424853 ], [ -94.685945, 39.425057 ], [ -94.68488, 39.427332 ], [ -94.681989, 39.428331 ], [ -94.681489, 39.426686 ], [ -94.682881, 39.423522 ], [ -94.684586, 39.422187 ], [ -94.687679, 39.421818 ], [ -94.689858, 39.422253 ], [ -94.689913, 39.417006 ], [ -94.678487, 39.416798 ], [ -94.678537, 39.413739 ], [ -94.677756, 39.412253 ], [ -94.672376, 39.412218 ], [ -94.669996, 39.410573 ], [ -94.668716, 39.410339 ], [ -94.66623, 39.407484 ], [ -94.658371, 39.406824 ], [ -94.658556, 39.406236 ], [ -94.659819, 39.40453 ], [ -94.661904, 39.403489 ], [ -94.662041, 39.395316 ], [ -94.662435, 39.394496 ], [ -94.666294, 39.393881 ], [ -94.666725, 39.390501 ], [ -94.671434, 39.390562 ], [ -94.671463, 39.38582 ], [ -94.676206, 39.385844 ], [ -94.675998, 39.375964 ], [ -94.676124, 39.368816 ], [ -94.663981, 39.368796 ], [ -94.658015, 39.369215 ], [ -94.656149, 39.369653 ], [ -94.65546, 39.368054 ], [ -94.657738, 39.366346 ], [ -94.657527, 39.362294 ], [ -94.656825, 39.361266 ], [ -94.657878, 39.360911 ], [ -94.660316, 39.358446 ], [ -94.661965, 39.354 ], [ -94.661978, 39.354747 ], [ -94.667604, 39.354757 ], [ -94.666958, 39.354098 ], [ -94.668372, 39.353689 ], [ -94.670121, 39.352642 ], [ -94.672487, 39.352948 ], [ -94.675236, 39.354472 ], [ -94.678754, 39.354393 ], [ -94.678664, 39.354818 ], [ -94.687565, 39.354855 ], [ -94.689554, 39.354394 ], [ -94.694858, 39.354391 ], [ -94.719123, 39.354239 ], [ -94.725024, 39.353304 ], [ -94.72769, 39.353302 ], [ -94.732869, 39.354187 ], [ -94.73294, 39.349877 ], [ -94.732959, 39.343857 ], [ -94.73298, 39.340622 ], [ -94.732949, 39.339524 ], [ -94.732955, 39.338954 ], [ -94.733303, 39.337767 ], [ -94.735436, 39.339022 ], [ -94.738397, 39.3397 ], [ -94.742344, 39.339643 ], [ -94.743113, 39.339639 ], [ -94.747507, 39.339623 ], [ -94.750695, 39.339079 ], [ -94.751651, 39.339162 ], [ -94.752037, 39.339197 ], [ -94.752358, 39.338096 ], [ -94.757409, 39.313317 ], [ -94.757105, 39.310605 ], [ -94.755444, 39.310609 ], [ -94.754846, 39.310608 ], [ -94.754798, 39.310324 ], [ -94.752245, 39.310614 ], [ -94.75178, 39.310615 ], [ -94.742417, 39.310684 ], [ -94.733025, 39.31074 ], [ -94.733054, 39.300898 ], [ -94.73985, 39.300797 ], [ -94.739946, 39.296196 ], [ -94.751779, 39.296136 ], [ -94.763225, 39.296219 ], [ -94.764049, 39.296221 ], [ -94.764352, 39.296226 ], [ -94.76641, 39.289115 ], [ -94.766429, 39.286368 ], [ -94.765645, 39.283079 ], [ -94.762264, 39.274238 ], [ -94.779498, 39.274157 ], [ -94.77955, 39.267134 ], [ -94.780209, 39.267196 ], [ -94.798112, 39.267102 ], [ -94.797934, 39.280526 ], [ -94.798526, 39.282567 ], [ -94.797983, 39.284099 ], [ -94.799981, 39.285724 ], [ -94.804107, 39.286978 ], [ -94.805183, 39.28792 ], [ -94.80789, 39.287661 ], [ -94.810112, 39.288191 ], [ -94.812769, 39.291123 ], [ -94.815517, 39.295543 ], [ -94.816193, 39.296241 ], [ -94.810998, 39.296235 ], [ -94.808904, 39.297398 ], [ -94.807248, 39.299086 ], [ -94.805143, 39.302086 ], [ -94.800934, 39.30523 ], [ -94.799566, 39.306765 ], [ -94.80103, 39.307435 ], [ -94.80469, 39.30579 ], [ -94.808095, 39.306801 ], [ -94.810329, 39.308381 ], [ -94.812064, 39.310471 ], [ -94.813265, 39.311615 ], [ -94.813165, 39.312314 ], [ -94.812355, 39.31279 ], [ -94.807915, 39.314227 ], [ -94.806504, 39.315956 ], [ -94.806831, 39.31782 ], [ -94.811583, 39.318663 ], [ -94.815015, 39.317957 ], [ -94.817027, 39.318502 ], [ -94.817879, 39.319814 ], [ -94.822069, 39.319688 ], [ -94.825682, 39.318355 ], [ -94.82575, 39.307308 ], [ -94.822116, 39.307069 ], [ -94.820294, 39.305721 ], [ -94.818815, 39.305462 ], [ -94.817725, 39.304258 ], [ -94.816563, 39.304261 ], [ -94.816357, 39.298944 ], [ -94.816706, 39.295756 ], [ -94.83514, 39.29592 ], [ -94.839745, 39.295412 ], [ -94.839784, 39.288984 ], [ -94.837251, 39.284503 ], [ -94.834923, 39.281271 ], [ -94.834234, 39.280276 ], [ -94.833908, 39.279906 ], [ -94.831242, 39.277548 ], [ -94.827839, 39.2746 ], [ -94.827014, 39.273887 ], [ -94.828628, 39.272332 ], [ -94.83551, 39.269493 ], [ -94.837017, 39.268583 ], [ -94.837741, 39.266864 ], [ -94.837375, 39.262881 ], [ -94.837855, 39.262417 ], [ -94.84632, 39.268481 ], [ -94.8506188963092, 39.270617653820402 ], [ -94.857072, 39.273825 ], [ -94.857771536318694, 39.274092657951201 ], [ -94.867568, 39.277841 ], [ -94.87832, 39.281136 ], [ -94.882576, 39.283328 ], [ -94.887056, 39.28648 ], [ -94.889504464687207, 39.288798555949299 ], [ -94.889935301279294, 39.289206533548104 ], [ -94.895217, 39.294208 ], [ -94.900049, 39.300192 ], [ -94.900724488062707, 39.301521976496403 ], [ -94.900864315537106, 39.301797284477203 ], [ -94.901205232018896, 39.302468519000897 ], [ -94.903137, 39.306272 ], [ -94.905329, 39.311952 ], [ -94.905983679819101, 39.314754249766501 ], [ -94.906602335001693, 39.317402301975498 ], [ -94.908065, 39.323663 ], [ -94.908216615631403, 39.325115119898399 ], [ -94.908698072809699, 39.329726343307797 ], [ -94.909804985649401, 39.340327955722799 ], [ -94.910641, 39.348335 ], [ -94.910164172174305, 39.351550531234999 ] ] ] ] } },
{ "type": "Feature", "properties": { "ZCTA5CE20": "66209", "AFFGEOID20": "860Z200US66209", "GEOID20": "66209", "NAME20": "66209", "LSAD20": "Z5", "ALAND20": 16710701.0, "AWATER20": 48408.0, "price_2012": 330920.17390324775, "price_2026": 688780.17895407265, "log_change": 0.73304499666408418, "pct_change": 1.0814088510525612, "dollar_change": 357860.0050508249, "mci": 45096.08578, "plaza": 16434.77543, "pnl": 22761.98502, "legends": 30081.76172, "lees_summit": 22081.50527, "cbd": 19598.380225000001, "log_population": 9.9239272317735843, "median_income": 143393.0, "poverty_rate": 0.04227812718378756, "bachelors_only": 0.37584391034296516, "college_plus": 0.71874156089657038, "no_college": 0.28125843910342962 }, "geometry": { "type": "MultiPolygon", "coordinates": [ [ [ [ -94.667809, 38.888686 ], [ -94.667793, 38.895573 ], [ -94.667781, 38.898363 ], [ -94.667768, 38.905649 ], [ -94.667739, 38.912866 ], [ -94.66303, 38.912844 ], [ -94.658257, 38.912967 ], [ -94.649113, 38.912931 ], [ -94.649092, 38.91406 ], [ -94.647608, 38.915223 ], [ -94.639808, 38.914716 ], [ -94.639822, 38.913796 ], [ -94.636768, 38.914274 ], [ -94.635088, 38.913717 ], [ -94.635182, 38.912909 ], [ -94.630576, 38.912907 ], [ -94.625347, 38.912921 ], [ -94.608002819766796, 38.912924340284299 ], [ -94.608006168026705, 38.909694 ], [ -94.608009274390596, 38.906697036562001 ], [ -94.608010380116397, 38.9056302524437 ], [ -94.608017594407102, 38.898670035857201 ], [ -94.608022124029802, 38.894299938269803 ], [ -94.608022416294205, 38.894017966913196 ], [ -94.6080256044729, 38.890942070072299 ], [ -94.608027991308703, 38.888639294334702 ], [ -94.608032984062305, 38.883822376370603 ], [ -94.625935, 38.883774 ], [ -94.625894, 38.884653 ], [ -94.628923, 38.884682 ], [ -94.628934, 38.883768 ], [ -94.63056, 38.883774 ], [ -94.639844, 38.883736 ], [ -94.639853, 38.885941 ], [ -94.644523, 38.885926 ], [ -94.644538, 38.88374 ], [ -94.646858, 38.883739 ], [ -94.64922, 38.883736 ], [ -94.658498, 38.883743 ], [ -94.66315, 38.88374 ], [ -94.663172, 38.886226 ], [ -94.664911, 38.886287 ], [ -94.667802, 38.886639 ], [ -94.667809, 38.888686 ] ] ] ] } },
{ "type": "Feature", "properties": { "ZCTA5CE20": "66219", "AFFGEOID20": "860Z200US66219", "GEOID20": "66219", "NAME20": "66219", "LSAD20": "Z5", "ALAND20": 21444618.0, "AWATER20": 176108.0, "price_2012": 216388.57446502941, "price_2026": 467841.35241631832, "log_change": 0.771053500526234, "pct_change": 1.1620427676135288, "dollar_change": 251452.77795128891, "mci": 39083.44534, "plaza": 19045.32243, "pnl": 23660.45636, "legends": 19699.60455, "lees_summit": 34397.72666, "cbd": 21352.889394999998, "log_population": 9.5118513823644051, "median_income": 94124.0, "poverty_rate": 0.040757452474295436, "bachelors_only": 0.35293517100561511, "college_plus": 0.55119959162838184, "no_college": 0.44880040837161816 }, "geometry": { "type": "MultiPolygon", "coordinates": [ [ [ [ -94.807392, 38.941663 ], [ -94.806734, 38.94275 ], [ -94.801228, 38.948507 ], [ -94.800207, 38.950633 ], [ -94.800037, 38.9531 ], [ -94.801063, 38.955831 ], [ -94.800361, 38.95583 ], [ -94.797376, 38.955824 ], [ -94.797313, 38.970997 ], [ -94.7973, 38.974113 ], [ -94.797298, 38.974488 ], [ -94.793601, 38.974537 ], [ -94.793601, 38.978164 ], [ -94.784333, 38.978246 ], [ -94.784312, 38.980059 ], [ -94.779755, 38.980091 ], [ -94.77976, 38.98335 ], [ -94.779727, 38.985571 ], [ -94.778363, 38.985564 ], [ -94.775962, 38.985566 ], [ -94.770414, 38.985575 ], [ -94.76956, 38.98558 ], [ -94.761094, 38.985592 ], [ -94.761062, 38.978477 ], [ -94.761037, 38.978302 ], [ -94.76098, 38.971053 ], [ -94.760916, 38.963367 ], [ -94.760893, 38.956994 ], [ -94.760897, 38.956448 ], [ -94.760889, 38.954599 ], [ -94.759138, 38.954582 ], [ -94.758532, 38.949177 ], [ -94.760861, 38.949158 ], [ -94.760823, 38.941727 ], [ -94.760818, 38.934667 ], [ -94.760766, 38.926001 ], [ -94.760262, 38.925504 ], [ -94.764918, 38.920063 ], [ -94.764142, 38.920065 ], [ -94.76797, 38.915961 ], [ -94.769814, 38.914798 ], [ -94.770564, 38.91529 ], [ -94.770255, 38.915532 ], [ -94.770839, 38.916436 ], [ -94.779553, 38.916476 ], [ -94.779552, 38.916864 ], [ -94.780997, 38.916464 ], [ -94.788882, 38.916404 ], [ -94.788776, 38.927309 ], [ -94.793465, 38.927272 ], [ -94.793417, 38.934544 ], [ -94.784096, 38.934619 ], [ -94.784094, 38.938257 ], [ -94.788763, 38.938219 ], [ -94.788781, 38.941494 ], [ -94.791724, 38.941371 ], [ -94.797477, 38.941389 ], [ -94.806754, 38.941642 ], [ -94.807392, 38.941663 ] ] ] ] } },
{ "type": "Feature", "properties": { "ZCTA5CE20": "64085", "AFFGEOID20": "860Z200US64085", "GEOID20": "64085", "NAME20": "64085", "LSAD20": "Z5", "ALAND20": 415424794.0, "AWATER20": 1758205.0, "price_2012": 59980.543411277213, "price_2026": 237305.80394551103, "log_change": 1.3753293882499591, "pct_change": 2.9563796933005797, "dollar_change": 177325.26053423382, "mci": 66193.60025, "plaza": 64327.47749, "pnl": 60505.29649, "legends": 79585.86627, "lees_summit": 60035.502, "cbd": 62416.38699, "log_population": 8.9689055506897208, "median_income": 64096.0, "poverty_rate": 0.14811455228715822, "bachelors_only": 0.10665514261019879, "college_plus": 0.15903197925669835, "no_college": 0.84096802074330168 }, "geometry": { "type": "MultiPolygon", "coordinates": [ [ [ [ -94.099422, 39.24927 ], [ -94.099849, 39.253302 ], [ -94.100586, 39.254446 ], [ -94.099734, 39.256689 ], [ -94.098615, 39.257765 ], [ -94.099, 39.26042 ], [ -94.098176, 39.261702 ], [ -94.099501, 39.263029 ], [ -94.097738, 39.264689 ], [ -94.096146, 39.266257 ], [ -94.09438, 39.266463 ], [ -94.092026, 39.269805 ], [ -94.094353, 39.271979 ], [ -94.096797, 39.273465 ], [ -94.097093, 39.275845 ], [ -94.098153, 39.276349 ], [ -94.097595, 39.279142 ], [ -94.097213, 39.281637 ], [ -94.093357, 39.284681 ], [ -94.092175, 39.286024 ], [ -94.092165, 39.289185 ], [ -94.089903, 39.289614 ], [ -94.07644, 39.289564 ], [ -94.079443, 39.291676 ], [ -94.079456, 39.293148 ], [ -94.071727, 39.293111 ], [ -94.071671, 39.297683 ], [ -94.073483, 39.299286 ], [ -94.074042, 39.303291 ], [ -94.072982, 39.304115 ], [ -94.07469, 39.304526 ], [ -94.072081, 39.304746 ], [ -94.071813, 39.30472 ], [ -94.071791, 39.307466 ], [ -94.071753, 39.307738 ], [ -94.071728, 39.312348 ], [ -94.070688, 39.314457 ], [ -94.071584, 39.315243 ], [ -94.071648, 39.3207 ], [ -94.073939, 39.322233 ], [ -94.074509, 39.324133 ], [ -94.076014, 39.324018 ], [ -94.076814, 39.32601 ], [ -94.081041, 39.325991 ], [ -94.081044, 39.328438 ], [ -94.077582, 39.327595 ], [ -94.073752, 39.328305 ], [ -94.071807, 39.326658 ], [ -94.069803, 39.326728 ], [ -94.068302, 39.325126 ], [ -94.067873, 39.328788 ], [ -94.066965, 39.329388 ], [ -94.066968, 39.3312 ], [ -94.062263, 39.331092 ], [ -94.06225, 39.340207 ], [ -94.062214, 39.343745 ], [ -94.061479, 39.343731 ], [ -94.048274, 39.343392 ], [ -94.048249, 39.348205 ], [ -94.046044, 39.347324 ], [ -94.043393, 39.349839 ], [ -94.041239, 39.350918 ], [ -94.021069, 39.350512 ], [ -94.021249, 39.369498 ], [ -94.02117, 39.379755 ], [ -94.002639, 39.379381 ], [ -94.002893, 39.401285 ], [ -94.002598, 39.401293 ], [ -94.002653, 39.408613 ], [ -93.985918, 39.408229 ], [ -93.985397, 39.40797 ], [ -93.985049, 39.408498 ], [ -93.985611, 39.428603 ], [ -93.985271, 39.429471 ], [ -93.982761, 39.430333 ], [ -93.980053, 39.430575 ], [ -93.980204, 39.434801 ], [ -93.980838, 39.436571 ], [ -93.980346, 39.437757 ], [ -93.980212, 39.444747 ], [ -93.975293, 39.444802 ], [ -93.975129, 39.448504 ], [ -93.974958, 39.448724 ], [ -93.973912, 39.449292 ], [ -93.973733, 39.449466 ], [ -93.973418, 39.450625 ], [ -93.973278, 39.450945 ], [ -93.973445, 39.451861 ], [ -93.973735, 39.452459 ], [ -93.974228, 39.453197 ], [ -93.970622, 39.455322 ], [ -93.966562, 39.455597 ], [ -93.964173, 39.456338 ], [ -93.961906, 39.456207 ], [ -93.960114, 39.459965 ], [ -93.960704, 39.460843 ], [ -93.960668, 39.470395 ], [ -93.957868, 39.47092 ], [ -93.95782, 39.483932 ], [ -93.956583, 39.482087 ], [ -93.951857, 39.480425 ], [ -93.94812, 39.477213 ], [ -93.947778, 39.475627 ], [ -93.946689, 39.474602 ], [ -93.944671, 39.474533 ], [ -93.908402, 39.47437 ], [ -93.908381, 39.466874 ], [ -93.907553, 39.464474 ], [ -93.908276, 39.462369 ], [ -93.904368, 39.457548 ], [ -93.908164, 39.455778 ], [ -93.908262, 39.452495 ], [ -93.884151, 39.452904 ], [ -93.884144, 39.454895 ], [ -93.876676, 39.455071 ], [ -93.874421, 39.456609 ], [ -93.87018, 39.456854 ], [ -93.869928, 39.458248 ], [ -93.870426, 39.461999 ], [ -93.869915, 39.467618 ], [ -93.857315, 39.467707 ], [ -93.851897, 39.467953 ], [ -93.84909, 39.46777 ], [ -93.826587, 39.467524 ], [ -93.82474, 39.467672 ], [ -93.823789, 39.467521 ], [ -93.820947, 39.467512 ], [ -93.81477, 39.46746 ], [ -93.811914, 39.467394 ], [ -93.796336, 39.467122 ], [ -93.79622, 39.452649 ], [ -93.79623, 39.438133 ], [ -93.820976, 39.438675 ], [ -93.823426, 39.438077 ], [ -93.826358, 39.43791 ], [ -93.836281, 39.43852 ], [ -93.836593, 39.435414 ], [ -93.837881, 39.434679 ], [ -93.840125, 39.431195 ], [ -93.840998, 39.425867 ], [ -93.841825, 39.423938 ], [ -93.842393, 39.423945 ], [ -93.842705, 39.420569 ], [ -93.844968, 39.418845 ], [ -93.842269, 39.415602 ], [ -93.842251, 39.409549 ], [ -93.851363, 39.409671 ], [ -93.85719, 39.409458 ], [ -93.864847, 39.4098 ], [ -93.87066, 39.409968 ], [ -93.881518, 39.409656 ], [ -93.881156, 39.409026 ], [ -93.881343, 39.403551 ], [ -93.880088, 39.402574 ], [ -93.875466, 39.402544 ], [ -93.874961, 39.401731 ], [ -93.874892, 39.392993 ], [ -93.874274, 39.392013 ], [ -93.870822, 39.391894 ], [ -93.870217, 39.391364 ], [ -93.8703, 39.378851 ], [ -93.867182, 39.37739 ], [ -93.865864, 39.375258 ], [ -93.863244, 39.374118 ], [ -93.860842, 39.370258 ], [ -93.858899, 39.369872 ], [ -93.858707, 39.367353 ], [ -93.857937, 39.366278 ], [ -93.856172, 39.3661 ], [ -93.855346, 39.363695 ], [ -93.856292, 39.362503 ], [ -93.856317, 39.360658 ], [ -93.855651, 39.358537 ], [ -93.856701, 39.357218 ], [ -93.856924, 39.351901 ], [ -93.860577, 39.351872 ], [ -93.860717, 39.331618 ], [ -93.860535, 39.33097 ], [ -93.859192, 39.330408 ], [ -93.843428, 39.330465 ], [ -93.841884, 39.329637 ], [ -93.842061, 39.312454 ], [ -93.843021, 39.311096 ], [ -93.845996, 39.309241 ], [ -93.849973, 39.309354 ], [ -93.853536, 39.30814 ], [ -93.855154, 39.303699 ], [ -93.855241, 39.30061 ], [ -93.85356, 39.296468 ], [ -93.851379, 39.293356 ], [ -93.853763, 39.290769 ], [ -93.853378, 39.287908 ], [ -93.854261, 39.287038 ], [ -93.855233, 39.286809 ], [ -93.858414, 39.28857 ], [ -93.857149, 39.291363 ], [ -93.863544, 39.296029 ], [ -93.865693, 39.295547 ], [ -93.86708, 39.293941 ], [ -93.866756, 39.280411 ], [ -93.869234, 39.280373 ], [ -93.869242, 39.279874 ], [ -93.871546, 39.279897 ], [ -93.871539, 39.273735 ], [ -93.87145, 39.257498 ], [ -93.875962, 39.257994 ], [ -93.875998, 39.254661 ], [ -93.886817, 39.250451 ], [ -93.890202, 39.249134 ], [ -93.890579, 39.243116 ], [ -93.903435, 39.242721 ], [ -93.904096, 39.242727 ], [ -93.908876, 39.240965 ], [ -93.913526, 39.239252 ], [ -93.915578, 39.239904 ], [ -93.917567, 39.242536 ], [ -93.929542, 39.242439 ], [ -93.931852, 39.242774 ], [ -93.933855, 39.244169 ], [ -93.934369, 39.24472 ], [ -93.938947, 39.245465 ], [ -93.938691, 39.242387 ], [ -93.942053, 39.242362 ], [ -93.946032, 39.24229 ], [ -93.945671, 39.235344 ], [ -93.941245, 39.23533 ], [ -93.941211, 39.23058 ], [ -93.945859, 39.228911 ], [ -93.94586, 39.228454 ], [ -93.958884, 39.223874 ], [ -93.967823, 39.220687 ], [ -93.976932, 39.217273 ], [ -93.977271, 39.217753 ], [ -93.978371, 39.217031 ], [ -93.987525, 39.213737 ], [ -93.991172, 39.213812 ], [ -93.997777, 39.21288 ], [ -93.999352, 39.212377 ], [ -94.002665, 39.210315 ], [ -94.004845, 39.209909 ], [ -94.005425, 39.208872 ], [ -94.006432, 39.210791 ], [ -94.011232, 39.214183 ], [ -94.010624, 39.214984 ], [ -94.012224, 39.21604 ], [ -94.012352, 39.21716 ], [ -94.014784, 39.217832 ], [ -94.016608, 39.219976 ], [ -94.016624, 39.221672 ], [ -94.017759, 39.221496 ], [ -94.020447, 39.222792 ], [ -94.019871, 39.223496 ], [ -94.020991, 39.226008 ], [ -94.022399, 39.225736 ], [ -94.024351, 39.229224 ], [ -94.028413, 39.229498 ], [ -94.028761, 39.227607 ], [ -94.029614, 39.226989 ], [ -94.030651, 39.225718 ], [ -94.031136, 39.225535 ], [ -94.032229, 39.225427 ], [ -94.032581, 39.225638 ], [ -94.032697, 39.22708 ], [ -94.032775, 39.22728 ], [ -94.047759, 39.22757 ], [ -94.047885, 39.232174 ], [ -94.050147, 39.234375 ], [ -94.050974, 39.234831 ], [ -94.062636, 39.235018 ], [ -94.066956, 39.235116 ], [ -94.066878, 39.241068 ], [ -94.066812, 39.242343 ], [ -94.071461, 39.242673 ], [ -94.076531, 39.242292 ], [ -94.078273, 39.242572 ], [ -94.087313, 39.242601 ], [ -94.08848, 39.242274 ], [ -94.089059, 39.24246 ], [ -94.092021, 39.243315 ], [ -94.099463, 39.239768 ], [ -94.099326, 39.24119 ], [ -94.09811, 39.241254 ], [ -94.097374, 39.243398 ], [ -94.098878, 39.243878 ], [ -94.101182, 39.248582 ], [ -94.099422, 39.24927 ] ] ] ] } },
{ "type": "Feature", "properties": { "ZCTA5CE20": "66218", "AFFGEOID20": "860Z200US66218", "GEOID20": "66218", "NAME20": "66218", "LSAD20": "Z5", "ALAND20": 27147437.0, "AWATER20": 682628.0, "price_2012": 229434.49443374175, "price_2026": 485410.04413844092, "log_change": 0.74937642412171535, "pct_change": 1.1156803179768688, "dollar_change": 255975.54970469917, "mci": 33070.94444, "plaza": 19738.13424, "pnl": 22527.88076, "legends": 12437.71614, "lees_summit": 38997.65796, "cbd": 21133.0075, "log_population": 9.0847771490008373, "median_income": 168878.0, "poverty_rate": 0.020878248042664246, "bachelors_only": 0.38133476088508206, "college_plus": 0.57155603140613842, "no_college": 0.42844396859386158 }, "geometry": { "type": "MultiPolygon", "coordinates": [ [ [ [ -94.844045, 38.994373 ], [ -94.84208, 38.99466 ], [ -94.841943, 38.999086 ], [ -94.839506, 38.999193 ], [ -94.839452, 38.999876 ], [ -94.83946, 39.008082 ], [ -94.839219, 39.016414 ], [ -94.839432, 39.017908 ], [ -94.839443, 39.024331 ], [ -94.839445, 39.028995 ], [ -94.834747, 39.029007 ], [ -94.834782, 39.035117 ], [ -94.834786, 39.037268 ], [ -94.834784, 39.037531 ], [ -94.834757, 39.043537 ], [ -94.834258, 39.043539 ], [ -94.834764, 39.046185 ], [ -94.833726, 39.048649 ], [ -94.819022, 39.045075 ], [ -94.817541, 39.044537 ], [ -94.80889, 39.040375 ], [ -94.80889, 39.040074 ], [ -94.80729, 39.03951 ], [ -94.791527, 39.043575 ], [ -94.789611, 39.043599 ], [ -94.789177, 39.043612 ], [ -94.789594, 39.04347 ], [ -94.789125, 39.038185 ], [ -94.788599, 39.033833 ], [ -94.788392, 39.032833 ], [ -94.787444, 39.029104 ], [ -94.788634, 39.029105 ], [ -94.788638, 39.021965 ], [ -94.792999, 39.021898 ], [ -94.792977, 39.018267 ], [ -94.78866, 39.018267 ], [ -94.788651, 39.014734 ], [ -94.797471, 39.014776 ], [ -94.797419, 39.014414 ], [ -94.797339, 39.010638 ], [ -94.797334, 39.010406 ], [ -94.797508, 39.001626 ], [ -94.797504, 38.999736 ], [ -94.79708, 38.998639 ], [ -94.797517, 38.988933 ], [ -94.794418, 38.987825 ], [ -94.793927, 38.985414 ], [ -94.794739, 38.985455 ], [ -94.795169, 38.984245 ], [ -94.797253, 38.985161 ], [ -94.797294, 38.97542 ], [ -94.798304, 38.974898 ], [ -94.801335, 38.974898 ], [ -94.803041, 38.976119 ], [ -94.804835, 38.975174 ], [ -94.807271, 38.975244 ], [ -94.809256, 38.979913 ], [ -94.81076, 38.9817 ], [ -94.80926, 38.985322 ], [ -94.81632, 38.985287 ], [ -94.817081, 38.985241 ], [ -94.820826, 38.985274 ], [ -94.820765, 38.981572 ], [ -94.825419, 38.981563 ], [ -94.844089, 38.98162 ], [ -94.844045, 38.994373 ] ] ] ] } },
{ "type": "Feature", "properties": { "ZCTA5CE20": "64465", "AFFGEOID20": "860Z200US64465", "GEOID20": "64465", "NAME20": "64465", "LSAD20": "Z5", "ALAND20": 244296139.0, "AWATER20": 1145463.0, "price_2012": 101080.40133674815, "price_2026": 266919.37295969069, "log_change": 0.97103038586485724, "pct_change": 1.640663960864698, "dollar_change": 165838.97162294254, "mci": 45646.2299, "plaza": 61744.82652, "pnl": 55668.64736, "legends": 66017.58564, "lees_summit": 70727.73131, "cbd": 58706.73694, "log_population": 8.2807110756628468, "median_income": 80552.0, "poverty_rate": 0.11046364327337219, "bachelors_only": 0.12814731304021046, "college_plus": 0.20518602029312288, "no_college": 0.79481397970687717 }, "geometry": { "type": "MultiPolygon", "coordinates": [ [ [ [ -94.417449, 39.548301 ], [ -94.414575, 39.551046 ], [ -94.414883, 39.553063 ], [ -94.416705, 39.555263 ], [ -94.415883, 39.560731 ], [ -94.412206, 39.561305 ], [ -94.409305, 39.561215 ], [ -94.408915, 39.560173 ], [ -94.407085, 39.560054 ], [ -94.408256, 39.56212 ], [ -94.409355, 39.565461 ], [ -94.409252, 39.567045 ], [ -94.407641, 39.567447 ], [ -94.406859, 39.569649 ], [ -94.408608, 39.570953 ], [ -94.409046, 39.572565 ], [ -94.407438, 39.573466 ], [ -94.40533, 39.576168 ], [ -94.40317, 39.577916 ], [ -94.401157, 39.578705 ], [ -94.400284, 39.580529 ], [ -94.400701, 39.581647 ], [ -94.400412, 39.587678 ], [ -94.401636, 39.58798 ], [ -94.402833, 39.590668 ], [ -94.402011, 39.591104 ], [ -94.399208, 39.589762 ], [ -94.394464, 39.588116 ], [ -94.392849, 39.589291 ], [ -94.390379, 39.590016 ], [ -94.388511, 39.591721 ], [ -94.38863, 39.592535 ], [ -94.392287, 39.59296 ], [ -94.39334, 39.590851 ], [ -94.394968, 39.592558 ], [ -94.394266, 39.596549 ], [ -94.394423, 39.59796 ], [ -94.39691, 39.600692 ], [ -94.396426, 39.602292 ], [ -94.393789, 39.603031 ], [ -94.390536, 39.602566 ], [ -94.389511, 39.604662 ], [ -94.38789, 39.604673 ], [ -94.38682, 39.603714 ], [ -94.384658, 39.602104 ], [ -94.381267, 39.600724 ], [ -94.370587, 39.600747 ], [ -94.370507, 39.615596 ], [ -94.365818, 39.615588 ], [ -94.361362, 39.615282 ], [ -94.356216, 39.615436 ], [ -94.337266, 39.615409 ], [ -94.337403, 39.600753 ], [ -94.318478, 39.60074 ], [ -94.318234, 39.607817 ], [ -94.31144, 39.607736 ], [ -94.311362, 39.591312 ], [ -94.31111, 39.587413 ], [ -94.309597, 39.588263 ], [ -94.310422, 39.591735 ], [ -94.311334, 39.592124 ], [ -94.309483, 39.59547 ], [ -94.307586, 39.596763 ], [ -94.308107, 39.598346 ], [ -94.306326, 39.599581 ], [ -94.306307, 39.600624 ], [ -94.303976, 39.601455 ], [ -94.300058, 39.600679 ], [ -94.297965, 39.601567 ], [ -94.297602, 39.602549 ], [ -94.294471, 39.603328 ], [ -94.294791, 39.604193 ], [ -94.292896, 39.603858 ], [ -94.293506, 39.605458 ], [ -94.292461, 39.607414 ], [ -94.291937, 39.607715 ], [ -94.286853, 39.607699 ], [ -94.286904, 39.600488 ], [ -94.254192, 39.600435 ], [ -94.253833, 39.601736 ], [ -94.253756, 39.609472 ], [ -94.249677, 39.609522 ], [ -94.249959, 39.600365 ], [ -94.244367, 39.600258 ], [ -94.244614, 39.592994 ], [ -94.235131, 39.592896 ], [ -94.23524, 39.585755 ], [ -94.207308, 39.585152 ], [ -94.20716, 39.592312 ], [ -94.20701, 39.599593 ], [ -94.202511, 39.599318 ], [ -94.202439, 39.604703 ], [ -94.201659, 39.605344 ], [ -94.197398, 39.606087 ], [ -94.193135, 39.608251 ], [ -94.189962, 39.612616 ], [ -94.188578, 39.612998 ], [ -94.189716, 39.614127 ], [ -94.170765, 39.613926 ], [ -94.15718, 39.61392 ], [ -94.158205, 39.613722 ], [ -94.157608, 39.612055 ], [ -94.158197, 39.610664 ], [ -94.162083, 39.607523 ], [ -94.163815, 39.604331 ], [ -94.163975, 39.602676 ], [ -94.165165, 39.601058 ], [ -94.164814, 39.600096 ], [ -94.165774, 39.598069 ], [ -94.16525, 39.597486 ], [ -94.166084, 39.595204 ], [ -94.155844, 39.595085 ], [ -94.156131, 39.586439 ], [ -94.151645, 39.583813 ], [ -94.154017, 39.58067 ], [ -94.156294, 39.579685 ], [ -94.156568, 39.5698 ], [ -94.161287, 39.569802 ], [ -94.161369, 39.566585 ], [ -94.158431, 39.566572 ], [ -94.158472, 39.560294 ], [ -94.161531, 39.560324 ], [ -94.161567, 39.558965 ], [ -94.163954, 39.558977 ], [ -94.164006, 39.557151 ], [ -94.166274, 39.557179 ], [ -94.166331, 39.555136 ], [ -94.156992, 39.555105 ], [ -94.157328, 39.548036 ], [ -94.1635, 39.548046 ], [ -94.164223, 39.546368 ], [ -94.163755, 39.541011 ], [ -94.164809, 39.539719 ], [ -94.162493, 39.539027 ], [ -94.161542, 39.537558 ], [ -94.15968, 39.539297 ], [ -94.160434, 39.538383 ], [ -94.161494, 39.534948 ], [ -94.162869, 39.53437 ], [ -94.163302, 39.533058 ], [ -94.16468, 39.533148 ], [ -94.166562, 39.531884 ], [ -94.168438, 39.531646 ], [ -94.169417, 39.534159 ], [ -94.174674, 39.538015 ], [ -94.176063, 39.538042 ], [ -94.175871, 39.543707 ], [ -94.178963, 39.543609 ], [ -94.180616, 39.54244 ], [ -94.18225, 39.543297 ], [ -94.185448, 39.543019 ], [ -94.185634, 39.543725 ], [ -94.187847, 39.541946 ], [ -94.188922, 39.542714 ], [ -94.191565, 39.541585 ], [ -94.194412, 39.541242 ], [ -94.195395, 39.539447 ], [ -94.198498, 39.53789 ], [ -94.198404, 39.535635 ], [ -94.200425, 39.533214 ], [ -94.199836, 39.530533 ], [ -94.200702, 39.528767 ], [ -94.200273, 39.526987 ], [ -94.208423, 39.5272 ], [ -94.209004, 39.512743 ], [ -94.236417, 39.512923 ], [ -94.236792, 39.489441 ], [ -94.252126, 39.489392 ], [ -94.252272, 39.484481 ], [ -94.252324, 39.484373 ], [ -94.256777, 39.48408 ], [ -94.280454, 39.484337 ], [ -94.285125, 39.484393 ], [ -94.285038, 39.490142 ], [ -94.292752, 39.490183 ], [ -94.292732, 39.48566 ], [ -94.294482, 39.48558 ], [ -94.294415, 39.489307 ], [ -94.299076, 39.489277 ], [ -94.299038, 39.49137 ], [ -94.301292, 39.49068 ], [ -94.305061, 39.484606 ], [ -94.305423, 39.484589 ], [ -94.314328, 39.470541 ], [ -94.319393, 39.470666 ], [ -94.319189, 39.472612 ], [ -94.320113, 39.473918 ], [ -94.323704, 39.473881 ], [ -94.323683, 39.477474 ], [ -94.327746, 39.47762 ], [ -94.328071, 39.478259 ], [ -94.327877, 39.483722 ], [ -94.327278, 39.484798 ], [ -94.326667, 39.486077 ], [ -94.326982, 39.494344 ], [ -94.326844, 39.496464 ], [ -94.325608, 39.498498 ], [ -94.330683, 39.492063 ], [ -94.334864, 39.491971 ], [ -94.334607, 39.49917 ], [ -94.345117, 39.499104 ], [ -94.345318, 39.492085 ], [ -94.347743, 39.491979 ], [ -94.353594, 39.491671 ], [ -94.35373, 39.488451 ], [ -94.358417, 39.488153 ], [ -94.358619, 39.484403 ], [ -94.364434, 39.484566 ], [ -94.364603, 39.480938 ], [ -94.3681, 39.480012 ], [ -94.372928, 39.479895 ], [ -94.372963, 39.478058 ], [ -94.373173, 39.477473 ], [ -94.37565, 39.473673 ], [ -94.382082, 39.473662 ], [ -94.382786, 39.471949 ], [ -94.387055, 39.47225 ], [ -94.387428, 39.465023 ], [ -94.389394, 39.465003 ], [ -94.393421, 39.466423 ], [ -94.396777, 39.466644 ], [ -94.399881, 39.467374 ], [ -94.401247, 39.468708 ], [ -94.400941, 39.484661 ], [ -94.400492, 39.49895 ], [ -94.396298, 39.499216 ], [ -94.395653, 39.506437 ], [ -94.390785, 39.506402 ], [ -94.390646, 39.528284 ], [ -94.414824, 39.528309 ], [ -94.415235, 39.53318 ], [ -94.413806, 39.534266 ], [ -94.413887, 39.536622 ], [ -94.412979, 39.537327 ], [ -94.414227, 39.539024 ], [ -94.416472, 39.539732 ], [ -94.416344, 39.541316 ], [ -94.415175, 39.542661 ], [ -94.415867, 39.543221 ], [ -94.415059, 39.544791 ], [ -94.417075, 39.546844 ], [ -94.417449, 39.548301 ] ] ] ] } },
{ "type": "Feature", "properties": { "ZCTA5CE20": "64068", "AFFGEOID20": "860Z200US64068", "GEOID20": "64068", "NAME20": "64068", "LSAD20": "Z5", "ALAND20": 219563905.0, "AWATER20": 1403319.0, "price_2012": 146988.17305994831, "price_2026": 328593.56522450037, "log_change": 0.80446949484737296, "pct_change": 1.2355102344899906, "dollar_change": 181605.39216455206, "mci": 28598.77805, "plaza": 29708.88015, "pnl": 24249.36085, "legends": 40936.12921, "lees_summit": 38194.30456, "cbd": 26979.1205, "log_population": 10.538952652754988, "median_income": 92297.0, "poverty_rate": 0.063350025996770934, "bachelors_only": 0.25399418303518068, "college_plus": 0.38778437387943743, "no_college": 0.61221562612056257 }, "geometry": { "type": "MultiPolygon", "coordinates": [ [ [ [ -94.493005, 39.216552 ], [ -94.492987, 39.22354 ], [ -94.485703, 39.223523 ], [ -94.480193, 39.223516 ], [ -94.475755, 39.223533 ], [ -94.474732, 39.2235 ], [ -94.471401, 39.223466 ], [ -94.466228, 39.230624 ], [ -94.462341, 39.236287 ], [ -94.45724, 39.244715 ], [ -94.456828, 39.246042 ], [ -94.456207, 39.246089 ], [ -94.455299, 39.266584 ], [ -94.454568, 39.266577 ], [ -94.452867, 39.266725 ], [ -94.451905, 39.267687 ], [ -94.448747, 39.266486 ], [ -94.448073, 39.266148 ], [ -94.447708, 39.266428 ], [ -94.44731, 39.266648 ], [ -94.446781, 39.26689 ], [ -94.446721, 39.270115 ], [ -94.446281, 39.273714 ], [ -94.445705, 39.274018 ], [ -94.445431, 39.280999 ], [ -94.437232, 39.28094 ], [ -94.437212, 39.281552 ], [ -94.437044, 39.286882 ], [ -94.437011, 39.287939 ], [ -94.436314, 39.287917 ], [ -94.436312, 39.288162 ], [ -94.436224, 39.295401 ], [ -94.444824, 39.295412 ], [ -94.444817, 39.303076 ], [ -94.445398, 39.303098 ], [ -94.459382, 39.303245 ], [ -94.463527, 39.303289 ], [ -94.464092, 39.303296 ], [ -94.464084, 39.304056 ], [ -94.464024, 39.309835 ], [ -94.472491, 39.309916 ], [ -94.473341, 39.309765 ], [ -94.47334, 39.309951 ], [ -94.473338, 39.310454 ], [ -94.473337, 39.311202 ], [ -94.473336, 39.311511 ], [ -94.472958, 39.313291 ], [ -94.47137, 39.313435 ], [ -94.471537, 39.314529 ], [ -94.473317, 39.317055 ], [ -94.473285, 39.333328 ], [ -94.475891, 39.332371 ], [ -94.482214, 39.332429 ], [ -94.482745, 39.331923 ], [ -94.486925, 39.331983 ], [ -94.487562, 39.332422 ], [ -94.491857, 39.332443 ], [ -94.491735, 39.342818 ], [ -94.491693, 39.344629 ], [ -94.491013, 39.345208 ], [ -94.487027, 39.346083 ], [ -94.486996, 39.35312 ], [ -94.487042, 39.353673 ], [ -94.487143, 39.354503 ], [ -94.487073, 39.367995 ], [ -94.482863, 39.367888 ], [ -94.473219, 39.367923 ], [ -94.463846, 39.367902 ], [ -94.459213, 39.36789 ], [ -94.459148, 39.36789 ], [ -94.440512, 39.367869 ], [ -94.435269, 39.368144 ], [ -94.422057, 39.368047 ], [ -94.418315, 39.363256 ], [ -94.411927, 39.359502 ], [ -94.412345, 39.353779 ], [ -94.41262, 39.353285 ], [ -94.435925, 39.353342 ], [ -94.43595, 39.338738 ], [ -94.435956, 39.336534 ], [ -94.434887, 39.336351 ], [ -94.434098, 39.334519 ], [ -94.435012, 39.33205 ], [ -94.433384, 39.328967 ], [ -94.43071, 39.328938 ], [ -94.429927, 39.329591 ], [ -94.427741, 39.32869 ], [ -94.427683, 39.326074 ], [ -94.423561, 39.325574 ], [ -94.423239, 39.322615 ], [ -94.421788, 39.3224 ], [ -94.423829, 39.319263 ], [ -94.425818, 39.31737 ], [ -94.427451, 39.317286 ], [ -94.427674, 39.314512 ], [ -94.430366, 39.314451 ], [ -94.431946, 39.311509 ], [ -94.436102, 39.310747 ], [ -94.436116, 39.309889 ], [ -94.432661, 39.3099 ], [ -94.431, 39.309027 ], [ -94.431052, 39.302705 ], [ -94.425909, 39.302683 ], [ -94.42592, 39.300376 ], [ -94.421314, 39.300368 ], [ -94.421333, 39.29711 ], [ -94.416693, 39.297108 ], [ -94.416706, 39.295384 ], [ -94.416563, 39.287055 ], [ -94.416238, 39.286379 ], [ -94.41161, 39.295075 ], [ -94.410638, 39.295356 ], [ -94.40722, 39.295161 ], [ -94.389254, 39.294989 ], [ -94.380643, 39.295659 ], [ -94.383626, 39.298903 ], [ -94.381381, 39.299807 ], [ -94.380848, 39.302711 ], [ -94.372274, 39.302848 ], [ -94.376115, 39.295616 ], [ -94.374623, 39.295629 ], [ -94.371966, 39.295833 ], [ -94.369957, 39.296469 ], [ -94.361039, 39.29928 ], [ -94.361032, 39.310837 ], [ -94.361308, 39.310814 ], [ -94.365011, 39.310475 ], [ -94.368564, 39.310006 ], [ -94.366229, 39.314489 ], [ -94.364433, 39.315176 ], [ -94.364069, 39.314822 ], [ -94.364341, 39.312895 ], [ -94.361276, 39.313587 ], [ -94.361241, 39.322619 ], [ -94.356084, 39.324731 ], [ -94.342011, 39.324851 ], [ -94.336797, 39.3247 ], [ -94.323481, 39.324659 ], [ -94.323462, 39.32333 ], [ -94.32376, 39.315991 ], [ -94.323764, 39.315803 ], [ -94.323791, 39.31385 ], [ -94.319692, 39.313795 ], [ -94.315766, 39.315609 ], [ -94.313014, 39.313518 ], [ -94.314186, 39.31326 ], [ -94.314219, 39.310179 ], [ -94.295548, 39.310008 ], [ -94.295638, 39.297217 ], [ -94.295399, 39.297126 ], [ -94.289076, 39.297811 ], [ -94.284836, 39.299335 ], [ -94.281607, 39.301897 ], [ -94.278327, 39.302713 ], [ -94.27683, 39.300207 ], [ -94.277011, 39.296814 ], [ -94.279214, 39.295943 ], [ -94.279975, 39.294903 ], [ -94.279772, 39.292947 ], [ -94.280612, 39.291391 ], [ -94.284606, 39.28816 ], [ -94.287163, 39.288551 ], [ -94.289967, 39.287328 ], [ -94.289197, 39.281574 ], [ -94.288708, 39.280886 ], [ -94.291069, 39.280843 ], [ -94.291249, 39.274006 ], [ -94.291205, 39.273353 ], [ -94.291298, 39.26637 ], [ -94.30425, 39.266416 ], [ -94.302102, 39.26529 ], [ -94.29975, 39.264825 ], [ -94.299434, 39.2633 ], [ -94.295887, 39.260708 ], [ -94.293907, 39.260094 ], [ -94.29114, 39.255881 ], [ -94.290107, 39.255698 ], [ -94.287973, 39.252602 ], [ -94.285228, 39.25188 ], [ -94.278086, 39.252069 ], [ -94.278225, 39.24506 ], [ -94.284682, 39.247085 ], [ -94.287109, 39.247278 ], [ -94.28894, 39.247092 ], [ -94.295797, 39.245453 ], [ -94.29796, 39.244884 ], [ -94.302236, 39.2429 ], [ -94.310606, 39.235432 ], [ -94.310601, 39.234158 ], [ -94.314582, 39.231224 ], [ -94.314602, 39.222176 ], [ -94.317429, 39.217189 ], [ -94.318991, 39.2131 ], [ -94.31949, 39.209906 ], [ -94.320735, 39.206293 ], [ -94.325082, 39.197404 ], [ -94.328942, 39.193032 ], [ -94.330504, 39.191834 ], [ -94.332037, 39.18951 ], [ -94.331752, 39.187088 ], [ -94.335213, 39.183337 ], [ -94.337659, 39.180742 ], [ -94.346172, 39.173882 ], [ -94.350664, 39.171425 ], [ -94.354132, 39.170451 ], [ -94.356322, 39.169004 ], [ -94.356767, 39.168623 ], [ -94.358179, 39.167466 ], [ -94.3601, 39.165763 ], [ -94.363556, 39.163656 ], [ -94.36598, 39.163227 ], [ -94.369415, 39.163676 ], [ -94.373811, 39.166959 ], [ -94.374089, 39.167239 ], [ -94.376447, 39.168857 ], [ -94.377839, 39.16978 ], [ -94.378494, 39.170365 ], [ -94.380098, 39.17345 ], [ -94.38232, 39.180456 ], [ -94.384828, 39.187204 ], [ -94.389728, 39.193503 ], [ -94.390694, 39.194013 ], [ -94.395028, 39.196303 ], [ -94.401267, 39.196955 ], [ -94.402128, 39.197003 ], [ -94.407228, 39.195303 ], [ -94.408628, 39.193603 ], [ -94.412097, 39.194224 ], [ -94.418201, 39.193587 ], [ -94.419362, 39.192875 ], [ -94.420729, 39.190344 ], [ -94.422322, 39.190707 ], [ -94.423773, 39.193062 ], [ -94.426096, 39.19288 ], [ -94.42988, 39.194626 ], [ -94.43458, 39.193846 ], [ -94.437189, 39.191049 ], [ -94.442962, 39.188707 ], [ -94.443853, 39.186795 ], [ -94.446243, 39.185112 ], [ -94.447056, 39.181924 ], [ -94.447076, 39.181098 ], [ -94.44818, 39.175762 ], [ -94.448901, 39.17595 ], [ -94.450214, 39.178007 ], [ -94.45171, 39.178901 ], [ -94.452252, 39.179341 ], [ -94.458117, 39.181915 ], [ -94.458571, 39.183046 ], [ -94.460295, 39.184414 ], [ -94.460949, 39.186914 ], [ -94.462597, 39.187435 ], [ -94.463509, 39.188994 ], [ -94.464881, 39.188847 ], [ -94.47024, 39.19204 ], [ -94.469037, 39.194821 ], [ -94.473055, 39.194792 ], [ -94.473722, 39.194806 ], [ -94.475188, 39.194837 ], [ -94.482227, 39.194952 ], [ -94.484583, 39.194969 ], [ -94.484314, 39.198502 ], [ -94.492588, 39.198555 ], [ -94.492539, 39.202628 ], [ -94.492329, 39.204842 ], [ -94.491353, 39.206527 ], [ -94.490679, 39.207995 ], [ -94.490636, 39.209236 ], [ -94.490835, 39.210098 ], [ -94.49167, 39.211396 ], [ -94.493115, 39.212769 ], [ -94.493005, 39.216552 ] ] ] ] } },
{ "type": "Feature", "properties": { "ZCTA5CE20": "64011", "AFFGEOID20": "860Z200US64011", "GEOID20": "64011", "NAME20": "64011", "LSAD20": "Z5", "ALAND20": 92461374.0, "AWATER20": 609546.0, "price_2012": 133945.46808165943, "price_2026": 367404.17068322311, "log_change": 1.0090297620954995, "pct_change": 1.7429384207253382, "dollar_change": 233458.70260156368, "mci": 67790.59546, "plaza": 46388.57823, "pnl": 47134.72351, "legends": 68631.25538, "lees_summit": 27937.77799, "cbd": 46761.65087, "log_population": 8.2625589730106572, "median_income": 82981.0, "poverty_rate": 0.11893704850361198, "bachelors_only": 0.14673913043478262, "college_plus": 0.24728260869565216, "no_college": 0.75271739130434789 }, "geometry": { "type": "MultiPolygon", "coordinates": [ [ [ [ -94.111867, 38.975369 ], [ -94.107216, 38.975281 ], [ -94.106908, 38.982636 ], [ -94.107441, 38.984792 ], [ -94.107152, 38.985622 ], [ -94.106309, 38.98559 ], [ -94.106886, 38.995755 ], [ -94.101696, 38.995731 ], [ -94.101469, 39.000523 ], [ -94.101383, 39.004293 ], [ -94.110319, 39.004557 ], [ -94.110289, 39.005548 ], [ -94.110215, 39.00796 ], [ -94.110136, 39.010383 ], [ -94.109988, 39.01434 ], [ -94.110005, 39.014987 ], [ -94.110005, 39.015087 ], [ -94.109664, 39.017146 ], [ -94.109325, 39.033189 ], [ -94.109042, 39.033218 ], [ -94.106591, 39.033185 ], [ -94.100179, 39.03341 ], [ -94.09994, 39.040422 ], [ -94.083653, 39.040164 ], [ -94.080149, 39.037845 ], [ -94.077339, 39.035201 ], [ -94.074556, 39.033859 ], [ -94.072408, 39.034524 ], [ -94.072277, 39.037572 ], [ -94.053906, 39.031931 ], [ -94.053721, 39.02524 ], [ -94.044988, 39.024859 ], [ -94.043069, 39.025163 ], [ -94.034381, 39.024421 ], [ -94.034994, 39.010646 ], [ -94.03533, 39.002526 ], [ -94.05511, 39.003324 ], [ -94.055142, 39.002388 ], [ -94.05514, 39.001494 ], [ -94.055377, 38.996542 ], [ -94.055521, 38.996547 ], [ -94.05552, 38.996067 ], [ -94.055746, 38.988745 ], [ -94.039456, 38.988133 ], [ -94.039235, 38.988087 ], [ -94.036958, 38.987145 ], [ -94.037051, 38.985317 ], [ -94.039882, 38.981711 ], [ -94.041572, 38.980904 ], [ -94.04213, 38.979539 ], [ -94.042436, 38.973742 ], [ -94.03139, 38.973308 ], [ -94.033088, 38.970144 ], [ -94.031577, 38.964563 ], [ -94.031767, 38.963844 ], [ -94.029313, 38.962222 ], [ -94.027604, 38.960415 ], [ -94.025831, 38.960283 ], [ -94.024685, 38.958041 ], [ -94.025256, 38.9558 ], [ -94.024723, 38.955207 ], [ -94.024985, 38.952915 ], [ -94.028069, 38.952965 ], [ -94.029531, 38.951223 ], [ -94.029892, 38.944121 ], [ -94.03093, 38.92231 ], [ -94.034132, 38.922383 ], [ -94.035582, 38.921322 ], [ -94.03594, 38.915144 ], [ -94.034623, 38.914572 ], [ -94.034522, 38.910616 ], [ -94.035269, 38.90404 ], [ -94.039201, 38.904155 ], [ -94.049102, 38.904079 ], [ -94.049469, 38.897487 ], [ -94.04007, 38.897043 ], [ -94.040593, 38.88797 ], [ -94.031048, 38.88775 ], [ -94.031657, 38.881972 ], [ -94.030501, 38.88141 ], [ -94.028233, 38.880953 ], [ -94.026006, 38.881549 ], [ -94.025338, 38.880843 ], [ -94.02524, 38.87855 ], [ -94.026144, 38.877639 ], [ -94.027148, 38.874534 ], [ -94.028203, 38.870847 ], [ -94.031924, 38.868665 ], [ -94.037221, 38.868413 ], [ -94.037682, 38.867589 ], [ -94.051981, 38.868076 ], [ -94.061094, 38.868679 ], [ -94.079839, 38.868643 ], [ -94.078983, 38.869095 ], [ -94.076691, 38.905191 ], [ -94.076687, 38.905256 ], [ -94.076099, 38.916499 ], [ -94.077567, 38.916583 ], [ -94.077438, 38.923786 ], [ -94.091298, 38.924259 ], [ -94.091077, 38.927846 ], [ -94.081803, 38.927524 ], [ -94.081608, 38.93112 ], [ -94.087382, 38.931312 ], [ -94.087185, 38.934928 ], [ -94.088319, 38.934971 ], [ -94.088113, 38.938568 ], [ -94.086765, 38.938525 ], [ -94.08663, 38.941348 ], [ -94.090388, 38.941397 ], [ -94.089661, 38.945875 ], [ -94.091892, 38.946798 ], [ -94.092925, 38.947968 ], [ -94.09482, 38.948528 ], [ -94.095653, 38.949619 ], [ -94.099187, 38.949718 ], [ -94.09902, 38.953411 ], [ -94.10184, 38.953483 ], [ -94.102155, 38.956952 ], [ -94.105778, 38.957116 ], [ -94.105711, 38.958927 ], [ -94.108055, 38.958994 ], [ -94.107977, 38.960792 ], [ -94.110179, 38.960859 ], [ -94.109998, 38.96448 ], [ -94.107701, 38.964414 ], [ -94.107517, 38.968052 ], [ -94.112268, 38.968179 ], [ -94.111867, 38.975369 ] ] ] ] } },
{ "type": "Feature", "properties": { "ZCTA5CE20": "64157", "AFFGEOID20": "860Z200US64157", "GEOID20": "64157", "NAME20": "64157", "LSAD20": "Z5", "ALAND20": 27992534.0, "AWATER20": 52191.0, "price_2012": 218013.2508095807, "price_2026": 427540.68884534854, "log_change": 0.67349361796119922, "pct_change": 0.96107661923162357, "dollar_change": 209527.43803576785, "mci": 21435.76085, "plaza": 28017.21152, "pnl": 21891.42807, "legends": 35428.59665, "lees_summit": 40816.30007, "cbd": 24954.319795000003, "log_population": 10.044552992814731, "median_income": 149526.0, "poverty_rate": 0.0076973255055446839, "bachelors_only": 0.32255708975039832, "college_plus": 0.52363250132766859, "no_college": 0.47636749867233141 }, "geometry": { "type": "MultiPolygon", "coordinates": [ [ [ [ -94.50299, 39.261949 ], [ -94.50081, 39.262488 ], [ -94.502449, 39.264756 ], [ -94.501514, 39.266965 ], [ -94.492968, 39.266864 ], [ -94.492632, 39.267429 ], [ -94.49262, 39.267507 ], [ -94.492529, 39.268132 ], [ -94.49169, 39.269457 ], [ -94.49154, 39.270053 ], [ -94.491596, 39.270746 ], [ -94.491885, 39.271396 ], [ -94.492604, 39.272467 ], [ -94.492601, 39.273232 ], [ -94.491124, 39.278716 ], [ -94.492082, 39.281347 ], [ -94.492573, 39.282572 ], [ -94.493286, 39.284362 ], [ -94.493297, 39.285807 ], [ -94.492921, 39.286642 ], [ -94.492559, 39.287274 ], [ -94.492192, 39.288519 ], [ -94.492556, 39.288524 ], [ -94.49223, 39.295701 ], [ -94.492221, 39.295804 ], [ -94.492166, 39.296497 ], [ -94.492065, 39.297777 ], [ -94.492717, 39.29993 ], [ -94.492008, 39.300967 ], [ -94.491824, 39.300854 ], [ -94.491821, 39.301167 ], [ -94.491626, 39.301379 ], [ -94.491488, 39.301676 ], [ -94.49148, 39.301957 ], [ -94.491516, 39.302099 ], [ -94.491601, 39.302236 ], [ -94.491812, 39.302498 ], [ -94.491761, 39.310042 ], [ -94.482205, 39.30982 ], [ -94.482115, 39.303426 ], [ -94.473588, 39.303466 ], [ -94.473341, 39.309765 ], [ -94.472491, 39.309916 ], [ -94.464024, 39.309835 ], [ -94.464084, 39.304056 ], [ -94.464092, 39.303296 ], [ -94.463527, 39.303289 ], [ -94.459382, 39.303245 ], [ -94.445398, 39.303098 ], [ -94.444817, 39.303076 ], [ -94.444824, 39.295412 ], [ -94.436224, 39.295401 ], [ -94.436312, 39.288162 ], [ -94.436314, 39.287917 ], [ -94.437011, 39.287939 ], [ -94.437044, 39.286882 ], [ -94.437212, 39.281552 ], [ -94.437232, 39.28094 ], [ -94.445431, 39.280999 ], [ -94.445705, 39.274018 ], [ -94.446281, 39.273714 ], [ -94.446721, 39.270115 ], [ -94.446781, 39.26689 ], [ -94.44731, 39.266648 ], [ -94.447708, 39.266428 ], [ -94.448073, 39.266148 ], [ -94.448747, 39.266486 ], [ -94.451905, 39.267687 ], [ -94.452867, 39.266725 ], [ -94.454568, 39.266577 ], [ -94.455299, 39.266584 ], [ -94.456207, 39.246089 ], [ -94.456828, 39.246042 ], [ -94.45724, 39.244715 ], [ -94.458936, 39.24474 ], [ -94.46178, 39.244605 ], [ -94.461788, 39.243351 ], [ -94.465332, 39.243609 ], [ -94.465306, 39.244922 ], [ -94.479106, 39.245096 ], [ -94.493029, 39.244288 ], [ -94.499106, 39.243922 ], [ -94.49914, 39.245435 ], [ -94.498384, 39.245448 ], [ -94.496385, 39.246645 ], [ -94.497147, 39.248798 ], [ -94.497346, 39.25242 ], [ -94.501269, 39.259605 ], [ -94.502332, 39.259983 ], [ -94.50299, 39.261949 ] ] ] ] } },
{ "type": "Feature", "properties": { "ZCTA5CE20": "64118", "AFFGEOID20": "860Z200US64118", "GEOID20": "64118", "NAME20": "64118", "LSAD20": "Z5", "ALAND20": 33089622.0, "AWATER20": 42790.0, "price_2012": 106977.04431995154, "price_2026": 270883.34059200896, "log_change": 0.92907397829815608, "pct_change": 1.5321632534718328, "dollar_change": 163906.2962720574, "mci": 15660.87059, "plaza": 19003.41215, "pnl": 12677.11249, "legends": 24256.37138, "lees_summit": 36960.45804, "cbd": 15840.26232, "log_population": 10.645043872303761, "median_income": 74740.0, "poverty_rate": 0.11228591614490706, "bachelors_only": 0.18901877918271362, "college_plus": 0.29300296513411267, "no_college": 0.70699703486588739 }, "geometry": { "type": "MultiPolygon", "coordinates": [ [ [ [ -94.603762, 39.215242 ], [ -94.601708, 39.217481 ], [ -94.601056, 39.217485 ], [ -94.601077, 39.218007 ], [ -94.60101, 39.224595 ], [ -94.601004, 39.231818 ], [ -94.601, 39.231999 ], [ -94.600969, 39.233365 ], [ -94.603728, 39.233357 ], [ -94.603692, 39.23711 ], [ -94.600886, 39.237232 ], [ -94.601372, 39.244399 ], [ -94.600977, 39.246375 ], [ -94.595504, 39.246349 ], [ -94.593418, 39.246362 ], [ -94.590568, 39.246363 ], [ -94.590413, 39.246362 ], [ -94.590181, 39.24636 ], [ -94.589727, 39.246356 ], [ -94.589448, 39.240583 ], [ -94.588938, 39.242783 ], [ -94.585157, 39.242821 ], [ -94.585107, 39.244534 ], [ -94.580511, 39.244612 ], [ -94.580493, 39.246331 ], [ -94.575887, 39.246326 ], [ -94.574974, 39.246375 ], [ -94.572541, 39.246365 ], [ -94.572571, 39.245572 ], [ -94.567346, 39.245666 ], [ -94.567349, 39.246324 ], [ -94.566607, 39.246319 ], [ -94.563418, 39.246294 ], [ -94.558962, 39.247459 ], [ -94.553938, 39.248004 ], [ -94.555169, 39.247004 ], [ -94.554388, 39.24555 ], [ -94.553377, 39.246409 ], [ -94.551675, 39.241347 ], [ -94.548182, 39.239608 ], [ -94.549126, 39.236519 ], [ -94.547581, 39.233815 ], [ -94.548316, 39.233841 ], [ -94.548177, 39.231414 ], [ -94.54817, 39.228615 ], [ -94.54832, 39.225147 ], [ -94.548414, 39.22418 ], [ -94.548525, 39.219417 ], [ -94.548515, 39.214995 ], [ -94.548508, 39.21419 ], [ -94.548478, 39.209775 ], [ -94.548501, 39.206682 ], [ -94.548847, 39.20668 ], [ -94.549079, 39.20672 ], [ -94.549121, 39.205538 ], [ -94.54881, 39.205454 ], [ -94.548516, 39.205456 ], [ -94.54856, 39.202536 ], [ -94.548686, 39.195331 ], [ -94.548772, 39.18858 ], [ -94.54884, 39.186237 ], [ -94.548874, 39.184241 ], [ -94.549699, 39.184188 ], [ -94.548944, 39.18083 ], [ -94.548958, 39.179774 ], [ -94.551282, 39.179815 ], [ -94.551213, 39.180892 ], [ -94.553753, 39.180958 ], [ -94.55832, 39.181058 ], [ -94.559019, 39.181027 ], [ -94.559587, 39.178822 ], [ -94.558813, 39.175355 ], [ -94.559967, 39.174162 ], [ -94.562797, 39.176753 ], [ -94.566481, 39.178425 ], [ -94.567418, 39.179915 ], [ -94.569691, 39.179418 ], [ -94.569686, 39.181129 ], [ -94.576552, 39.181183 ], [ -94.576723, 39.181184 ], [ -94.576736, 39.179598 ], [ -94.582669, 39.179697 ], [ -94.585592, 39.180476 ], [ -94.58592, 39.180431 ], [ -94.586626, 39.180333 ], [ -94.592335, 39.183009 ], [ -94.592564, 39.183119 ], [ -94.59305, 39.183397 ], [ -94.59347, 39.182467 ], [ -94.593792, 39.181565 ], [ -94.597096, 39.18274 ], [ -94.597265, 39.182209 ], [ -94.60132, 39.180586 ], [ -94.60146, 39.180141 ], [ -94.601463, 39.181766 ], [ -94.600745, 39.182723 ], [ -94.600161, 39.183018 ], [ -94.600146, 39.184113 ], [ -94.599548, 39.186393 ], [ -94.601284, 39.187274 ], [ -94.601316, 39.188646 ], [ -94.601316, 39.188715 ], [ -94.601166, 39.193008 ], [ -94.604106, 39.19303 ], [ -94.603974, 39.195875 ], [ -94.601111, 39.195857 ], [ -94.601125, 39.202922 ], [ -94.601099, 39.206494 ], [ -94.601087, 39.209725 ], [ -94.60103, 39.210091 ], [ -94.604524, 39.210113 ], [ -94.603762, 39.215242 ] ] ] ] } },
{ "type": "Feature", "properties": { "ZCTA5CE20": "66109", "AFFGEOID20": "860Z200US66109", "GEOID20": "66109", "NAME20": "66109", "LSAD20": "Z5", "ALAND20": 118756403.0, "AWATER20": 3227555.0, "price_2012": 134619.84495263, "price_2026": 333922.96094524331, "log_change": 0.90845546767805274, "pct_change": 1.4804883786840197, "dollar_change": 199303.11599261331, "mci": 17904.57082, "plaza": 24496.41773, "pnl": 22553.04692, "legends": 4439.926047, "lees_summit": 47333.31892, "cbd": 23524.732325000001, "log_population": 10.252558660448129, "median_income": 102593.0, "poverty_rate": 0.045047923322683703, "bachelors_only": 0.1896084173988502, "college_plus": 0.33973315977871787, "no_college": 0.66026684022128213 }, "geometry": { "type": "MultiPolygon", "coordinates": [ [ [ [ -94.908275, 39.128654 ], [ -94.901394, 39.128686 ], [ -94.900862, 39.14315 ], [ -94.900827, 39.157827 ], [ -94.90068, 39.172374 ], [ -94.900544, 39.186939 ], [ -94.900478, 39.201501 ], [ -94.900454, 39.201988 ], [ -94.900191, 39.202911 ], [ -94.863099, 39.202263 ], [ -94.863127, 39.215919 ], [ -94.863123, 39.21663 ], [ -94.859578, 39.216667 ], [ -94.859618, 39.219526 ], [ -94.858411, 39.223251 ], [ -94.853765, 39.223263 ], [ -94.853745, 39.215905 ], [ -94.848634, 39.215804 ], [ -94.843762, 39.21634 ], [ -94.842502, 39.21577 ], [ -94.838475, 39.218557 ], [ -94.835397, 39.219118 ], [ -94.834964527919198, 39.220483813803703 ], [ -94.833552, 39.217794 ], [ -94.831679, 39.215938 ], [ -94.823791, 39.209874 ], [ -94.820687, 39.208626 ], [ -94.811663, 39.206594 ], [ -94.799663, 39.206018 ], [ -94.789100343714907, 39.207430926749801 ], [ -94.787343, 39.207666 ], [ -94.783838, 39.207154 ], [ -94.781518, 39.206146 ], [ -94.777838, 39.203522 ], [ -94.775538, 39.200602 ], [ -94.771144201434694, 39.1916454106169 ], [ -94.771137470122497, 39.1916316890959 ], [ -94.771062224301005, 39.191478303382901 ], [ -94.770936193974094, 39.191221395408803 ], [ -94.770719619904895, 39.190779917498404 ], [ -94.770338, 39.190002 ], [ -94.763138, 39.179903 ], [ -94.752338, 39.173203 ], [ -94.741938, 39.170203 ], [ -94.741925581881503, 39.170200700774203 ], [ -94.742913, 39.168332 ], [ -94.742917, 39.167718 ], [ -94.742299, 39.166276 ], [ -94.743823, 39.164769 ], [ -94.743818, 39.16334 ], [ -94.744996, 39.162285 ], [ -94.74346, 39.157511 ], [ -94.744133, 39.156214 ], [ -94.743085, 39.154459 ], [ -94.738812, 39.153318 ], [ -94.737936, 39.151579 ], [ -94.738443, 39.150454 ], [ -94.733879, 39.150391 ], [ -94.733966, 39.143087 ], [ -94.734824, 39.143111 ], [ -94.73481, 39.141859 ], [ -94.736251, 39.139465 ], [ -94.734011, 39.13946 ], [ -94.733993, 39.136305 ], [ -94.73398, 39.134198 ], [ -94.736966, 39.134189 ], [ -94.73689, 39.133485 ], [ -94.734956, 39.130145 ], [ -94.735479, 39.128516 ], [ -94.736429, 39.128511 ], [ -94.740069, 39.128526 ], [ -94.745597, 39.128542 ], [ -94.745598, 39.129049 ], [ -94.74978, 39.129009 ], [ -94.749787, 39.12854 ], [ -94.752431, 39.12853 ], [ -94.753972, 39.128556 ], [ -94.757082, 39.128548 ], [ -94.766389, 39.128544 ], [ -94.769858, 39.128602 ], [ -94.775721, 39.128643 ], [ -94.77703, 39.129664 ], [ -94.779761, 39.129011 ], [ -94.779766, 39.128595 ], [ -94.78847, 39.128581 ], [ -94.789669, 39.128587 ], [ -94.797719, 39.128597 ], [ -94.808225, 39.128588 ], [ -94.808131, 39.126631 ], [ -94.811297, 39.126429 ], [ -94.811779, 39.123102 ], [ -94.813671, 39.123224 ], [ -94.816311, 39.128619 ], [ -94.817271, 39.128611 ], [ -94.821213, 39.128616 ], [ -94.835138, 39.128621 ], [ -94.83514, 39.123282 ], [ -94.838006, 39.123194 ], [ -94.840504, 39.122562 ], [ -94.84067, 39.122562 ], [ -94.84322, 39.121259 ], [ -94.844623, 39.120065 ], [ -94.847014, 39.118025 ], [ -94.84891, 39.117042 ], [ -94.851915, 39.116252 ], [ -94.853724, 39.116179 ], [ -94.872368, 39.116 ], [ -94.894675, 39.115909 ], [ -94.895172, 39.116089 ], [ -94.898787, 39.119259 ], [ -94.901239, 39.122378 ], [ -94.908389, 39.122318 ], [ -94.908275, 39.128654 ] ] ] ] } },
{ "type": "Feature", "properties": { "ZCTA5CE20": "66075", "AFFGEOID20": "860Z200US66075", "GEOID20": "66075", "NAME20": "66075", "LSAD20": "Z5", "ALAND20": 270780315.0, "AWATER20": 8160071.0, "price_2012": 52660.206618626275, "price_2026": 168928.03564935477, "log_change": 1.165612721978416, "pct_change": 2.2078878245343567, "dollar_change": 116267.82903072849, "mci": 121748.0646, "plaza": 93524.05488, "pnl": 99865.57216, "legends": 102860.325, "lees_summit": 83450.08599000001, "cbd": 96694.81352, "log_population": 7.8228452902797736, "median_income": 62407.0, "poverty_rate": 0.066585956416464892, "bachelors_only": 0.17177559282822441, "college_plus": 0.2145748987854251, "no_college": 0.78542510121457487 }, "geometry": { "type": "MultiPolygon", "coordinates": [ [ [ [ -94.82644, 38.26905 ], [ -94.825169, 38.272753 ], [ -94.798279, 38.27248 ], [ -94.798299, 38.265315 ], [ -94.795824, 38.265248 ], [ -94.793217, 38.262809 ], [ -94.791161, 38.263701 ], [ -94.789044, 38.263476 ], [ -94.783819, 38.265148 ], [ -94.783574, 38.265213 ], [ -94.773715, 38.265206 ], [ -94.775935, 38.269488 ], [ -94.775554, 38.272484 ], [ -94.770641, 38.272511 ], [ -94.763956, 38.272479 ], [ -94.763623, 38.272312 ], [ -94.763302, 38.272047 ], [ -94.762844, 38.272025 ], [ -94.760964, 38.272411 ], [ -94.760468, 38.272455 ], [ -94.721053, 38.271789 ], [ -94.715916, 38.272483 ], [ -94.714978, 38.271472 ], [ -94.712592, 38.272431 ], [ -94.696572, 38.272418 ], [ -94.678401, 38.272466 ], [ -94.678303, 38.287015 ], [ -94.696501, 38.287019 ], [ -94.70205, 38.28699 ], [ -94.703557, 38.288557 ], [ -94.702828, 38.290021 ], [ -94.701687, 38.289817 ], [ -94.701113, 38.287522 ], [ -94.698641, 38.287719 ], [ -94.697008, 38.290355 ], [ -94.698009, 38.291764 ], [ -94.698201, 38.29361 ], [ -94.695745, 38.292583 ], [ -94.69304, 38.292608 ], [ -94.692608, 38.294774 ], [ -94.688316, 38.294266 ], [ -94.689376, 38.295229 ], [ -94.689448, 38.296732 ], [ -94.687623, 38.299271 ], [ -94.686225, 38.298911 ], [ -94.687715, 38.29686 ], [ -94.68545, 38.296673 ], [ -94.683704, 38.299707 ], [ -94.683613, 38.298189 ], [ -94.682053, 38.29643 ], [ -94.679789, 38.296316 ], [ -94.678793, 38.298925 ], [ -94.677568, 38.299568 ], [ -94.677582, 38.301559 ], [ -94.672048, 38.301553 ], [ -94.655806, 38.302426 ], [ -94.641332, 38.302815 ], [ -94.638682, 38.30274 ], [ -94.635636, 38.301428 ], [ -94.624949, 38.301821 ], [ -94.619369, 38.301461 ], [ -94.612689368933005, 38.301464072326802 ], [ -94.612844, 38.291423 ], [ -94.612849, 38.289914 ], [ -94.612824347345494, 38.286848905633498 ], [ -94.612708076548998, 38.272392816792703 ], [ -94.6126922711167, 38.270427708270198 ], [ -94.612692, 38.270394 ], [ -94.612614, 38.237766 ], [ -94.612614208000807, 38.237659236141397 ], [ -94.612635, 38.226987 ], [ -94.612659, 38.219251 ], [ -94.612658575997301, 38.218571747649598 ], [ -94.612658574278797, 38.218568994647804 ], [ -94.612658463792698, 38.218391995965199 ], [ -94.612658, 38.217649 ], [ -94.6127231579095, 38.212193614295899 ], [ -94.612822, 38.203918 ], [ -94.612848, 38.200714 ], [ -94.613073, 38.190552 ], [ -94.613420687191606, 38.1679931783179 ], [ -94.613422, 38.167908 ], [ -94.613748, 38.160633 ], [ -94.613856, 38.149769 ], [ -94.613919023450094, 38.124428654138001 ], [ -94.613935008348093, 38.118001477539998 ], [ -94.613955056365299, 38.109940609894501 ], [ -94.658359, 38.109941 ], [ -94.658381, 38.095407 ], [ -94.676812, 38.095413 ], [ -94.676789, 38.109952 ], [ -94.695201, 38.109913 ], [ -94.695222, 38.124413 ], [ -94.713307, 38.124418 ], [ -94.713281, 38.109909 ], [ -94.732016, 38.109804 ], [ -94.747035, 38.109772 ], [ -94.750418, 38.109967 ], [ -94.750518, 38.124317 ], [ -94.750703, 38.146095 ], [ -94.759969, 38.146123 ], [ -94.759968, 38.153325 ], [ -94.759969, 38.160645 ], [ -94.759984, 38.168046 ], [ -94.768947, 38.168075 ], [ -94.768929, 38.182513 ], [ -94.778196, 38.182492 ], [ -94.77821, 38.185924 ], [ -94.781684, 38.186309 ], [ -94.781894, 38.188138 ], [ -94.781172, 38.192244 ], [ -94.784083, 38.196926 ], [ -94.78411, 38.19702 ], [ -94.784086, 38.201089 ], [ -94.783703, 38.203676 ], [ -94.782585, 38.206318 ], [ -94.779572, 38.210112 ], [ -94.779866, 38.211487 ], [ -94.771407, 38.21152 ], [ -94.771357, 38.222122 ], [ -94.772303, 38.222426 ], [ -94.777576, 38.222452 ], [ -94.778259, 38.222888 ], [ -94.778258, 38.226105 ], [ -94.778312, 38.228168 ], [ -94.780473, 38.227645 ], [ -94.783551, 38.226206 ], [ -94.796238, 38.226063 ], [ -94.797589, 38.225755 ], [ -94.797501, 38.228702 ], [ -94.796701, 38.2301 ], [ -94.796611, 38.23919 ], [ -94.796042, 38.240658 ], [ -94.796275, 38.246454 ], [ -94.797424, 38.247853 ], [ -94.799492, 38.246725 ], [ -94.80173, 38.24741 ], [ -94.801241, 38.248481 ], [ -94.799369, 38.25004 ], [ -94.801212, 38.250851 ], [ -94.802809, 38.249924 ], [ -94.805891, 38.250591 ], [ -94.805562, 38.252815 ], [ -94.806657, 38.253281 ], [ -94.80754, 38.255748 ], [ -94.808987, 38.256264 ], [ -94.80959, 38.254517 ], [ -94.81384, 38.25317 ], [ -94.814756, 38.252048 ], [ -94.819465, 38.254103 ], [ -94.819273, 38.252323 ], [ -94.820333, 38.2521 ], [ -94.820448, 38.254088 ], [ -94.823227, 38.252505 ], [ -94.824914, 38.254542 ], [ -94.823655, 38.257434 ], [ -94.824993, 38.258434 ], [ -94.82403, 38.260577 ], [ -94.82571, 38.261075 ], [ -94.825895, 38.264327 ], [ -94.825131, 38.265342 ], [ -94.8253, 38.26534 ], [ -94.82644, 38.26905 ] ] ] ] } },
{ "type": "Feature", "properties": { "ZCTA5CE20": "64080", "AFFGEOID20": "860Z200US64080", "GEOID20": "64080", "NAME20": "64080", "LSAD20": "Z5", "ALAND20": 314986244.0, "AWATER20": 4436798.0, "price_2012": 169554.75415164555, "price_2026": 369168.99888940057, "log_change": 0.77807862276508111, "pct_change": 1.1772848584311886, "dollar_change": 199614.24473775501, "mci": 71206.71831, "plaza": 42030.08149, "pnl": 46187.1199, "legends": 63506.78909, "lees_summit": 19644.10843, "cbd": 44108.600695000001, "log_population": 9.5473124836390468, "median_income": 104311.0, "poverty_rate": 0.047495495495495497, "bachelors_only": 0.18395324123273113, "college_plus": 0.30095642933049949, "no_college": 0.69904357066950051 }, "geometry": { "type": "MultiPolygon", "coordinates": [ [ [ [ -94.439711, 38.781708 ], [ -94.421466, 38.781293 ], [ -94.411911, 38.781046 ], [ -94.402422, 38.780799 ], [ -94.401841, 38.795296 ], [ -94.401835, 38.795445 ], [ -94.399681, 38.7947 ], [ -94.398229, 38.795328 ], [ -94.383248, 38.79493 ], [ -94.378821, 38.79483 ], [ -94.37863, 38.798488 ], [ -94.37388, 38.798439 ], [ -94.373698, 38.802073 ], [ -94.373935, 38.802079 ], [ -94.383195, 38.802247 ], [ -94.383006, 38.805897 ], [ -94.387635, 38.806018 ], [ -94.387586, 38.807026 ], [ -94.392246, 38.807188 ], [ -94.39231, 38.805571 ], [ -94.39773, 38.805653 ], [ -94.397548, 38.810035 ], [ -94.398297, 38.810049 ], [ -94.39688, 38.810686 ], [ -94.394289, 38.810199 ], [ -94.393733, 38.811769 ], [ -94.391363, 38.81267 ], [ -94.389983, 38.812161 ], [ -94.387542, 38.813693 ], [ -94.386755, 38.814972 ], [ -94.384863, 38.81481 ], [ -94.383321, 38.815581 ], [ -94.381071, 38.817769 ], [ -94.381012, 38.822384 ], [ -94.3794, 38.823692 ], [ -94.377642, 38.823619 ], [ -94.37693, 38.823214 ], [ -94.373183, 38.823025 ], [ -94.372834, 38.823018 ], [ -94.373021, 38.815994 ], [ -94.37298, 38.813002 ], [ -94.368322, 38.813143 ], [ -94.368312, 38.809011 ], [ -94.363829, 38.808965 ], [ -94.363735, 38.807792 ], [ -94.356739, 38.80757 ], [ -94.356734, 38.80864 ], [ -94.35344, 38.808583 ], [ -94.353023, 38.815858 ], [ -94.352566, 38.815824 ], [ -94.345622, 38.815382 ], [ -94.34322, 38.814272 ], [ -94.341689, 38.812708 ], [ -94.341307, 38.807996 ], [ -94.337408, 38.807751 ], [ -94.33728, 38.809413 ], [ -94.335771, 38.809378 ], [ -94.335899, 38.807704 ], [ -94.326559, 38.807338 ], [ -94.326342, 38.811441 ], [ -94.316938, 38.811153 ], [ -94.31703, 38.815449 ], [ -94.320834, 38.819658 ], [ -94.320981, 38.821791 ], [ -94.329538, 38.822123 ], [ -94.329548, 38.832755 ], [ -94.332815, 38.834849 ], [ -94.335254, 38.836117 ], [ -94.335364, 38.836923 ], [ -94.327195, 38.836599 ], [ -94.324627, 38.83659 ], [ -94.320327, 38.836055 ], [ -94.31657, 38.836101 ], [ -94.287593, 38.835084 ], [ -94.278167, 38.835056 ], [ -94.271604, 38.835043 ], [ -94.267951, 38.835037 ], [ -94.267144, 38.849491 ], [ -94.2486, 38.849414 ], [ -94.248684, 38.847811 ], [ -94.240806, 38.847846 ], [ -94.240925, 38.84579 ], [ -94.230215, 38.845746 ], [ -94.230404, 38.842134 ], [ -94.229121, 38.842129 ], [ -94.229222, 38.838505 ], [ -94.22829, 38.838499 ], [ -94.22838, 38.836685 ], [ -94.227122, 38.83668 ], [ -94.227235, 38.834864 ], [ -94.226206, 38.834863 ], [ -94.225166, 38.846959 ], [ -94.220462, 38.846229 ], [ -94.217635, 38.847054 ], [ -94.214079, 38.845904 ], [ -94.212652, 38.844889 ], [ -94.211304, 38.845036 ], [ -94.208003, 38.844345 ], [ -94.207809, 38.843896 ], [ -94.206326, 38.843646 ], [ -94.204992, 38.840246 ], [ -94.201892, 38.838367 ], [ -94.201862, 38.837314 ], [ -94.202318, 38.835235 ], [ -94.200909, 38.834821 ], [ -94.194019, 38.834816 ], [ -94.19336, 38.838451 ], [ -94.184716, 38.838472 ], [ -94.184066, 38.842188 ], [ -94.174919, 38.842251 ], [ -94.175298, 38.834812 ], [ -94.165433, 38.834562 ], [ -94.128154, 38.833398 ], [ -94.12344, 38.833065 ], [ -94.120778, 38.833006 ], [ -94.119096, 38.833167 ], [ -94.119578, 38.832872 ], [ -94.120319, 38.821919 ], [ -94.110875, 38.821628 ], [ -94.111337, 38.812508 ], [ -94.115937, 38.812615 ], [ -94.116033, 38.810671 ], [ -94.117527, 38.810711 ], [ -94.117655, 38.80813 ], [ -94.116266, 38.808052 ], [ -94.116527, 38.803246 ], [ -94.121361, 38.803422 ], [ -94.121265, 38.800516 ], [ -94.121789, 38.788677 ], [ -94.124508, 38.788773 ], [ -94.124193, 38.796903 ], [ -94.130964, 38.797359 ], [ -94.132239, 38.799435 ], [ -94.133761, 38.799296 ], [ -94.134793, 38.801078 ], [ -94.134292, 38.80303 ], [ -94.135243, 38.804088 ], [ -94.136322, 38.804018 ], [ -94.140783, 38.804158 ], [ -94.140929, 38.801863 ], [ -94.140295, 38.800961 ], [ -94.141012, 38.785788 ], [ -94.14461, 38.785466 ], [ -94.146559, 38.784264 ], [ -94.145564, 38.782838 ], [ -94.147265, 38.782333 ], [ -94.146058, 38.781726 ], [ -94.147771, 38.780182 ], [ -94.148577, 38.777041 ], [ -94.146548, 38.776033 ], [ -94.148198, 38.771858 ], [ -94.149478, 38.770893 ], [ -94.148309, 38.769337 ], [ -94.145802, 38.769778 ], [ -94.145267, 38.768196 ], [ -94.14754, 38.767884 ], [ -94.148125, 38.765412 ], [ -94.152692, 38.760973 ], [ -94.158139, 38.75967 ], [ -94.16127, 38.759976 ], [ -94.16312, 38.762194 ], [ -94.161812, 38.76333 ], [ -94.168704, 38.763644 ], [ -94.168584, 38.762677 ], [ -94.167038, 38.762587 ], [ -94.166122, 38.759871 ], [ -94.166202, 38.756842 ], [ -94.16071, 38.75666 ], [ -94.158677, 38.756745 ], [ -94.154681, 38.753905 ], [ -94.152674, 38.753805 ], [ -94.152698, 38.752274 ], [ -94.151596, 38.751176 ], [ -94.148988, 38.750602 ], [ -94.147307, 38.751799 ], [ -94.146572, 38.751459 ], [ -94.147231, 38.745445 ], [ -94.146802, 38.745482 ], [ -94.147187, 38.745335 ], [ -94.148013, 38.745572 ], [ -94.149102, 38.74471 ], [ -94.149055, 38.742878 ], [ -94.149938, 38.740558 ], [ -94.150195, 38.736889 ], [ -94.151901, 38.735265 ], [ -94.151813, 38.729785 ], [ -94.152311, 38.728233 ], [ -94.153738, 38.72732 ], [ -94.153011, 38.725016 ], [ -94.153907, 38.723624 ], [ -94.15389, 38.71974 ], [ -94.154622, 38.71118 ], [ -94.155584, 38.707374 ], [ -94.154854, 38.700592 ], [ -94.174015, 38.701125 ], [ -94.175886, 38.671845 ], [ -94.184447, 38.672123 ], [ -94.183522, 38.686757 ], [ -94.220869, 38.687772 ], [ -94.22177, 38.670471 ], [ -94.221964, 38.670034 ], [ -94.222228, 38.669831 ], [ -94.222719, 38.669677 ], [ -94.22322, 38.66966 ], [ -94.224704, 38.66971 ], [ -94.224374, 38.671452 ], [ -94.234513, 38.671795 ], [ -94.234613, 38.669958 ], [ -94.240303, 38.670111 ], [ -94.240136, 38.673709 ], [ -94.239803, 38.681026 ], [ -94.248779, 38.68139 ], [ -94.248789, 38.688665 ], [ -94.269299, 38.689322 ], [ -94.267611, 38.689745 ], [ -94.268577, 38.690729 ], [ -94.266579, 38.691645 ], [ -94.270148, 38.693741 ], [ -94.272185, 38.693471 ], [ -94.274527, 38.69427 ], [ -94.274743, 38.695618 ], [ -94.277635, 38.696993 ], [ -94.280047, 38.696752 ], [ -94.28129, 38.699054 ], [ -94.28384, 38.700829 ], [ -94.282767, 38.701891 ], [ -94.285107, 38.702266 ], [ -94.286219, 38.703289 ], [ -94.285441, 38.704392 ], [ -94.287339, 38.707649 ], [ -94.292205, 38.710559 ], [ -94.291846, 38.712626 ], [ -94.293865, 38.712743 ], [ -94.299015, 38.711861 ], [ -94.302827, 38.709638 ], [ -94.307775, 38.704892 ], [ -94.31072, 38.705027 ], [ -94.308854, 38.719521 ], [ -94.324636, 38.720035 ], [ -94.330881, 38.720223 ], [ -94.33105, 38.716123 ], [ -94.336455, 38.716196 ], [ -94.336413, 38.720328 ], [ -94.340629, 38.720963 ], [ -94.344191, 38.723831 ], [ -94.346428, 38.727241 ], [ -94.34727, 38.728024 ], [ -94.356332, 38.728303 ], [ -94.361607, 38.728491 ], [ -94.37484, 38.72899 ], [ -94.376471, 38.73154 ], [ -94.376293, 38.743609 ], [ -94.37617, 38.7489 ], [ -94.376141, 38.750891 ], [ -94.403545, 38.751751 ], [ -94.40396, 38.751764 ], [ -94.403051, 38.7662 ], [ -94.44035, 38.767081 ], [ -94.439711, 38.781708 ] ] ] ] } },
{ "type": "Feature", "properties": { "ZCTA5CE20": "64112", "AFFGEOID20": "860Z200US64112", "GEOID20": "64112", "NAME20": "64112", "LSAD20": "Z5", "ALAND20": 3799861.0, "AWATER20": 0.0, "price_2012": 247127.24124489591, "price_2026": 493351.12550400291, "log_change": 0.69131779192461806, "pct_change": 0.99634456735227461, "dollar_change": 246223.884259107, "mci": 31173.16452, "plaza": 766.4014422, "pnl": 7093.548332, "legends": 22619.30735, "lees_summit": 22688.89922, "cbd": 3929.9748871000002, "log_population": 9.0191798665150245, "median_income": 100736.0, "poverty_rate": 0.12759190942628165, "bachelors_only": 0.39616164768294587, "college_plus": 0.79232329536589174, "no_college": 0.20767670463410826 }, "geometry": { "type": "MultiPolygon", "coordinates": [ [ [ [ -94.607691961467097, 39.030774862574098 ], [ -94.607680784170896, 39.031627365116996 ], [ -94.607658132125707, 39.033355057199003 ], [ -94.6076513849534, 39.0338696701643 ], [ -94.607646846178497, 39.0342158466566 ], [ -94.6076467216309, 39.034225346013002 ], [ -94.607610761586699, 39.036968051266797 ], [ -94.607560102038804, 39.040831901045401 ], [ -94.607534039453995, 39.042819718079102 ], [ -94.607517440316101, 39.044085749416602 ], [ -94.607510149528494, 39.044641824411599 ], [ -94.601361, 39.043983 ], [ -94.600738, 39.044218 ], [ -94.600727, 39.044418 ], [ -94.599084, 39.044358 ], [ -94.598427, 39.044341 ], [ -94.596105, 39.04425 ], [ -94.594566, 39.044216 ], [ -94.594204, 39.0442 ], [ -94.594206, 39.044552 ], [ -94.593753, 39.0445 ], [ -94.593731, 39.04418 ], [ -94.592332, 39.044129 ], [ -94.591455, 39.044101 ], [ -94.591157, 39.04409 ], [ -94.591145, 39.044463 ], [ -94.590412, 39.044437 ], [ -94.590294, 39.044059 ], [ -94.588212, 39.043187 ], [ -94.588032, 39.042257 ], [ -94.588037, 39.042149 ], [ -94.586735, 39.042101 ], [ -94.586799, 39.042215 ], [ -94.586844, 39.04356 ], [ -94.583522, 39.043049 ], [ -94.582493, 39.042141 ], [ -94.58229, 39.042151 ], [ -94.5823, 39.041964 ], [ -94.582477, 39.038679 ], [ -94.582689, 39.034709 ], [ -94.582813, 39.032224 ], [ -94.582978, 39.029142 ], [ -94.583071, 39.027508 ], [ -94.58478, 39.027565 ], [ -94.584413, 39.029198 ], [ -94.585368, 39.028481 ], [ -94.586776, 39.027636 ], [ -94.592367, 39.027833 ], [ -94.60372, 39.02822 ], [ -94.607723805593196, 39.028346082125303 ], [ -94.607691961467097, 39.030774862574098 ] ] ] ] } },
{ "type": "Feature", "properties": { "ZCTA5CE20": "64052", "AFFGEOID20": "860Z200US64052", "GEOID20": "64052", "NAME20": "64052", "LSAD20": "Z5", "ALAND20": 16344430.0, "AWATER20": 0.0, "price_2012": 48749.76005816619, "price_2026": 168789.84771879419, "log_change": 1.241954160959164, "pct_change": 2.4623728920388768, "dollar_change": 120040.08766062799, "mci": 34113.41363, "plaza": 12681.2118, "pnl": 11611.27732, "legends": 33364.70907, "lees_summit": 18513.46111, "cbd": 12146.24456, "log_population": 10.005050867945569, "median_income": 59007.0, "poverty_rate": 0.18723597547126958, "bachelors_only": 0.11166526329425482, "college_plus": 0.15674590323207463, "no_college": 0.8432540967679254 }, "geometry": { "type": "MultiPolygon", "coordinates": [ [ [ [ -94.477447, 39.092355 ], [ -94.474076, 39.09222 ], [ -94.470915, 39.093828 ], [ -94.470393, 39.094017 ], [ -94.469992, 39.094163 ], [ -94.46755, 39.095022 ], [ -94.46752, 39.095033 ], [ -94.465923, 39.095576 ], [ -94.460849, 39.095449 ], [ -94.458655, 39.095363 ], [ -94.458635, 39.095863 ], [ -94.456341, 39.095556 ], [ -94.456226, 39.09613 ], [ -94.455035, 39.096088 ], [ -94.454999, 39.097132 ], [ -94.45336, 39.09625 ], [ -94.452086, 39.095125 ], [ -94.447898, 39.094964 ], [ -94.445668, 39.094873 ], [ -94.444633, 39.094848 ], [ -94.4445, 39.094842 ], [ -94.443994, 39.093208 ], [ -94.443632, 39.094088 ], [ -94.439493, 39.094118 ], [ -94.438652, 39.092341 ], [ -94.438069, 39.090958 ], [ -94.436532, 39.090914 ], [ -94.436161, 39.088626 ], [ -94.434776, 39.087922 ], [ -94.43289, 39.087787 ], [ -94.432194, 39.087571 ], [ -94.431592, 39.088162 ], [ -94.431693, 39.087953 ], [ -94.4319, 39.087469 ], [ -94.426617, 39.085535 ], [ -94.426647, 39.084144 ], [ -94.42756, 39.083834 ], [ -94.427761, 39.083074 ], [ -94.428435, 39.0831 ], [ -94.428982, 39.082261 ], [ -94.432238, 39.082364 ], [ -94.432257, 39.081834 ], [ -94.430547, 39.080678 ], [ -94.429866, 39.079706 ], [ -94.427976, 39.07574 ], [ -94.423415, 39.071884 ], [ -94.422278, 39.070708 ], [ -94.422015, 39.070279 ], [ -94.423466, 39.069664 ], [ -94.424062, 39.069845 ], [ -94.426528, 39.069586 ], [ -94.430859, 39.0675 ], [ -94.432828, 39.067407 ], [ -94.432929, 39.065257 ], [ -94.433999, 39.065299 ], [ -94.433641, 39.063482 ], [ -94.433797, 39.05921 ], [ -94.433893, 39.058033 ], [ -94.433974, 39.054163 ], [ -94.434353, 39.05084 ], [ -94.434288, 39.047593 ], [ -94.433671, 39.047605 ], [ -94.433702, 39.04686 ], [ -94.442778, 39.047239 ], [ -94.447553, 39.049464 ], [ -94.451834, 39.051528 ], [ -94.456572, 39.053535 ], [ -94.456681, 39.053579 ], [ -94.461217, 39.055424 ], [ -94.461185, 39.056283 ], [ -94.462858, 39.056082 ], [ -94.468127, 39.058191 ], [ -94.467973, 39.059472 ], [ -94.471638, 39.059623 ], [ -94.472279, 39.059674 ], [ -94.471211, 39.061949 ], [ -94.469791, 39.064159 ], [ -94.474714, 39.06534 ], [ -94.474706, 39.067085 ], [ -94.468969, 39.066795 ], [ -94.468465, 39.068863 ], [ -94.470809, 39.072717 ], [ -94.47076, 39.073811 ], [ -94.470425, 39.074189 ], [ -94.470183, 39.081314 ], [ -94.470178, 39.081436 ], [ -94.47121, 39.082108 ], [ -94.472457, 39.085337 ], [ -94.476416, 39.088791 ], [ -94.478247, 39.08964 ], [ -94.477447, 39.092355 ] ], [ [ -94.432257, 39.081834 ], [ -94.432829, 39.082043 ], [ -94.438996, 39.083244 ], [ -94.438673, 39.080054 ], [ -94.439806, 39.080099 ], [ -94.438423, 39.07914 ], [ -94.438482, 39.077635 ], [ -94.435019, 39.077561 ], [ -94.434135, 39.079876 ], [ -94.432747, 39.079821 ], [ -94.433399, 39.081949 ], [ -94.432264, 39.081619 ], [ -94.432257, 39.081834 ] ] ] ] } },
{ "type": "Feature", "properties": { "ZCTA5CE20": "64088", "AFFGEOID20": "860Z200US64088", "GEOID20": "64088", "NAME20": "64088", "LSAD20": "Z5", "ALAND20": 79860336.0, "AWATER20": 2611360.0, "price_2012": 120474.10071371395, "price_2026": 333806.82251813199, "log_change": 1.0191276519655901, "pct_change": 1.7707766278444084, "dollar_change": 213332.72180441802, "mci": 48508.76417, "plaza": 37619.55108, "pnl": 34969.59843, "legends": 56038.81605, "lees_summit": 32353.45253, "cbd": 36294.574754999994, "log_population": 7.2834482287566313, "median_income": 101645.0, "poverty_rate": 0.088598901098901103, "bachelors_only": 0.099415204678362568, "college_plus": 0.16959064327485379, "no_college": 0.83040935672514626 }, "geometry": { "type": "MultiPolygon", "coordinates": [ [ [ [ -94.287847, 39.182114 ], [ -94.283177, 39.187082 ], [ -94.279862, 39.189772 ], [ -94.276159, 39.195418 ], [ -94.273785, 39.195965 ], [ -94.270084, 39.195974 ], [ -94.267232, 39.197862 ], [ -94.266075, 39.199091 ], [ -94.263299, 39.204039 ], [ -94.26125, 39.205719 ], [ -94.257331, 39.205954 ], [ -94.255637, 39.205435 ], [ -94.253758, 39.204065 ], [ -94.245276, 39.203985 ], [ -94.23794, 39.204869 ], [ -94.232631, 39.204262 ], [ -94.228689, 39.206175 ], [ -94.224334, 39.206347 ], [ -94.219682, 39.207584 ], [ -94.22038, 39.207545 ], [ -94.217744, 39.208452 ], [ -94.216816, 39.208004 ], [ -94.212515, 39.207086 ], [ -94.207254, 39.206324 ], [ -94.204916, 39.206531 ], [ -94.199551, 39.208197 ], [ -94.193391, 39.211541 ], [ -94.188895, 39.213461 ], [ -94.184703, 39.214293 ], [ -94.176143, 39.214149 ], [ -94.173519, 39.213829 ], [ -94.170495, 39.21231 ], [ -94.169423, 39.210614 ], [ -94.170239, 39.204486 ], [ -94.175327, 39.19719 ], [ -94.176447, 39.196038 ], [ -94.181519, 39.192613 ], [ -94.184015, 39.190439 ], [ -94.185735, 39.188029 ], [ -94.187174, 39.183843 ], [ -94.187184, 39.183333 ], [ -94.18584, 39.18103 ], [ -94.184576, 39.180262 ], [ -94.179984, 39.178793 ], [ -94.176831, 39.178118 ], [ -94.169056, 39.177766 ], [ -94.154016, 39.176263 ], [ -94.147152, 39.175175 ], [ -94.136863, 39.172567 ], [ -94.133664, 39.171239 ], [ -94.129919, 39.168903 ], [ -94.126367, 39.165783 ], [ -94.124303, 39.163287 ], [ -94.122223, 39.159307 ], [ -94.114032, 39.149714 ], [ -94.104823, 39.143507 ], [ -94.104935, 39.140933 ], [ -94.105225, 39.131501 ], [ -94.105223, 39.131441 ], [ -94.105268, 39.12991 ], [ -94.105633, 39.126585 ], [ -94.105639, 39.126406 ], [ -94.105972, 39.112289 ], [ -94.106286, 39.109169 ], [ -94.115474, 39.10947 ], [ -94.116096, 39.09207 ], [ -94.134786, 39.092546 ], [ -94.134839, 39.091516 ], [ -94.144303, 39.091859 ], [ -94.146504, 39.091548 ], [ -94.146602, 39.089516 ], [ -94.149168, 39.089607 ], [ -94.149179, 39.093026 ], [ -94.147561, 39.092959 ], [ -94.152328, 39.098135 ], [ -94.15118, 39.100805 ], [ -94.1496, 39.101232 ], [ -94.149952, 39.103661 ], [ -94.150899, 39.104134 ], [ -94.150134, 39.107201 ], [ -94.150912, 39.107631 ], [ -94.15696, 39.107751 ], [ -94.15485, 39.111343 ], [ -94.152533, 39.111275 ], [ -94.152277, 39.116739 ], [ -94.159115, 39.116963 ], [ -94.158985, 39.118957 ], [ -94.16126, 39.119055 ], [ -94.160116, 39.136036 ], [ -94.155, 39.136556 ], [ -94.155292, 39.139929 ], [ -94.155821, 39.14067 ], [ -94.158976, 39.1419 ], [ -94.1624, 39.142146 ], [ -94.165551, 39.141697 ], [ -94.170158, 39.143884 ], [ -94.1732, 39.144225 ], [ -94.18728, 39.144803 ], [ -94.196485, 39.145075 ], [ -94.196539, 39.145076 ], [ -94.194935, 39.164423 ], [ -94.195364, 39.165543 ], [ -94.198701, 39.167181 ], [ -94.199, 39.16723 ], [ -94.201852, 39.167342 ], [ -94.203237, 39.167388 ], [ -94.213268, 39.167763 ], [ -94.214007, 39.16027 ], [ -94.242117, 39.161124 ], [ -94.241774, 39.164293 ], [ -94.24856, 39.164434 ], [ -94.251092, 39.164989 ], [ -94.250888, 39.166603 ], [ -94.25468, 39.163679 ], [ -94.256713, 39.16315 ], [ -94.257363, 39.1648 ], [ -94.26063, 39.16469 ], [ -94.260832, 39.16301 ], [ -94.267334, 39.16061 ], [ -94.267745, 39.162931 ], [ -94.269471, 39.161863 ], [ -94.269267, 39.165515 ], [ -94.270895, 39.165544 ], [ -94.283884, 39.178882 ], [ -94.285052, 39.180684 ], [ -94.28654, 39.181463 ], [ -94.288027, 39.181495 ], [ -94.287847, 39.182114 ] ], [ [ -94.15094, 39.137635 ], [ -94.148727, 39.136867 ], [ -94.14732, 39.136512 ], [ -94.14537, 39.136256 ], [ -94.145293, 39.135201 ], [ -94.134629, 39.132797 ], [ -94.133123, 39.132457 ], [ -94.131694, 39.132154 ], [ -94.12485, 39.130702 ], [ -94.124707, 39.132482 ], [ -94.124037, 39.132369 ], [ -94.123824, 39.134973 ], [ -94.123645, 39.138756 ], [ -94.127645, 39.138829 ], [ -94.128384, 39.141734 ], [ -94.129414, 39.142157 ], [ -94.1325, 39.141811 ], [ -94.132461, 39.142402 ], [ -94.142621, 39.142406 ], [ -94.142983, 39.139306 ], [ -94.143109, 39.144936 ], [ -94.142186, 39.150819 ], [ -94.149369, 39.151083 ], [ -94.150151, 39.147119 ], [ -94.15094, 39.137635 ] ] ] ] } },
{ "type": "Feature", "properties": { "ZCTA5CE20": "64725", "AFFGEOID20": "860Z200US64725", "GEOID20": "64725", "NAME20": "64725", "LSAD20": "Z5", "ALAND20": 141421052.0, "AWATER20": 1442432.0, "price_2012": 120021.403543794, "price_2026": 294630.79791084008, "log_change": 0.89805295027110255, "pct_change": 1.4548188007427669, "dollar_change": 174609.39436704607, "mci": 94458.19078, "plaza": 63867.40067, "pnl": 69614.51691000001, "legends": 80664.55309, "lees_summit": 46692.41205, "cbd": 66740.95879, "log_population": 7.6638772587034705, "median_income": 84722.0, "poverty_rate": 0.03771805752003772, "bachelors_only": 0.12261380323054331, "college_plus": 0.19162995594713655, "no_college": 0.80837004405286339 }, "geometry": { "type": "MultiPolygon", "coordinates": [ [ [ [ -94.470863, 38.512055 ], [ -94.470151, 38.513365 ], [ -94.468713, 38.513877 ], [ -94.463726, 38.514438 ], [ -94.462254, 38.516301 ], [ -94.46341, 38.516957 ], [ -94.463447, 38.520858 ], [ -94.465803, 38.525764 ], [ -94.463878, 38.527287 ], [ -94.463257, 38.529174 ], [ -94.463565, 38.531351 ], [ -94.46193, 38.530874 ], [ -94.462607, 38.532289 ], [ -94.460774, 38.532536 ], [ -94.459623, 38.534334 ], [ -94.459153, 38.539984 ], [ -94.458715, 38.540596 ], [ -94.454034, 38.54207 ], [ -94.451921, 38.543368 ], [ -94.444197, 38.543198 ], [ -94.443993, 38.546417 ], [ -94.444919, 38.548047 ], [ -94.447363, 38.548072 ], [ -94.449723, 38.55014 ], [ -94.451244, 38.549028 ], [ -94.45444, 38.55017 ], [ -94.458615, 38.549689 ], [ -94.459811, 38.550113 ], [ -94.461043, 38.551851 ], [ -94.460871, 38.554945 ], [ -94.465904, 38.555047 ], [ -94.465412, 38.561738 ], [ -94.458838, 38.561395 ], [ -94.45271, 38.561458 ], [ -94.452568, 38.566292 ], [ -94.452543, 38.566792 ], [ -94.452247, 38.571149 ], [ -94.452192, 38.575609 ], [ -94.452071, 38.57637 ], [ -94.451722, 38.587016 ], [ -94.447393, 38.586939 ], [ -94.441806, 38.589026 ], [ -94.444044, 38.587488 ], [ -94.443066, 38.585845 ], [ -94.443058, 38.584143 ], [ -94.442327, 38.583107 ], [ -94.440597, 38.582938 ], [ -94.437845, 38.580813 ], [ -94.43815, 38.579095 ], [ -94.435429, 38.578745 ], [ -94.435314, 38.577193 ], [ -94.437597, 38.576535 ], [ -94.437831, 38.574699 ], [ -94.436622, 38.572362 ], [ -94.432024, 38.561104 ], [ -94.429549, 38.556163 ], [ -94.427158, 38.553378 ], [ -94.422942, 38.550802 ], [ -94.417941, 38.54903 ], [ -94.407844, 38.545905 ], [ -94.404992, 38.544776 ], [ -94.400843, 38.54226 ], [ -94.397959, 38.538837 ], [ -94.396648, 38.536787 ], [ -94.394222, 38.530475 ], [ -94.390774, 38.522639 ], [ -94.388668, 38.519762 ], [ -94.383746, 38.516374 ], [ -94.380102, 38.514826 ], [ -94.374383, 38.513024 ], [ -94.365904, 38.509953 ], [ -94.364231, 38.509086 ], [ -94.361152, 38.507128 ], [ -94.358705, 38.504863 ], [ -94.356991, 38.502605 ], [ -94.348074, 38.49454 ], [ -94.345352, 38.491645 ], [ -94.341473, 38.489096 ], [ -94.341148, 38.488827 ], [ -94.340879, 38.494372 ], [ -94.341122, 38.507617 ], [ -94.341283, 38.508485 ], [ -94.32503, 38.508155 ], [ -94.318853, 38.50799 ], [ -94.315909, 38.510747 ], [ -94.31665, 38.514065 ], [ -94.318074, 38.513448 ], [ -94.319326, 38.514105 ], [ -94.317737, 38.517456 ], [ -94.315417, 38.518303 ], [ -94.31487, 38.520765 ], [ -94.31152, 38.522393 ], [ -94.306043, 38.52224 ], [ -94.305598, 38.518574 ], [ -94.297598, 38.518482 ], [ -94.297183, 38.521932 ], [ -94.29208, 38.522263 ], [ -94.291795, 38.52931 ], [ -94.281291, 38.529101 ], [ -94.278511, 38.529033 ], [ -94.279054, 38.518184 ], [ -94.26907, 38.517895 ], [ -94.269811, 38.498748 ], [ -94.256326, 38.489834 ], [ -94.256504, 38.484828 ], [ -94.251871, 38.48471 ], [ -94.252604, 38.47016 ], [ -94.253998, 38.470202 ], [ -94.254255, 38.465127 ], [ -94.249827, 38.465018 ], [ -94.249865, 38.455912 ], [ -94.250907, 38.455562 ], [ -94.252385, 38.453043 ], [ -94.255193, 38.452273 ], [ -94.257162, 38.450072 ], [ -94.258399, 38.450502 ], [ -94.259784, 38.452936 ], [ -94.263485, 38.451587 ], [ -94.26396, 38.449783 ], [ -94.26711, 38.450464 ], [ -94.265195, 38.453319 ], [ -94.271092, 38.452073 ], [ -94.275415, 38.451277 ], [ -94.283418, 38.451389 ], [ -94.288042, 38.452555 ], [ -94.288034, 38.45229 ], [ -94.293292, 38.454719 ], [ -94.293917, 38.451478 ], [ -94.305178, 38.451758 ], [ -94.305501, 38.44451 ], [ -94.342324, 38.445073 ], [ -94.342806, 38.430539 ], [ -94.353024, 38.430747 ], [ -94.35438, 38.43382 ], [ -94.354557, 38.434555 ], [ -94.356512, 38.439447 ], [ -94.35735, 38.452435 ], [ -94.358709, 38.452503 ], [ -94.399163, 38.453262 ], [ -94.398782, 38.473356 ], [ -94.399901, 38.473379 ], [ -94.4149, 38.473582 ], [ -94.425358, 38.473772 ], [ -94.426056, 38.473851 ], [ -94.428027, 38.473881 ], [ -94.455759, 38.474413 ], [ -94.455255, 38.488981 ], [ -94.464476, 38.489144 ], [ -94.464101, 38.499979 ], [ -94.46817, 38.500042 ], [ -94.468658, 38.500517 ], [ -94.468545, 38.503942 ], [ -94.468291, 38.510976 ], [ -94.470885, 38.511026 ], [ -94.470863, 38.512055 ] ] ] ] } },
{ "type": "Feature", "properties": { "ZCTA5CE20": "66061", "AFFGEOID20": "860Z200US66061", "GEOID20": "66061", "NAME20": "66061", "LSAD20": "Z5", "ALAND20": 163926010.0, "AWATER20": 2433183.0, "price_2012": 195376.39003576449, "price_2026": 437265.30856419611, "log_change": 0.80561222087326989, "pct_change": 1.2380662703623135, "dollar_change": 241888.91852843162, "mci": 46985.27235, "plaza": 29798.23208, "pnl": 34318.85561, "legends": 25609.0662, "lees_summit": 43095.13533, "cbd": 32058.543845, "log_population": 11.126777572247295, "median_income": 110176.0, "poverty_rate": 0.062361891767637068, "bachelors_only": 0.28489843452554253, "college_plus": 0.46334908512687284, "no_college": 0.53665091487312711 }, "geometry": { "type": "MultiPolygon", "coordinates": [ [ [ [ -95.000751, 38.880326 ], [ -94.999382, 38.880674 ], [ -94.999124, 38.881809 ], [ -94.997474, 38.882463 ], [ -94.995252, 38.884294 ], [ -94.995355, 38.885392 ], [ -94.993709, 38.887064 ], [ -94.994588, 38.88996 ], [ -94.996836, 38.891444 ], [ -94.995803, 38.89248 ], [ -94.997528, 38.892036 ], [ -94.998596, 38.89313 ], [ -94.997486, 38.893996 ], [ -94.997322, 38.896497 ], [ -94.994938, 38.896633 ], [ -94.995831, 38.898918 ], [ -94.992678, 38.899667 ], [ -94.991485, 38.900655 ], [ -94.992491, 38.901715 ], [ -94.991942, 38.902678 ], [ -94.989638, 38.90393 ], [ -94.990539, 38.906216 ], [ -94.988836, 38.907689 ], [ -94.987507, 38.907576 ], [ -94.988845, 38.90927 ], [ -94.986833, 38.909045 ], [ -94.985081, 38.911269 ], [ -94.985211, 38.914327 ], [ -94.983853, 38.915031 ], [ -94.98445, 38.920173 ], [ -94.983894, 38.92149 ], [ -94.98543, 38.922199 ], [ -94.985038, 38.923146 ], [ -94.985514, 38.92518 ], [ -94.984382, 38.925853 ], [ -94.985319, 38.927886 ], [ -94.983547, 38.930405 ], [ -94.983308, 38.931721 ], [ -94.979987, 38.934545 ], [ -94.978944, 38.934821 ], [ -94.978446, 38.93614 ], [ -94.980512, 38.936853 ], [ -94.980907, 38.937797 ], [ -94.979109, 38.93851 ], [ -94.977217, 38.938619 ], [ -94.973747, 38.936928 ], [ -94.973413, 38.934697 ], [ -94.955231, 38.934664 ], [ -94.955143, 38.927441 ], [ -94.94585, 38.927424 ], [ -94.945833, 38.920259 ], [ -94.927286, 38.920049 ], [ -94.927291, 38.921396 ], [ -94.929156, 38.922431 ], [ -94.929617, 38.924431 ], [ -94.930576, 38.925022 ], [ -94.930194, 38.926621 ], [ -94.931694, 38.92807 ], [ -94.931192, 38.929306 ], [ -94.934299, 38.93135 ], [ -94.935583, 38.930924 ], [ -94.938286, 38.933646 ], [ -94.938619, 38.936371 ], [ -94.940023, 38.936969 ], [ -94.939899, 38.939225 ], [ -94.939189, 38.942139 ], [ -94.93499, 38.943339 ], [ -94.932672, 38.946056 ], [ -94.931399, 38.949024 ], [ -94.928175, 38.949089 ], [ -94.926215, 38.950391 ], [ -94.925043, 38.952186 ], [ -94.923065, 38.951468 ], [ -94.922396, 38.952706 ], [ -94.917998, 38.952672 ], [ -94.917984, 38.95504 ], [ -94.915709, 38.955275 ], [ -94.915689, 38.952651 ], [ -94.911187, 38.95261 ], [ -94.911181, 38.949952 ], [ -94.908741, 38.950109 ], [ -94.908739, 38.952744 ], [ -94.903551, 38.949413 ], [ -94.901619, 38.948389 ], [ -94.899524, 38.947705 ], [ -94.897804, 38.947396 ], [ -94.888305, 38.947721 ], [ -94.885671, 38.947513 ], [ -94.883287, 38.947085 ], [ -94.871386, 38.943122 ], [ -94.865078, 38.941421 ], [ -94.852974, 38.94113 ], [ -94.852634, 38.94113 ], [ -94.852648, 38.941671 ], [ -94.84343, 38.941649 ], [ -94.834553, 38.941646 ], [ -94.834574, 38.941122 ], [ -94.821475, 38.941606 ], [ -94.816144, 38.941807 ], [ -94.812746, 38.94182 ], [ -94.807392, 38.941663 ], [ -94.806754, 38.941642 ], [ -94.797477, 38.941389 ], [ -94.791724, 38.941371 ], [ -94.788781, 38.941494 ], [ -94.788763, 38.938219 ], [ -94.784094, 38.938257 ], [ -94.784096, 38.934619 ], [ -94.793417, 38.934544 ], [ -94.793465, 38.927272 ], [ -94.788776, 38.927309 ], [ -94.788882, 38.916404 ], [ -94.780997, 38.916464 ], [ -94.779552, 38.916864 ], [ -94.779553, 38.916476 ], [ -94.770839, 38.916436 ], [ -94.770255, 38.915532 ], [ -94.770564, 38.91529 ], [ -94.769814, 38.914798 ], [ -94.76797, 38.915961 ], [ -94.771331, 38.912792 ], [ -94.777106, 38.907929 ], [ -94.779588, 38.905503 ], [ -94.782174, 38.902643 ], [ -94.785387, 38.898355 ], [ -94.785082, 38.898325 ], [ -94.78696, 38.895735 ], [ -94.787817, 38.894172 ], [ -94.791191, 38.883678 ], [ -94.791458, 38.88368 ], [ -94.794925, 38.873107 ], [ -94.795396, 38.872407 ], [ -94.796422, 38.871267 ], [ -94.800458, 38.867684 ], [ -94.806615, 38.862588 ], [ -94.815839, 38.855286 ], [ -94.81584, 38.854835 ], [ -94.816436, 38.854818 ], [ -94.828744, 38.845067 ], [ -94.83441, 38.841463 ], [ -94.834373, 38.841199 ], [ -94.836469, 38.839986 ], [ -94.836965, 38.839988 ], [ -94.84368, 38.835779 ], [ -94.853267, 38.82969 ], [ -94.858556, 38.825414 ], [ -94.867021, 38.819185 ], [ -94.871376, 38.816773 ], [ -94.871374, 38.817045 ], [ -94.87826, 38.813947 ], [ -94.880909, 38.81335 ], [ -94.880885, 38.818128 ], [ -94.880877, 38.819148 ], [ -94.880879, 38.819635 ], [ -94.874234, 38.825489 ], [ -94.871599, 38.828097 ], [ -94.871316, 38.828737 ], [ -94.871232, 38.840058 ], [ -94.878608, 38.840026 ], [ -94.880643, 38.840017 ], [ -94.88379, 38.840016 ], [ -94.885675, 38.840014 ], [ -94.886855, 38.840183 ], [ -94.887251, 38.845505 ], [ -94.888392, 38.846857 ], [ -94.894632, 38.846918 ], [ -94.895988, 38.845738 ], [ -94.89604, 38.840968 ], [ -94.896109, 38.840032 ], [ -94.908968, 38.840018 ], [ -94.915254, 38.840056 ], [ -94.916488, 38.840101 ], [ -94.918192, 38.840116 ], [ -94.918186, 38.847286 ], [ -94.911138, 38.847377 ], [ -94.911293, 38.852101 ], [ -94.913316, 38.852174 ], [ -94.913461, 38.854592 ], [ -94.908981, 38.854561 ], [ -94.908901, 38.869113 ], [ -94.9274, 38.869219 ], [ -94.92733, 38.876851 ], [ -95.002028, 38.876945 ], [ -95.000751, 38.880326 ] ] ] ] } },
{ "type": "Feature", "properties": { "ZCTA5CE20": "64492", "AFFGEOID20": "860Z200US64492", "GEOID20": "64492", "NAME20": "64492", "LSAD20": "Z5", "ALAND20": 92649789.0, "AWATER20": 12695188.0, "price_2012": 151128.33699604383, "price_2026": 387878.51834836695, "log_change": 0.94256280383414826, "pct_change": 1.5665505626421381, "dollar_change": 236750.18135232312, "mci": 25557.05068, "plaza": 48922.08822, "pnl": 42579.65152, "legends": 47206.99793, "lees_summit": 64094.82388, "cbd": 45750.86987, "log_population": 7.4460014983241196, "median_income": 66211.0, "poverty_rate": 0.11500291885580852, "bachelors_only": 0.13647058823529412, "college_plus": 0.20078431372549019, "no_college": 0.79921568627450978 }, "geometry": { "type": "MultiPolygon", "coordinates": [ [ [ [ -94.628293, 39.470423 ], [ -94.626607, 39.486663 ], [ -94.612518, 39.487235 ], [ -94.608769, 39.487163 ], [ -94.608924, 39.48882 ], [ -94.6066, 39.488868 ], [ -94.606408, 39.492348 ], [ -94.601167, 39.492117 ], [ -94.601215, 39.53017 ], [ -94.601243, 39.540508 ], [ -94.565813, 39.540204 ], [ -94.564308, 39.540191 ], [ -94.54535, 39.540045 ], [ -94.528277, 39.539871 ], [ -94.528442, 39.530083 ], [ -94.528746, 39.525425 ], [ -94.528536, 39.524909 ], [ -94.524212, 39.524576 ], [ -94.524217, 39.513968 ], [ -94.527783, 39.513435 ], [ -94.529953, 39.512519 ], [ -94.527629, 39.506991 ], [ -94.525985, 39.501289 ], [ -94.518603, 39.501264 ], [ -94.518656, 39.499086 ], [ -94.519596, 39.491878 ], [ -94.519648, 39.488253 ], [ -94.523866, 39.488241 ], [ -94.523691, 39.484726 ], [ -94.521179, 39.486051 ], [ -94.518698, 39.486347 ], [ -94.517397, 39.487719 ], [ -94.51757, 39.49051 ], [ -94.515566, 39.48758 ], [ -94.511582, 39.4857 ], [ -94.511431, 39.487599 ], [ -94.50907, 39.48659 ], [ -94.508803, 39.487757 ], [ -94.509772, 39.491556 ], [ -94.510391, 39.49238 ], [ -94.510241, 39.495218 ], [ -94.510831, 39.497415 ], [ -94.50965, 39.497414 ], [ -94.509294, 39.499015 ], [ -94.508023, 39.500002 ], [ -94.508285, 39.503415 ], [ -94.507341, 39.503734 ], [ -94.506419, 39.505694 ], [ -94.506793, 39.508435 ], [ -94.505738, 39.509456 ], [ -94.501635, 39.508671 ], [ -94.500451, 39.509814 ], [ -94.50172, 39.510959 ], [ -94.501211, 39.514437 ], [ -94.49865, 39.513994 ], [ -94.496672, 39.514614 ], [ -94.495124, 39.516578 ], [ -94.491294, 39.517878 ], [ -94.489057, 39.51815 ], [ -94.489332, 39.517186 ], [ -94.491577, 39.517394 ], [ -94.494146, 39.516662 ], [ -94.494904, 39.515092 ], [ -94.493235, 39.51322 ], [ -94.495025, 39.512065 ], [ -94.489753, 39.512881 ], [ -94.487123, 39.51062 ], [ -94.487446, 39.50997 ], [ -94.490489, 39.511703 ], [ -94.494686, 39.510749 ], [ -94.496899, 39.509443 ], [ -94.49704, 39.50553 ], [ -94.498037, 39.505951 ], [ -94.498693, 39.504636 ], [ -94.501171, 39.503774 ], [ -94.501969, 39.502585 ], [ -94.504478, 39.502061 ], [ -94.503767, 39.500221 ], [ -94.504864, 39.498988 ], [ -94.504628, 39.497958 ], [ -94.502619, 39.498139 ], [ -94.503033, 39.497133 ], [ -94.502088, 39.49489 ], [ -94.499865, 39.497118 ], [ -94.496391, 39.498362 ], [ -94.499193, 39.494017 ], [ -94.497709, 39.492617 ], [ -94.493072, 39.492622 ], [ -94.493189, 39.491821 ], [ -94.497264, 39.49129 ], [ -94.50022, 39.492751 ], [ -94.501796, 39.492578 ], [ -94.501831, 39.489214 ], [ -94.50316, 39.488987 ], [ -94.503824, 39.486208 ], [ -94.503285, 39.485074 ], [ -94.505326, 39.483108 ], [ -94.50317, 39.482923 ], [ -94.500229, 39.485154 ], [ -94.49731, 39.484585 ], [ -94.500228, 39.484285 ], [ -94.500838, 39.482738 ], [ -94.5053, 39.481026 ], [ -94.503617, 39.480544 ], [ -94.503088, 39.47933 ], [ -94.505952, 39.479402 ], [ -94.505363, 39.478417 ], [ -94.503326, 39.477935 ], [ -94.501586, 39.476743 ], [ -94.502237, 39.475966 ], [ -94.504066, 39.476883 ], [ -94.503361, 39.474663 ], [ -94.501384, 39.473974 ], [ -94.498232, 39.471702 ], [ -94.499205, 39.471311 ], [ -94.505133, 39.474321 ], [ -94.506694, 39.477183 ], [ -94.507609, 39.477344 ], [ -94.507657, 39.472685 ], [ -94.508266, 39.4727 ], [ -94.508585, 39.470105 ], [ -94.500923, 39.470078 ], [ -94.500007, 39.467143 ], [ -94.504789, 39.463534 ], [ -94.502886, 39.46283 ], [ -94.491615, 39.462759 ], [ -94.4914, 39.462945 ], [ -94.487271, 39.462612 ], [ -94.485606, 39.461594 ], [ -94.482921, 39.461642 ], [ -94.480144, 39.46276 ], [ -94.472515, 39.462711 ], [ -94.472534, 39.491706 ], [ -94.453682, 39.491681 ], [ -94.453646, 39.484861 ], [ -94.451218, 39.481507 ], [ -94.449099, 39.48103 ], [ -94.4486, 39.477144 ], [ -94.44445, 39.477157 ], [ -94.444493, 39.470012 ], [ -94.444561, 39.463224 ], [ -94.449176, 39.462741 ], [ -94.449306, 39.455387 ], [ -94.449407, 39.443744 ], [ -94.449549, 39.426239 ], [ -94.44481, 39.426229 ], [ -94.444955, 39.418926 ], [ -94.447342, 39.415262 ], [ -94.447364, 39.413436 ], [ -94.449716, 39.410562 ], [ -94.451374, 39.409145 ], [ -94.451078, 39.407621 ], [ -94.452351, 39.409664 ], [ -94.455639, 39.409865 ], [ -94.459188, 39.411861 ], [ -94.45938, 39.412639 ], [ -94.463762, 39.418882 ], [ -94.46376, 39.417031 ], [ -94.46951, 39.417651 ], [ -94.480757, 39.417865 ], [ -94.483533, 39.418981 ], [ -94.483941, 39.419748 ], [ -94.483717, 39.422937 ], [ -94.480153, 39.427537 ], [ -94.481444, 39.427669 ], [ -94.481768, 39.431023 ], [ -94.483571, 39.430602 ], [ -94.485805, 39.431788 ], [ -94.483565, 39.431693 ], [ -94.482571, 39.434597 ], [ -94.484639, 39.437108 ], [ -94.487507, 39.437903 ], [ -94.485583, 39.438386 ], [ -94.486425, 39.440015 ], [ -94.488463, 39.441542 ], [ -94.488793, 39.441039 ], [ -94.490235, 39.440543 ], [ -94.489619, 39.441048 ], [ -94.491698, 39.441124 ], [ -94.491779, 39.429018 ], [ -94.49255, 39.427127 ], [ -94.49929, 39.426015 ], [ -94.505437, 39.425916 ], [ -94.50531, 39.433039 ], [ -94.514438, 39.433073 ], [ -94.514803, 39.439179 ], [ -94.515889, 39.441064 ], [ -94.516771, 39.442026 ], [ -94.517361, 39.44253 ], [ -94.518625, 39.44337 ], [ -94.520308, 39.444226 ], [ -94.524026, 39.446117 ], [ -94.525507, 39.446679 ], [ -94.527274, 39.447112 ], [ -94.529142, 39.447327 ], [ -94.529307, 39.447336 ], [ -94.537441, 39.447373 ], [ -94.542111, 39.448779 ], [ -94.538962, 39.450063 ], [ -94.540717, 39.452132 ], [ -94.53906, 39.453116 ], [ -94.539477, 39.455067 ], [ -94.541256, 39.455704 ], [ -94.55083, 39.455802 ], [ -94.553372, 39.455815 ], [ -94.56436, 39.456019 ], [ -94.564733, 39.45588 ], [ -94.564925, 39.455859 ], [ -94.565684, 39.455886 ], [ -94.567342, 39.455885 ], [ -94.567481, 39.455879 ], [ -94.567638, 39.455872 ], [ -94.573837, 39.455848 ], [ -94.573864, 39.47039 ], [ -94.60104, 39.470415 ], [ -94.602372, 39.470504 ], [ -94.610796, 39.470488 ], [ -94.609402, 39.455961 ], [ -94.612238, 39.455947 ], [ -94.612278, 39.463016 ], [ -94.62742, 39.463209 ], [ -94.627915, 39.464122 ], [ -94.628293, 39.470423 ] ] ] ] } },
{ "type": "Feature", "properties": { "ZCTA5CE20": "64119", "AFFGEOID20": "860Z200US64119", "GEOID20": "64119", "NAME20": "64119", "LSAD20": "Z5", "ALAND20": 37559110.0, "AWATER20": 14449.0, "price_2012": 109238.85900236682, "price_2026": 264409.86765068112, "log_change": 0.88396357651833668, "pct_change": 1.4204744544700185, "dollar_change": 155171.00864831428, "mci": 19809.81669, "plaza": 19799.96761, "pnl": 13598.36512, "legends": 28707.82779, "lees_summit": 34876.68166, "cbd": 16699.166365000001, "log_population": 10.410275033969022, "median_income": 83929.0, "poverty_rate": 0.11803596882297637, "bachelors_only": 0.19684505131032143, "college_plus": 0.32579933847850057, "no_college": 0.67420066152149949 }, "geometry": { "type": "MultiPolygon", "coordinates": [ [ [ [ -94.555169, 39.247004 ], [ -94.553938, 39.248004 ], [ -94.549767, 39.248199 ], [ -94.547613, 39.248937 ], [ -94.539385, 39.24599 ], [ -94.539352, 39.246251 ], [ -94.534546, 39.244611 ], [ -94.534489, 39.245781 ], [ -94.520545, 39.245502 ], [ -94.513668, 39.245454 ], [ -94.513219, 39.2447 ], [ -94.511583, 39.243175 ], [ -94.507276, 39.243436 ], [ -94.499106, 39.243922 ], [ -94.493029, 39.244288 ], [ -94.492942, 39.232869 ], [ -94.495418, 39.228792 ], [ -94.493701, 39.228368 ], [ -94.492944, 39.228399 ], [ -94.492964, 39.226117 ], [ -94.492987, 39.223554 ], [ -94.492987, 39.22354 ], [ -94.493005, 39.216552 ], [ -94.493115, 39.212769 ], [ -94.49167, 39.211396 ], [ -94.490835, 39.210098 ], [ -94.490636, 39.209236 ], [ -94.490679, 39.207995 ], [ -94.491353, 39.206527 ], [ -94.492329, 39.204842 ], [ -94.492539, 39.202628 ], [ -94.492588, 39.198555 ], [ -94.484314, 39.198502 ], [ -94.484583, 39.194969 ], [ -94.482227, 39.194952 ], [ -94.475188, 39.194837 ], [ -94.475307, 39.180425 ], [ -94.47683, 39.180503 ], [ -94.480393, 39.180459 ], [ -94.492831, 39.180581 ], [ -94.493086, 39.18058 ], [ -94.497357, 39.180683 ], [ -94.502784, 39.180366 ], [ -94.505707, 39.180405 ], [ -94.506966, 39.180466 ], [ -94.510542, 39.180718 ], [ -94.512638, 39.180659 ], [ -94.518904, 39.180596 ], [ -94.521302, 39.18075 ], [ -94.525704, 39.180758 ], [ -94.526028, 39.180758 ], [ -94.52127, 39.183657 ], [ -94.521261, 39.184091 ], [ -94.524464, 39.181985 ], [ -94.531056, 39.179732 ], [ -94.531152, 39.178602 ], [ -94.531476, 39.178562 ], [ -94.531877, 39.178588 ], [ -94.531898, 39.182666 ], [ -94.534479, 39.18242 ], [ -94.534471, 39.181342 ], [ -94.538891, 39.179198 ], [ -94.540347, 39.179428 ], [ -94.540627, 39.181156 ], [ -94.54137, 39.180905 ], [ -94.548944, 39.18083 ], [ -94.549699, 39.184188 ], [ -94.548874, 39.184241 ], [ -94.54884, 39.186237 ], [ -94.548772, 39.18858 ], [ -94.548686, 39.195331 ], [ -94.54856, 39.202536 ], [ -94.548516, 39.205456 ], [ -94.54881, 39.205454 ], [ -94.549121, 39.205538 ], [ -94.549079, 39.20672 ], [ -94.548847, 39.20668 ], [ -94.548501, 39.206682 ], [ -94.548478, 39.209775 ], [ -94.548508, 39.21419 ], [ -94.548515, 39.214995 ], [ -94.548525, 39.219417 ], [ -94.548414, 39.22418 ], [ -94.54832, 39.225147 ], [ -94.54817, 39.228615 ], [ -94.548177, 39.231414 ], [ -94.548316, 39.233841 ], [ -94.547581, 39.233815 ], [ -94.549126, 39.236519 ], [ -94.548182, 39.239608 ], [ -94.551675, 39.241347 ], [ -94.553377, 39.246409 ], [ -94.554388, 39.24555 ], [ -94.555169, 39.247004 ] ] ] ] } },
{ "type": "Feature", "properties": { "ZCTA5CE20": "66086", "AFFGEOID20": "860Z200US66086", "GEOID20": "66086", "NAME20": "66086", "LSAD20": "Z5", "ALAND20": 246799385.0, "AWATER20": 1383962.0, "price_2012": 140580.75566990764, "price_2026": 373723.58698048466, "log_change": 0.97773435481519755, "pct_change": 1.6584263628373921, "dollar_change": 233142.83131057702, "mci": 37426.87306, "plaza": 43063.01142, "pnl": 43234.1114, "legends": 21578.40991, "lees_summit": 64292.69187, "cbd": 43148.56141, "log_population": 9.3001810759759724, "median_income": 98318.0, "poverty_rate": 0.082957370407881412, "bachelors_only": 0.27355096602265155, "college_plus": 0.40359760159893404, "no_college": 0.59640239840106601 }, "geometry": { "type": "MultiPolygon", "coordinates": [ [ [ [ -95.194577, 39.150144 ], [ -95.191575, 39.152155 ], [ -95.191446, 39.153954 ], [ -95.193557, 39.154748 ], [ -95.193148, 39.157555 ], [ -95.180287, 39.158015 ], [ -95.170534, 39.157943 ], [ -95.166437, 39.154042 ], [ -95.165791, 39.154113 ], [ -95.164537, 39.153691 ], [ -95.161795, 39.153387 ], [ -95.161765, 39.149688 ], [ -95.157256, 39.146493 ], [ -95.156727, 39.147 ], [ -95.152325, 39.155648 ], [ -95.147434, 39.164866 ], [ -95.134123, 39.165058 ], [ -95.133691, 39.176053 ], [ -95.129033, 39.176201 ], [ -95.129037, 39.179694 ], [ -95.132462, 39.179499 ], [ -95.124477, 39.184875 ], [ -95.124481, 39.17958 ], [ -95.114527, 39.179612 ], [ -95.113843, 39.180945 ], [ -95.111565, 39.18181 ], [ -95.105855, 39.182364 ], [ -95.105856, 39.18172 ], [ -95.103439, 39.181606 ], [ -95.102714, 39.180633 ], [ -95.100673, 39.180893 ], [ -95.098357, 39.179772 ], [ -95.091048, 39.179896 ], [ -95.091059, 39.178669 ], [ -95.088747, 39.178126 ], [ -95.087386, 39.178602 ], [ -95.087386, 39.175876 ], [ -95.078278, 39.175876 ], [ -95.078068, 39.173296 ], [ -95.077154, 39.172346 ], [ -95.070819, 39.17235 ], [ -95.068642, 39.174152 ], [ -95.068651, 39.188821 ], [ -95.067932, 39.187709 ], [ -95.066371, 39.18838 ], [ -95.066015, 39.186916 ], [ -95.063981, 39.187398 ], [ -95.062403, 39.186835 ], [ -95.059169, 39.18683 ], [ -95.059156, 39.187643 ], [ -95.061529, 39.187656 ], [ -95.061584, 39.18856 ], [ -95.063808, 39.18856 ], [ -95.063916, 39.190874 ], [ -95.065019, 39.190874 ], [ -95.065073, 39.194039 ], [ -95.06379, 39.194111 ], [ -95.063826, 39.199391 ], [ -95.061547, 39.199427 ], [ -95.061475, 39.200476 ], [ -95.059111, 39.200475 ], [ -95.059114, 39.201335 ], [ -95.050882, 39.201235 ], [ -95.042724, 39.201336 ], [ -95.040521, 39.200784 ], [ -95.036968, 39.201281 ], [ -95.031225, 39.201303 ], [ -95.031169, 39.18675 ], [ -95.012664, 39.186656 ], [ -95.012591, 39.201203 ], [ -95.00314, 39.20123 ], [ -95.0032, 39.186711 ], [ -94.991641, 39.186605 ], [ -94.989499, 39.18382 ], [ -94.989034, 39.181151 ], [ -94.990213, 39.180563 ], [ -94.988329, 39.179243 ], [ -94.989381, 39.177538 ], [ -94.988138, 39.176937 ], [ -94.988564, 39.175488 ], [ -94.986835, 39.173379 ], [ -94.989123, 39.173305 ], [ -94.990975, 39.172316 ], [ -94.992112, 39.16956 ], [ -94.989742, 39.167784 ], [ -94.992838, 39.16645 ], [ -94.994083, 39.166472 ], [ -94.994078, 39.157995 ], [ -94.992202, 39.158707 ], [ -94.985072, 39.158356 ], [ -94.984976, 39.143148 ], [ -94.98409, 39.143145 ], [ -94.987372, 39.13972 ], [ -94.987804, 39.135207 ], [ -94.988785, 39.133271 ], [ -94.988164, 39.13232 ], [ -94.985759, 39.133304 ], [ -94.985686, 39.132611 ], [ -94.981483, 39.133684 ], [ -94.980348, 39.131895 ], [ -94.98151, 39.130454 ], [ -94.98098, 39.128562 ], [ -94.975649, 39.128571 ], [ -94.971675, 39.12809 ], [ -94.969134, 39.125172 ], [ -94.964954, 39.124251 ], [ -94.965593, 39.122733 ], [ -94.966282, 39.123528 ], [ -94.973497, 39.123479 ], [ -94.973471, 39.119886 ], [ -94.964244, 39.119901 ], [ -94.964247, 39.116015 ], [ -94.971748, 39.116372 ], [ -94.97358, 39.11637 ], [ -94.982787, 39.116377 ], [ -94.982855, 39.113017 ], [ -94.987496, 39.112638 ], [ -94.987424, 39.103622 ], [ -94.98374, 39.101701 ], [ -94.983706, 39.1005 ], [ -94.984598, 39.100572 ], [ -94.984563, 39.098108 ], [ -94.987437, 39.098197 ], [ -94.987526, 39.088128 ], [ -94.984134, 39.088092 ], [ -94.982893, 39.087162 ], [ -94.982977, 39.075435 ], [ -94.999451, 39.071837 ], [ -94.998997, 39.071409 ], [ -94.999046, 39.071312 ], [ -95.001454, 39.070556 ], [ -95.001543, 39.058278 ], [ -95.001649, 39.043739 ], [ -95.014203, 39.043756 ], [ -95.017583, 39.050055 ], [ -95.016801, 39.051251 ], [ -95.014331, 39.052291 ], [ -95.014211, 39.053998 ], [ -95.012237, 39.05448 ], [ -95.012723, 39.058254 ], [ -95.037762, 39.058379 ], [ -95.037742, 39.051009 ], [ -95.056283, 39.051038 ], [ -95.056286, 39.043788 ], [ -95.074919, 39.043838 ], [ -95.074972, 39.051294 ], [ -95.093429, 39.043906 ], [ -95.095884, 39.042622 ], [ -95.128686, 39.02376 ], [ -95.131136, 39.02271 ], [ -95.131228, 39.029475 ], [ -95.149156, 39.029447 ], [ -95.149299, 39.035344 ], [ -95.139288, 39.035414 ], [ -95.139217, 39.036804 ], [ -95.130221, 39.036735 ], [ -95.129771, 39.039741 ], [ -95.127161, 39.04176 ], [ -95.127183, 39.043213 ], [ -95.124909, 39.043839 ], [ -95.124757, 39.044596 ], [ -95.125581, 39.045584 ], [ -95.128548, 39.04509 ], [ -95.128716, 39.048276 ], [ -95.130335, 39.048112 ], [ -95.130823, 39.046797 ], [ -95.131905, 39.047907 ], [ -95.133998, 39.048586 ], [ -95.134471, 39.049968 ], [ -95.131976, 39.051258 ], [ -95.129299, 39.049677 ], [ -95.127824, 39.050625 ], [ -95.12889, 39.051497 ], [ -95.130987, 39.051379 ], [ -95.131946, 39.052233 ], [ -95.135019, 39.052515 ], [ -95.136003, 39.05442 ], [ -95.139293, 39.055989 ], [ -95.140107, 39.057187 ], [ -95.141598, 39.057118 ], [ -95.141656, 39.058442 ], [ -95.153334, 39.058508 ], [ -95.153045, 39.059453 ], [ -95.155264, 39.060144 ], [ -95.154965, 39.063962 ], [ -95.157838, 39.066317 ], [ -95.158859, 39.065495 ], [ -95.161693, 39.066976 ], [ -95.164541, 39.070594 ], [ -95.167432, 39.071716 ], [ -95.168974, 39.071307 ], [ -95.173019, 39.072782 ], [ -95.174648, 39.072993 ], [ -95.187562, 39.073117 ], [ -95.187533, 39.076325 ], [ -95.187431, 39.076367 ], [ -95.187816, 39.121537 ], [ -95.187963, 39.128909 ], [ -95.187199, 39.128907 ], [ -95.184933, 39.135606 ], [ -95.187052, 39.136768 ], [ -95.188438, 39.13948 ], [ -95.186971, 39.141941 ], [ -95.188935, 39.142041 ], [ -95.18951, 39.14331 ], [ -95.19184, 39.144057 ], [ -95.193533, 39.145663 ], [ -95.1937, 39.147471 ], [ -95.19501, 39.148065 ], [ -95.194577, 39.150144 ] ] ] ] } },
{ "type": "Feature", "properties": { "ZCTA5CE20": "64136", "AFFGEOID20": "860Z200US64136", "GEOID20": "64136", "NAME20": "64136", "LSAD20": "Z5", "ALAND20": 11092526.0, "AWATER20": 92418.0, "price_2012": 96957.224576914756, "price_2026": 267253.3276094661, "log_change": 1.0139271036276121, "pct_change": 1.7564044739900526, "dollar_change": 170296.10303255136, "mci": 41916.82794, "plaza": 16756.80524, "pnl": 18178.97538, "legends": 39117.21843, "lees_summit": 11033.5683, "cbd": 17467.89031, "log_population": 7.3790081276283042, "median_income": 51867.0, "poverty_rate": 0.079122340425531915, "bachelors_only": 0.2175609756097561, "college_plus": 0.26341463414634148, "no_college": 0.73658536585365852 }, "geometry": { "type": "MultiPolygon", "coordinates": [ [ [ [ -94.417808, 38.984751 ], [ -94.417256, 38.985819 ], [ -94.417417, 38.991073 ], [ -94.412689, 38.990687 ], [ -94.411859, 38.999509 ], [ -94.411857, 39.00911 ], [ -94.412716, 39.013688 ], [ -94.413975, 39.019151 ], [ -94.416415, 39.01926 ], [ -94.416077, 39.026069 ], [ -94.415464, 39.027111 ], [ -94.414031, 39.028417 ], [ -94.413879, 39.029313 ], [ -94.415779, 39.032923 ], [ -94.415739, 39.034056 ], [ -94.415684, 39.035048 ], [ -94.41466, 39.03558 ], [ -94.414531, 39.036488 ], [ -94.401709, 39.03587 ], [ -94.401003, 39.035838 ], [ -94.387997, 39.035298 ], [ -94.388035, 39.034417 ], [ -94.387102, 39.03437 ], [ -94.3875, 39.026348 ], [ -94.388278, 39.02638 ], [ -94.38891, 39.020355 ], [ -94.38876, 39.019449 ], [ -94.388498, 39.018756 ], [ -94.388463, 39.018704 ], [ -94.387974, 39.017978 ], [ -94.387554, 39.017369 ], [ -94.386764, 39.016094 ], [ -94.386654, 39.015556 ], [ -94.387191, 39.012577 ], [ -94.388285, 39.006692 ], [ -94.388967, 39.005376 ], [ -94.38872, 39.001166 ], [ -94.389417, 38.997933 ], [ -94.389495, 38.994492 ], [ -94.39744, 38.994658 ], [ -94.400729, 38.991295 ], [ -94.406205, 38.990595 ], [ -94.407774, 38.989616 ], [ -94.407711, 38.987352 ], [ -94.407823, 38.984244 ], [ -94.413298, 38.98437 ], [ -94.417678, 38.984744 ], [ -94.417808, 38.984751 ] ] ] ] } },
{ "type": "Feature", "properties": { "ZCTA5CE20": "64053", "AFFGEOID20": "860Z200US64053", "GEOID20": "64053", "NAME20": "64053", "LSAD20": "Z5", "ALAND20": 7016380.0, "AWATER20": 39806.0, "price_2012": 26869.618030570506, "price_2026": 122676.98395062987, "log_change": 1.5185585471914553, "pct_change": 3.5656392960650192, "dollar_change": 95807.365920059368, "mci": 30382.94852, "plaza": 12994.89925, "pnl": 9888.285667, "legends": 31513.58471, "lees_summit": 22571.70827, "cbd": 11441.592458499999, "log_population": 8.820994645747902, "median_income": 47285.0, "poverty_rate": 0.32643100133116404, "bachelors_only": 0.053620646454522677, "college_plus": 0.10573791029817088, "no_college": 0.89426208970182908 }, "geometry": { "type": "MultiPolygon", "coordinates": [ [ [ [ -94.488753, 39.118913 ], [ -94.482723, 39.119203 ], [ -94.475393, 39.118652 ], [ -94.467601, 39.122054 ], [ -94.467546, 39.12478 ], [ -94.46723, 39.124304 ], [ -94.46159, 39.120372 ], [ -94.455429, 39.123104 ], [ -94.455432, 39.121544 ], [ -94.460667, 39.11848 ], [ -94.460732, 39.116856 ], [ -94.458599, 39.116864 ], [ -94.45646, 39.115418 ], [ -94.456282, 39.116876 ], [ -94.453135, 39.117014 ], [ -94.453126, 39.116053 ], [ -94.452412, 39.116026 ], [ -94.452553, 39.113544 ], [ -94.453241, 39.113566 ], [ -94.453407, 39.10996 ], [ -94.452491, 39.109928 ], [ -94.452839, 39.103266 ], [ -94.452386, 39.102725 ], [ -94.4512, 39.102679 ], [ -94.450116, 39.099678 ], [ -94.4501, 39.097616 ], [ -94.447898, 39.094964 ], [ -94.452086, 39.095125 ], [ -94.45336, 39.09625 ], [ -94.454999, 39.097132 ], [ -94.455035, 39.096088 ], [ -94.456226, 39.09613 ], [ -94.456341, 39.095556 ], [ -94.458635, 39.095863 ], [ -94.458655, 39.095363 ], [ -94.460849, 39.095449 ], [ -94.465923, 39.095576 ], [ -94.46752, 39.095033 ], [ -94.46755, 39.095022 ], [ -94.469992, 39.094163 ], [ -94.470393, 39.094017 ], [ -94.470915, 39.093828 ], [ -94.474076, 39.09222 ], [ -94.477447, 39.092355 ], [ -94.478765, 39.094767 ], [ -94.478851, 39.097229 ], [ -94.477813, 39.099297 ], [ -94.476936, 39.099324 ], [ -94.476383, 39.101567 ], [ -94.477576, 39.103764 ], [ -94.47886, 39.104883 ], [ -94.479207, 39.10571 ], [ -94.480023, 39.105777 ], [ -94.479863, 39.10654 ], [ -94.479716, 39.107698 ], [ -94.479646, 39.10849 ], [ -94.4815, 39.108042 ], [ -94.481363, 39.111249 ], [ -94.485796, 39.111297 ], [ -94.485856, 39.113388 ], [ -94.486679, 39.115617 ], [ -94.4886, 39.117935 ], [ -94.489418, 39.118706 ], [ -94.488753, 39.118913 ] ] ] ] } },
{ "type": "Feature", "properties": { "ZCTA5CE20": "64724", "AFFGEOID20": "860Z200US64724", "GEOID20": "64724", "NAME20": "64724", "LSAD20": "Z5", "ALAND20": 329315379.0, "AWATER20": 3018254.0, "price_2012": 93052.064211089644, "price_2026": 181340.28073657968, "log_change": 0.66721610360591654, "pct_change": 0.94880449213041884, "dollar_change": 88288.216525490032, "mci": 141534.1508, "plaza": 111074.9479, "pnl": 116289.8883, "legends": 129416.0869, "lees_summit": 90786.51057, "cbd": 113682.4181, "log_population": 7.6004023345003997, "median_income": 49338.0, "poverty_rate": 0.099352051835853133, "bachelors_only": 0.13564431047475509, "college_plus": 0.20195930670685758, "no_college": 0.79804069329314242 }, "geometry": { "type": "MultiPolygon", "coordinates": [ [ [ [ -94.178586, 38.15097 ], [ -94.164422, 38.15049 ], [ -94.164333, 38.152511 ], [ -94.162242, 38.197452 ], [ -94.171378, 38.197935 ], [ -94.171211, 38.205237 ], [ -94.166971, 38.204962 ], [ -94.166504, 38.205531 ], [ -94.161883, 38.20561 ], [ -94.161376, 38.216508 ], [ -94.144034, 38.216101 ], [ -94.143591, 38.230636 ], [ -94.125377, 38.23023 ], [ -94.125744, 38.21884 ], [ -94.127247, 38.21603 ], [ -94.126576, 38.215707 ], [ -94.084386, 38.214674 ], [ -94.075214, 38.214502 ], [ -94.049895, 38.213985 ], [ -94.022652, 38.213333 ], [ -94.020869, 38.215902 ], [ -94.013365, 38.22466 ], [ -94.012328, 38.227609 ], [ -93.982703, 38.226907 ], [ -93.983281, 38.213518 ], [ -93.984713, 38.212463 ], [ -93.964932, 38.211919 ], [ -93.958673, 38.21177 ], [ -93.959411, 38.195155 ], [ -93.940807, 38.194537 ], [ -93.876954, 38.192455 ], [ -93.867773, 38.192154 ], [ -93.867951, 38.190687 ], [ -93.868887, 38.170443 ], [ -93.850953, 38.169934 ], [ -93.851648, 38.155441 ], [ -93.869598, 38.155944 ], [ -93.871787, 38.116032 ], [ -93.869495, 38.115206 ], [ -93.868816, 38.112517 ], [ -93.869112, 38.111252 ], [ -93.867357, 38.108433 ], [ -93.867506, 38.105046 ], [ -93.866487, 38.104352 ], [ -93.865925, 38.101919 ], [ -93.866939, 38.097952 ], [ -93.86654, 38.097077 ], [ -93.867649, 38.095153 ], [ -93.867633, 38.091984 ], [ -93.866058, 38.091619 ], [ -93.867814, 38.090831 ], [ -93.867007, 38.088555 ], [ -93.867273, 38.086735 ], [ -93.865801, 38.085509 ], [ -93.867269, 38.081434 ], [ -93.86632, 38.078913 ], [ -93.867393, 38.078392 ], [ -93.865893, 38.07637 ], [ -93.86623, 38.075744 ], [ -93.864061, 38.073401 ], [ -93.864954, 38.054289 ], [ -93.875279, 38.054359 ], [ -93.881983, 38.055333 ], [ -93.887996, 38.054707 ], [ -93.88824, 38.057767 ], [ -93.891525, 38.056687 ], [ -93.892513, 38.054638 ], [ -93.894758, 38.053128 ], [ -93.896225, 38.050887 ], [ -93.900918, 38.049817 ], [ -93.902982, 38.050813 ], [ -93.906524, 38.051198 ], [ -93.907027, 38.05253 ], [ -93.902968, 38.054964 ], [ -93.903518, 38.055508 ], [ -93.905408, 38.054737 ], [ -93.90705, 38.056266 ], [ -93.910734, 38.055651 ], [ -93.912846, 38.054586 ], [ -93.915847, 38.055162 ], [ -93.918977, 38.057537 ], [ -93.921371, 38.058081 ], [ -93.923802, 38.060531 ], [ -93.923063, 38.061928 ], [ -93.921659, 38.062629 ], [ -93.919385, 38.065165 ], [ -93.919316, 38.066451 ], [ -93.920844, 38.068501 ], [ -93.922609, 38.068429 ], [ -93.922667, 38.067094 ], [ -93.924632, 38.067676 ], [ -93.92457, 38.069398 ], [ -93.925891, 38.069883 ], [ -93.927745, 38.069283 ], [ -93.928273, 38.070065 ], [ -93.92784, 38.074974 ], [ -93.928637, 38.078844 ], [ -93.931211, 38.078548 ], [ -93.937563, 38.079677 ], [ -93.941509, 38.082372 ], [ -93.943814, 38.085631 ], [ -93.945363, 38.085816 ], [ -93.944852, 38.095977 ], [ -93.944913, 38.098063 ], [ -93.946074, 38.100378 ], [ -93.961765, 38.100945 ], [ -93.962982, 38.101823 ], [ -93.966501, 38.102553 ], [ -93.969894, 38.104865 ], [ -93.972572, 38.10593 ], [ -93.971529, 38.106941 ], [ -93.972008, 38.108096 ], [ -93.974596, 38.108462 ], [ -93.975126, 38.110582 ], [ -93.977205, 38.110944 ], [ -93.977999, 38.112812 ], [ -93.980218, 38.114234 ], [ -93.982102, 38.114206 ], [ -93.982804, 38.113403 ], [ -93.988945, 38.114274 ], [ -93.990204, 38.114867 ], [ -93.989446, 38.116004 ], [ -93.99102, 38.118871 ], [ -93.992898, 38.11931 ], [ -93.994219, 38.118491 ], [ -93.997257, 38.118033 ], [ -93.998795, 38.119301 ], [ -93.999829, 38.102298 ], [ -94.031113, 38.10336 ], [ -94.032939, 38.099087 ], [ -94.033996, 38.098214 ], [ -94.033906, 38.096961 ], [ -94.036976, 38.095686 ], [ -94.03659, 38.103554 ], [ -94.04329, 38.10379 ], [ -94.042664, 38.105307 ], [ -94.043741, 38.106648 ], [ -94.045054, 38.112021 ], [ -94.044734, 38.113801 ], [ -94.045721, 38.114817 ], [ -94.046242, 38.116784 ], [ -94.047326, 38.118344 ], [ -94.05449, 38.118682 ], [ -94.073, 38.119145 ], [ -94.073077, 38.117894 ], [ -94.076232, 38.115361 ], [ -94.079793, 38.115091 ], [ -94.081343, 38.113932 ], [ -94.084177, 38.113491 ], [ -94.083325, 38.114741 ], [ -94.08459, 38.116714 ], [ -94.088802, 38.117466 ], [ -94.089687, 38.116648 ], [ -94.104743, 38.105403 ], [ -94.128771, 38.105912 ], [ -94.128271, 38.120376 ], [ -94.14664, 38.120874 ], [ -94.147415, 38.106349 ], [ -94.166379, 38.10686 ], [ -94.16553, 38.121513 ], [ -94.1663, 38.121429 ], [ -94.175313, 38.121647 ], [ -94.174754, 38.134927 ], [ -94.17511, 38.13604 ], [ -94.178472, 38.136325 ], [ -94.179317, 38.137071 ], [ -94.178586, 38.15097 ] ] ] ] } },
{ "type": "Feature", "properties": { "ZCTA5CE20": "64030", "AFFGEOID20": "860Z200US64030", "GEOID20": "64030", "NAME20": "64030", "LSAD20": "Z5", "ALAND20": 37606533.0, "AWATER20": 91158.0, "price_2012": 67795.387647204348, "price_2026": 217439.10171069615, "log_change": 1.1654246553589029, "pct_change": 2.2072845846418372, "dollar_change": 149643.71406349179, "mci": 49589.39817, "plaza": 18984.59561, "pnl": 24822.34171, "legends": 38009.01096, "lees_summit": 12683.39571, "cbd": 21903.46866, "log_population": 10.181952275438299, "median_income": 53216.0, "poverty_rate": 0.17918569254185693, "bachelors_only": 0.17338998951492743, "college_plus": 0.25622206280006621, "no_college": 0.74377793719993379 }, "geometry": { "type": "MultiPolygon", "coordinates": [ [ [ [ -94.563115, 38.874247 ], [ -94.561978, 38.891913 ], [ -94.561711, 38.896053 ], [ -94.561479, 38.89969 ], [ -94.561442, 38.900334 ], [ -94.560828, 38.910095 ], [ -94.543056, 38.909243 ], [ -94.542977, 38.909731 ], [ -94.538304, 38.909523 ], [ -94.538167, 38.910027 ], [ -94.528212, 38.909587 ], [ -94.52825, 38.909086 ], [ -94.524258, 38.908912 ], [ -94.524333, 38.909391 ], [ -94.523868, 38.909368 ], [ -94.523691, 38.908897 ], [ -94.522932, 38.908822 ], [ -94.511446, 38.908136 ], [ -94.505797, 38.907791 ], [ -94.503296, 38.907732 ], [ -94.488569, 38.907211 ], [ -94.488892, 38.901999 ], [ -94.488889, 38.901797 ], [ -94.490203, 38.900427 ], [ -94.490503, 38.900017 ], [ -94.493657, 38.8949 ], [ -94.494339, 38.885784 ], [ -94.491438, 38.885777 ], [ -94.491373, 38.885632 ], [ -94.489723, 38.885556 ], [ -94.489951, 38.879739 ], [ -94.490451, 38.870839 ], [ -94.490792, 38.865323 ], [ -94.4913, 38.855847 ], [ -94.49213, 38.841707 ], [ -94.499422, 38.842035 ], [ -94.509068, 38.842302 ], [ -94.510121, 38.842464 ], [ -94.515079, 38.842703 ], [ -94.521613, 38.843075 ], [ -94.526849, 38.843281 ], [ -94.529564, 38.843652 ], [ -94.528767, 38.854117 ], [ -94.528524, 38.855835 ], [ -94.528074, 38.857931 ], [ -94.526921, 38.865305 ], [ -94.5274, 38.865328 ], [ -94.545855, 38.866216 ], [ -94.557239, 38.866764 ], [ -94.560478, 38.866869 ], [ -94.563841, 38.866933 ], [ -94.563115, 38.874247 ] ] ] ] } },
{ "type": "Feature", "properties": { "ZCTA5CE20": "66220", "AFFGEOID20": "860Z200US66220", "GEOID20": "66220", "NAME20": "66220", "LSAD20": "Z5", "ALAND20": 16520546.0, "AWATER20": 115782.0, "price_2012": 353299.00530447328, "price_2026": 688557.99272461969, "log_change": 0.66728480623885567, "pct_change": 0.94893838472944481, "dollar_change": 335258.98742014641, "mci": 38617.17049, "plaza": 21833.94367, "pnl": 25805.02858, "legends": 17994.85302, "lees_summit": 38302.67358, "cbd": 23819.486125, "log_population": 9.0519306352285405, "median_income": 177206.0, "poverty_rate": 0.04370240187463386, "bachelors_only": 0.40496894409937889, "college_plus": 0.73416149068322978, "no_college": 0.26583850931677022 }, "geometry": { "type": "MultiPolygon", "coordinates": [ [ [ [ -94.844567, 38.960693 ], [ -94.842219, 38.963486 ], [ -94.843687, 38.963468 ], [ -94.844052, 38.964628 ], [ -94.844078, 38.969719 ], [ -94.844351, 38.971599 ], [ -94.844171, 38.974898 ], [ -94.838256, 38.974272 ], [ -94.838265, 38.976055 ], [ -94.836484, 38.976063 ], [ -94.836478, 38.978123 ], [ -94.844112, 38.978049 ], [ -94.844089, 38.98162 ], [ -94.825419, 38.981563 ], [ -94.820765, 38.981572 ], [ -94.820826, 38.985274 ], [ -94.817081, 38.985241 ], [ -94.81632, 38.985287 ], [ -94.80926, 38.985322 ], [ -94.81076, 38.9817 ], [ -94.809256, 38.979913 ], [ -94.807271, 38.975244 ], [ -94.804835, 38.975174 ], [ -94.803041, 38.976119 ], [ -94.801335, 38.974898 ], [ -94.798304, 38.974898 ], [ -94.797294, 38.97542 ], [ -94.797298, 38.974488 ], [ -94.7973, 38.974113 ], [ -94.797313, 38.970997 ], [ -94.797376, 38.955824 ], [ -94.800361, 38.95583 ], [ -94.801063, 38.955831 ], [ -94.800037, 38.9531 ], [ -94.800207, 38.950633 ], [ -94.801228, 38.948507 ], [ -94.806734, 38.94275 ], [ -94.807392, 38.941663 ], [ -94.812746, 38.94182 ], [ -94.816144, 38.941807 ], [ -94.821475, 38.941606 ], [ -94.834574, 38.941122 ], [ -94.834553, 38.941646 ], [ -94.84343, 38.941649 ], [ -94.843441, 38.942882 ], [ -94.842273, 38.942882 ], [ -94.843965, 38.948821 ], [ -94.844021, 38.95246 ], [ -94.844115, 38.95983 ], [ -94.844567, 38.960693 ] ] ] ] } },
{ "type": "Feature", "properties": { "ZCTA5CE20": "64439", "AFFGEOID20": "860Z200US64439", "GEOID20": "64439", "NAME20": "64439", "LSAD20": "Z5", "ALAND20": 139933542.0, "AWATER20": 1012436.0, "price_2012": 148738.61812785841, "price_2026": 331812.93997825397, "log_change": 0.80238085161690442, "pct_change": 1.2308459239080838, "dollar_change": 183074.32185039556, "mci": 24974.70322, "plaza": 55151.20115, "pnl": 49352.21412, "legends": 44947.4667, "lees_summit": 74574.17598, "cbd": 52251.707635, "log_population": 7.3375877435385961, "median_income": 91136.0, "poverty_rate": 0.052049446974625893, "bachelors_only": 0.25643469971401334, "college_plus": 0.31553860819828405, "no_college": 0.68446139180171595 }, "geometry": { "type": "MultiPolygon", "coordinates": [ [ [ [ -94.872437, 39.532352 ], [ -94.866205, 39.532309 ], [ -94.866287, 39.534725 ], [ -94.869133, 39.534909 ], [ -94.869154, 39.54333 ], [ -94.864163, 39.543276 ], [ -94.864293, 39.548257 ], [ -94.863109, 39.548274 ], [ -94.863014, 39.562755 ], [ -94.859329, 39.56274 ], [ -94.855563, 39.561591 ], [ -94.851514, 39.559073 ], [ -94.84996, 39.557191 ], [ -94.847072, 39.555798 ], [ -94.845899, 39.555663 ], [ -94.787846, 39.556372 ], [ -94.788071, 39.563354 ], [ -94.784645, 39.563609 ], [ -94.784099, 39.562878 ], [ -94.781964, 39.562949 ], [ -94.781965, 39.559226 ], [ -94.78093, 39.559308 ], [ -94.780231, 39.556869 ], [ -94.777641, 39.556759 ], [ -94.781274, 39.562993 ], [ -94.779771, 39.563659 ], [ -94.769504, 39.563807 ], [ -94.769425, 39.571846 ], [ -94.753294, 39.571671 ], [ -94.751967, 39.564249 ], [ -94.741223, 39.564385 ], [ -94.74121, 39.575336 ], [ -94.738878, 39.577354 ], [ -94.738218, 39.579396 ], [ -94.737138, 39.579367 ], [ -94.734699, 39.580665 ], [ -94.732483, 39.57842 ], [ -94.730172, 39.578068 ], [ -94.726392, 39.575091 ], [ -94.723951, 39.574892 ], [ -94.72237, 39.575236 ], [ -94.722352, 39.579049 ], [ -94.715767, 39.579037 ], [ -94.716238, 39.577126 ], [ -94.717882, 39.574402 ], [ -94.714428, 39.572107 ], [ -94.714771, 39.570201 ], [ -94.710917, 39.568929 ], [ -94.70846, 39.567363 ], [ -94.707311, 39.565026 ], [ -94.706076, 39.563959 ], [ -94.702652, 39.562271 ], [ -94.701286, 39.560837 ], [ -94.698745, 39.559312 ], [ -94.695939, 39.559046 ], [ -94.695243, 39.557469 ], [ -94.69512, 39.555083 ], [ -94.694379, 39.554161 ], [ -94.686459, 39.555651 ], [ -94.685419, 39.554922 ], [ -94.683567, 39.552144 ], [ -94.680822, 39.551355 ], [ -94.678229, 39.552134 ], [ -94.676745, 39.551196 ], [ -94.676261, 39.549977 ], [ -94.676726, 39.548061 ], [ -94.675998, 39.546684 ], [ -94.668892, 39.546299 ], [ -94.666654, 39.546469 ], [ -94.664424, 39.5477 ], [ -94.660567, 39.548034 ], [ -94.658857, 39.545913 ], [ -94.657803, 39.54334 ], [ -94.658447, 39.54167 ], [ -94.660684, 39.540244 ], [ -94.659867, 39.536812 ], [ -94.663986, 39.533956 ], [ -94.663512, 39.533511 ], [ -94.6596, 39.531188 ], [ -94.656964, 39.53097 ], [ -94.655962, 39.530663 ], [ -94.655063, 39.528918 ], [ -94.655967, 39.526273 ], [ -94.654965, 39.524323 ], [ -94.655011, 39.521667 ], [ -94.653493, 39.520818 ], [ -94.649958, 39.519811 ], [ -94.648852, 39.517964 ], [ -94.646616, 39.51824 ], [ -94.642883, 39.520721 ], [ -94.641601, 39.519661 ], [ -94.644056, 39.517382 ], [ -94.644157, 39.51582 ], [ -94.647928, 39.514557 ], [ -94.652271, 39.515018 ], [ -94.660365, 39.514207 ], [ -94.66427, 39.513098 ], [ -94.668277, 39.512865 ], [ -94.67076, 39.513674 ], [ -94.673571, 39.513614 ], [ -94.674528, 39.512783 ], [ -94.674309, 39.511027 ], [ -94.672803, 39.50997 ], [ -94.671967, 39.508333 ], [ -94.670116, 39.506317 ], [ -94.670423, 39.50469 ], [ -94.671638, 39.504264 ], [ -94.675436, 39.504529 ], [ -94.676535, 39.503601 ], [ -94.675559, 39.502115 ], [ -94.672587, 39.501753 ], [ -94.66978, 39.499253 ], [ -94.668083, 39.498715 ], [ -94.667952, 39.497899 ], [ -94.670077, 39.496024 ], [ -94.669577, 39.495413 ], [ -94.66685, 39.495604 ], [ -94.664909, 39.495172 ], [ -94.665186, 39.493596 ], [ -94.66714, 39.492212 ], [ -94.67064, 39.491084 ], [ -94.670366, 39.489552 ], [ -94.665225, 39.488086 ], [ -94.662263, 39.486787 ], [ -94.661001, 39.486371 ], [ -94.659037, 39.487257 ], [ -94.655695, 39.487183 ], [ -94.655243, 39.486663 ], [ -94.654909, 39.485786 ], [ -94.655348, 39.482003 ], [ -94.656011, 39.481024 ], [ -94.658867, 39.479427 ], [ -94.660232, 39.479372 ], [ -94.661028, 39.480852 ], [ -94.662374, 39.481754 ], [ -94.665588, 39.481765 ], [ -94.667138, 39.480593 ], [ -94.66686, 39.480006 ], [ -94.664467, 39.479222 ], [ -94.663767, 39.478063 ], [ -94.663847, 39.477999 ], [ -94.663882, 39.477834 ], [ -94.664066, 39.477275 ], [ -94.667888, 39.473095 ], [ -94.667743, 39.470669 ], [ -94.663714, 39.470531 ], [ -94.662041, 39.469178 ], [ -94.659227, 39.469391 ], [ -94.658979, 39.467819 ], [ -94.660652, 39.466794 ], [ -94.661808, 39.465263 ], [ -94.665459, 39.465065 ], [ -94.666305, 39.461887 ], [ -94.667749, 39.46134 ], [ -94.67265, 39.460777 ], [ -94.674183, 39.461449 ], [ -94.680132, 39.463091 ], [ -94.683511, 39.463574 ], [ -94.694053, 39.47898 ], [ -94.694079, 39.477346 ], [ -94.722345, 39.4773 ], [ -94.722391, 39.484607 ], [ -94.750511, 39.484362 ], [ -94.750605, 39.48095 ], [ -94.754175, 39.479863 ], [ -94.759164, 39.478694 ], [ -94.763353, 39.477093 ], [ -94.770069, 39.47698 ], [ -94.777913, 39.475683 ], [ -94.779774, 39.475146 ], [ -94.781263, 39.474644 ], [ -94.787662, 39.471335 ], [ -94.7863, 39.495186 ], [ -94.786376, 39.498551 ], [ -94.795621, 39.498508 ], [ -94.798111, 39.498482 ], [ -94.798434, 39.499317 ], [ -94.799982, 39.49982 ], [ -94.801528, 39.497423 ], [ -94.804369, 39.497789 ], [ -94.809191, 39.498357 ], [ -94.817191, 39.498258 ], [ -94.81713, 39.512803 ], [ -94.82641, 39.512832 ], [ -94.826415, 39.519906 ], [ -94.845172, 39.519482 ], [ -94.845261, 39.5195 ], [ -94.848662, 39.519424 ], [ -94.850247, 39.518489 ], [ -94.85359, 39.517548 ], [ -94.855112, 39.516559 ], [ -94.855721, 39.519399 ], [ -94.865958, 39.519517 ], [ -94.868069, 39.521807 ], [ -94.869833, 39.522935 ], [ -94.869703, 39.524393 ], [ -94.871454, 39.525004 ], [ -94.872421, 39.526666 ], [ -94.872437, 39.532352 ] ] ] ] } },
{ "type": "Feature", "properties": { "ZCTA5CE20": "64058", "AFFGEOID20": "860Z200US64058", "GEOID20": "64058", "NAME20": "64058", "LSAD20": "Z5", "ALAND20": 86320404.0, "AWATER20": 3986572.0, "price_2012": 100252.76200798512, "price_2026": 253734.3974883726, "log_change": 0.92859342372600118, "pct_change": 1.5309467031757458, "dollar_change": 153481.63548038749, "mci": 37385.63043, "plaza": 28351.52919, "pnl": 24697.46091, "legends": 45099.54207, "lees_summit": 29800.50428, "cbd": 26524.49505, "log_population": 8.8038747635344343, "median_income": 82192.0, "poverty_rate": 0.07967825163150706, "bachelors_only": 0.13079394217530976, "college_plus": 0.19206057824690226, "no_college": 0.80793942175309774 }, "geometry": { "type": "MultiPolygon", "coordinates": [ [ [ [ -94.408628, 39.193603 ], [ -94.407228, 39.195303 ], [ -94.402128, 39.197003 ], [ -94.401267, 39.196955 ], [ -94.395028, 39.196303 ], [ -94.390694, 39.194013 ], [ -94.389728, 39.193503 ], [ -94.384828, 39.187204 ], [ -94.38232, 39.180456 ], [ -94.380098, 39.17345 ], [ -94.378494, 39.170365 ], [ -94.377839, 39.16978 ], [ -94.376447, 39.168857 ], [ -94.374089, 39.167239 ], [ -94.373811, 39.166959 ], [ -94.369415, 39.163676 ], [ -94.36598, 39.163227 ], [ -94.363556, 39.163656 ], [ -94.3601, 39.165763 ], [ -94.358179, 39.167466 ], [ -94.356767, 39.168623 ], [ -94.356322, 39.169004 ], [ -94.354132, 39.170451 ], [ -94.350664, 39.171425 ], [ -94.346172, 39.173882 ], [ -94.337659, 39.180742 ], [ -94.335213, 39.183337 ], [ -94.331752, 39.187088 ], [ -94.328155, 39.191232 ], [ -94.322317, 39.198647 ], [ -94.320498, 39.201763 ], [ -94.319362, 39.204611 ], [ -94.31757, 39.213459 ], [ -94.31677, 39.215731 ], [ -94.314002, 39.221267 ], [ -94.311543, 39.223573 ], [ -94.308932, 39.227351 ], [ -94.308028, 39.227865 ], [ -94.304609, 39.231411 ], [ -94.300929, 39.233395 ], [ -94.295105, 39.235523 ], [ -94.289873, 39.237107 ], [ -94.278325, 39.236159 ], [ -94.27387, 39.235723 ], [ -94.2674, 39.235396 ], [ -94.262938, 39.235822 ], [ -94.255424, 39.236219 ], [ -94.250046, 39.234845 ], [ -94.243311, 39.232004 ], [ -94.238429, 39.228219 ], [ -94.235456, 39.224428 ], [ -94.232453, 39.218449 ], [ -94.229561, 39.215356 ], [ -94.226855, 39.213381 ], [ -94.221275, 39.210134 ], [ -94.217744, 39.208452 ], [ -94.22038, 39.207545 ], [ -94.219682, 39.207584 ], [ -94.224334, 39.206347 ], [ -94.228689, 39.206175 ], [ -94.232631, 39.204262 ], [ -94.23794, 39.204869 ], [ -94.245276, 39.203985 ], [ -94.253758, 39.204065 ], [ -94.255637, 39.205435 ], [ -94.257331, 39.205954 ], [ -94.26125, 39.205719 ], [ -94.263299, 39.204039 ], [ -94.266075, 39.199091 ], [ -94.267232, 39.197862 ], [ -94.270084, 39.195974 ], [ -94.273785, 39.195965 ], [ -94.276159, 39.195418 ], [ -94.279862, 39.189772 ], [ -94.283177, 39.187082 ], [ -94.287847, 39.182114 ], [ -94.288027, 39.181495 ], [ -94.28654, 39.181463 ], [ -94.285052, 39.180684 ], [ -94.283884, 39.178882 ], [ -94.270895, 39.165544 ], [ -94.269267, 39.165515 ], [ -94.269471, 39.161863 ], [ -94.267745, 39.162931 ], [ -94.267334, 39.16061 ], [ -94.267661, 39.158733 ], [ -94.266354, 39.1574 ], [ -94.265278, 39.154408 ], [ -94.26494, 39.151451 ], [ -94.263438, 39.149444 ], [ -94.262195, 39.149243 ], [ -94.262769, 39.138312 ], [ -94.267655, 39.136583 ], [ -94.268661, 39.136494 ], [ -94.284825, 39.136831 ], [ -94.293792, 39.136182 ], [ -94.313731, 39.136653 ], [ -94.317227, 39.136737 ], [ -94.32078, 39.13624 ], [ -94.326085, 39.134384 ], [ -94.329652, 39.134402 ], [ -94.336984, 39.134626 ], [ -94.340575, 39.134576 ], [ -94.345762, 39.134292 ], [ -94.348601, 39.132754 ], [ -94.349237, 39.132369 ], [ -94.350142, 39.131825 ], [ -94.351929, 39.130749 ], [ -94.355826, 39.128379 ], [ -94.356861, 39.127748 ], [ -94.357475, 39.12807 ], [ -94.364494, 39.128349 ], [ -94.365946, 39.127922 ], [ -94.383574, 39.128876 ], [ -94.384753, 39.128948 ], [ -94.384523, 39.129481 ], [ -94.383967, 39.132409 ], [ -94.384539, 39.134162 ], [ -94.389793, 39.142556 ], [ -94.395611, 39.158382 ], [ -94.39566, 39.161343 ], [ -94.395214, 39.169081 ], [ -94.399503, 39.167718 ], [ -94.401575, 39.166823 ], [ -94.399928, 39.174803 ], [ -94.400426, 39.175983 ], [ -94.402619, 39.1812 ], [ -94.403085, 39.181982 ], [ -94.409025, 39.192104 ], [ -94.408628, 39.193603 ] ] ] ] } },
{ "type": "Feature", "properties": { "ZCTA5CE20": "64070", "AFFGEOID20": "860Z200US64070", "GEOID20": "64070", "NAME20": "64070", "LSAD20": "Z5", "ALAND20": 97911391.0, "AWATER20": 343263.0, "price_2012": 169870.04788857559, "price_2026": 434295.86810398457, "log_change": 0.93869230502996714, "pct_change": 1.5566359314200948, "dollar_change": 264425.82021540898, "mci": 67079.66891, "plaza": 41981.74752, "pnl": 44082.82062, "legends": 64580.05847, "lees_summit": 20618.59116, "cbd": 43032.28407, "log_population": 8.1545001751519415, "median_income": 130364.0, "poverty_rate": 0.069907940161104715, "bachelors_only": 0.28849902534113059, "college_plus": 0.37348927875243665, "no_college": 0.62651072124756335 }, "geometry": { "type": "MultiPolygon", "coordinates": [ [ [ [ -94.205156, 38.879945 ], [ -94.20476, 38.88088 ], [ -94.198197, 38.87834 ], [ -94.19142, 38.878331 ], [ -94.190993, 38.883661 ], [ -94.190979, 38.885583 ], [ -94.204939, 38.885595 ], [ -94.204087, 38.90272 ], [ -94.203556, 38.903679 ], [ -94.203966, 38.904374 ], [ -94.203696, 38.910992 ], [ -94.203209, 38.920209 ], [ -94.20311, 38.920639 ], [ -94.202189, 38.928921 ], [ -94.20216, 38.931036 ], [ -94.201714, 38.931122 ], [ -94.201099, 38.931303 ], [ -94.199561, 38.935359 ], [ -94.199401, 38.938273 ], [ -94.192547, 38.938117 ], [ -94.192324, 38.941692 ], [ -94.183014, 38.941404 ], [ -94.182519, 38.952973 ], [ -94.18062, 38.954289 ], [ -94.178473, 38.954323 ], [ -94.174937, 38.956231 ], [ -94.170196, 38.956758 ], [ -94.168368, 38.958119 ], [ -94.169317, 38.940959 ], [ -94.161291, 38.940667 ], [ -94.153941, 38.940717 ], [ -94.15207, 38.94044 ], [ -94.146748, 38.937671 ], [ -94.14169, 38.937632 ], [ -94.137166, 38.936229 ], [ -94.132642, 38.933425 ], [ -94.132476, 38.932824 ], [ -94.132585, 38.930673 ], [ -94.13496, 38.930719 ], [ -94.135317, 38.923803 ], [ -94.137173, 38.923872 ], [ -94.137283, 38.921985 ], [ -94.135328, 38.921919 ], [ -94.135512, 38.91938 ], [ -94.133118, 38.918635 ], [ -94.11418, 38.917995 ], [ -94.114175, 38.917304 ], [ -94.113306, 38.917481 ], [ -94.110187, 38.917608 ], [ -94.077567, 38.916583 ], [ -94.076099, 38.916499 ], [ -94.076687, 38.905256 ], [ -94.076691, 38.905191 ], [ -94.078983, 38.869095 ], [ -94.079839, 38.868643 ], [ -94.079837, 38.868265 ], [ -94.116513, 38.86956 ], [ -94.117158, 38.853598 ], [ -94.117848, 38.847813 ], [ -94.127359, 38.848139 ], [ -94.127679, 38.84077 ], [ -94.122972, 38.840625 ], [ -94.12344, 38.833065 ], [ -94.128154, 38.833398 ], [ -94.165433, 38.834562 ], [ -94.175298, 38.834812 ], [ -94.174919, 38.842251 ], [ -94.184066, 38.842188 ], [ -94.184716, 38.838472 ], [ -94.19336, 38.838451 ], [ -94.194019, 38.834816 ], [ -94.200909, 38.834821 ], [ -94.202318, 38.835235 ], [ -94.201862, 38.837314 ], [ -94.200048, 38.837641 ], [ -94.199811, 38.839115 ], [ -94.198649, 38.839202 ], [ -94.197501, 38.847377 ], [ -94.195293, 38.850283 ], [ -94.194578, 38.852927 ], [ -94.19284, 38.852928 ], [ -94.192251, 38.86385 ], [ -94.192042, 38.867465 ], [ -94.192011, 38.868016 ], [ -94.191817, 38.871469 ], [ -94.191758, 38.872583 ], [ -94.205335, 38.877072 ], [ -94.205156, 38.879945 ] ] ] ] } },
{ "type": "Feature", "properties": { "ZCTA5CE20": "64074", "AFFGEOID20": "860Z200US64074", "GEOID20": "64074", "NAME20": "64074", "LSAD20": "Z5", "ALAND20": 53745969.0, "AWATER20": 597545.0, "price_2012": 118579.00688284211, "price_2026": 314335.04305221263, "log_change": 0.97487996997834614, "pct_change": 1.6508490104220599, "dollar_change": 195756.03616937052, "mci": 60490.18299, "plaza": 44797.37059, "pnl": 43692.05852, "legends": 65442.76962, "lees_summit": 32378.01183, "cbd": 44244.714555, "log_population": 6.261491684321042, "median_income": 75469.0, "poverty_rate": 0.061068702290076333, "bachelors_only": 0.23515981735159816, "college_plus": 0.26712328767123289, "no_college": 0.73287671232876717 }, "geometry": { "type": "MultiPolygon", "coordinates": [ [ [ [ -94.109106, 39.038424 ], [ -94.10886, 39.044342 ], [ -94.108822, 39.04526 ], [ -94.108145, 39.06233 ], [ -94.10742, 39.076201 ], [ -94.106764, 39.091703 ], [ -94.106056, 39.108747 ], [ -94.106286, 39.109169 ], [ -94.105972, 39.112289 ], [ -94.105639, 39.126406 ], [ -94.105633, 39.126585 ], [ -94.105268, 39.12991 ], [ -94.105223, 39.131441 ], [ -94.105225, 39.131501 ], [ -94.097468, 39.13025 ], [ -94.093816, 39.130392 ], [ -94.087696, 39.131569 ], [ -94.07995, 39.131952 ], [ -94.072156, 39.13291 ], [ -94.063983, 39.132905 ], [ -94.064173, 39.131733 ], [ -94.06424, 39.131075 ], [ -94.062872, 39.131288 ], [ -94.060593, 39.129981 ], [ -94.059608, 39.128443 ], [ -94.059614, 39.126815 ], [ -94.055092, 39.126304 ], [ -94.055089, 39.119634 ], [ -94.050443, 39.118755 ], [ -94.051136, 39.097349 ], [ -94.053806, 39.09743 ], [ -94.052115, 39.095056 ], [ -94.05407, 39.093634 ], [ -94.053946, 39.09123 ], [ -94.056023, 39.089924 ], [ -94.053492, 39.08981 ], [ -94.053152, 39.088036 ], [ -94.054904, 39.087235 ], [ -94.055903, 39.086012 ], [ -94.057753, 39.086486 ], [ -94.058299, 39.085936 ], [ -94.056427, 39.084958 ], [ -94.058769, 39.083446 ], [ -94.061428, 39.08392 ], [ -94.063445, 39.083624 ], [ -94.06362, 39.08113 ], [ -94.06211, 39.081196 ], [ -94.061005, 39.080334 ], [ -94.063215, 39.078781 ], [ -94.062862, 39.077895 ], [ -94.060109, 39.076431 ], [ -94.051797, 39.076472 ], [ -94.046911, 39.076218 ], [ -94.046546, 39.078407 ], [ -94.044817, 39.081838 ], [ -94.04454, 39.08303 ], [ -94.031673, 39.082353 ], [ -94.032068, 39.075181 ], [ -94.032227, 39.071777 ], [ -94.032755, 39.071608 ], [ -94.037402, 39.068398 ], [ -94.037769, 39.060953 ], [ -94.045591, 39.06144 ], [ -94.044851, 39.060349 ], [ -94.044467, 39.057399 ], [ -94.045166, 39.05583 ], [ -94.04462, 39.052471 ], [ -94.042887, 39.051051 ], [ -94.043439, 39.039399 ], [ -94.04816, 39.039296 ], [ -94.048456, 39.032548 ], [ -94.053366, 39.032541 ], [ -94.053906, 39.031931 ], [ -94.072277, 39.037572 ], [ -94.072408, 39.034524 ], [ -94.074556, 39.033859 ], [ -94.077339, 39.035201 ], [ -94.080149, 39.037845 ], [ -94.083653, 39.040164 ], [ -94.09994, 39.040422 ], [ -94.100179, 39.03341 ], [ -94.106591, 39.033185 ], [ -94.109042, 39.033218 ], [ -94.109325, 39.033189 ], [ -94.109106, 39.038424 ] ] ] ] } },
{ "type": "Feature", "properties": { "ZCTA5CE20": "64133", "AFFGEOID20": "860Z200US64133", "GEOID20": "64133", "NAME20": "64133", "LSAD20": "Z5", "ALAND20": 43998621.0, "AWATER20": 234135.0, "price_2012": 75245.798113169672, "price_2026": 213499.79306680741, "log_change": 1.0428758003838077, "pct_change": 1.8373649880848328, "dollar_change": 138253.99495363774, "mci": 38941.36449, "plaza": 12093.6348, "pnl": 14291.56116, "legends": 34601.97839, "lees_summit": 12663.32156, "cbd": 13192.59798, "log_population": 10.498167073695418, "median_income": 67750.0, "poverty_rate": 0.11079822678227898, "bachelors_only": 0.15233144297416509, "college_plus": 0.22428323881537493, "no_college": 0.77571676118462507 }, "geometry": { "type": "MultiPolygon", "coordinates": [ [ [ [ -94.515781, 39.01525 ], [ -94.514771, 39.015071 ], [ -94.513317, 39.014514 ], [ -94.510991, 39.013536 ], [ -94.508472, 39.012585 ], [ -94.507221, 39.012307 ], [ -94.50637, 39.012269 ], [ -94.505141, 39.012601 ], [ -94.503419, 39.013416 ], [ -94.500331, 39.01305 ], [ -94.49839, 39.011569 ], [ -94.498344, 39.011647 ], [ -94.497782, 39.013323 ], [ -94.497809, 39.014408 ], [ -94.498483, 39.016074 ], [ -94.500904, 39.01923 ], [ -94.501132, 39.020194 ], [ -94.501093, 39.02157 ], [ -94.500835, 39.021297 ], [ -94.496575, 39.016965 ], [ -94.489112, 39.0098 ], [ -94.482754, 39.009664 ], [ -94.482552, 39.013807 ], [ -94.481688, 39.013774 ], [ -94.482528, 39.014565 ], [ -94.482425, 39.016628 ], [ -94.482182, 39.023855 ], [ -94.482195, 39.023856 ], [ -94.484, 39.023937 ], [ -94.483593, 39.026127 ], [ -94.482138, 39.026053 ], [ -94.482089, 39.028001 ], [ -94.481174, 39.027985 ], [ -94.481159, 39.028464 ], [ -94.481093, 39.02927 ], [ -94.480887, 39.030177 ], [ -94.480401, 39.031144 ], [ -94.476652, 39.036042 ], [ -94.476348, 39.03681 ], [ -94.48067, 39.040556 ], [ -94.482008, 39.04096 ], [ -94.48004, 39.044681 ], [ -94.479027, 39.045365 ], [ -94.478778, 39.045365 ], [ -94.477326, 39.047913 ], [ -94.47702, 39.051894 ], [ -94.475445, 39.050359 ], [ -94.474442, 39.051776 ], [ -94.474355, 39.051888 ], [ -94.475892, 39.052598 ], [ -94.474362, 39.054346 ], [ -94.472609, 39.059145 ], [ -94.472529, 39.0591 ], [ -94.470113, 39.058114 ], [ -94.468158, 39.058029 ], [ -94.468176, 39.057316 ], [ -94.465859, 39.05638 ], [ -94.46589, 39.055217 ], [ -94.463467, 39.055107 ], [ -94.463186, 39.0553 ], [ -94.461263, 39.054522 ], [ -94.456686, 39.052789 ], [ -94.452592, 39.05096 ], [ -94.448552, 39.048979 ], [ -94.447586, 39.048753 ], [ -94.44454, 39.047532 ], [ -94.443504, 39.047115 ], [ -94.43888, 39.044864 ], [ -94.433316, 39.041693 ], [ -94.433527, 39.039744 ], [ -94.43566, 39.039815 ], [ -94.435933, 39.036422 ], [ -94.436685, 39.035941 ], [ -94.436819, 39.035238 ], [ -94.437412, 39.034515 ], [ -94.437636, 39.029236 ], [ -94.437686, 39.026777 ], [ -94.429995, 39.026444 ], [ -94.425375, 39.026309 ], [ -94.425029, 39.035205 ], [ -94.415684, 39.035048 ], [ -94.415739, 39.034056 ], [ -94.415779, 39.032923 ], [ -94.413879, 39.029313 ], [ -94.414031, 39.028417 ], [ -94.415464, 39.027111 ], [ -94.416077, 39.026069 ], [ -94.416415, 39.01926 ], [ -94.413975, 39.019151 ], [ -94.412716, 39.013688 ], [ -94.411857, 39.00911 ], [ -94.411859, 38.999509 ], [ -94.412689, 38.990687 ], [ -94.417417, 38.991073 ], [ -94.417256, 38.985819 ], [ -94.417808, 38.984751 ], [ -94.417942, 38.984603 ], [ -94.418357, 38.984238 ], [ -94.418777, 38.983946 ], [ -94.420505, 38.983294 ], [ -94.421999, 38.982601 ], [ -94.421841, 38.984111 ], [ -94.422636, 38.984925 ], [ -94.435872, 38.985602 ], [ -94.436357, 38.985636 ], [ -94.43723, 38.985672 ], [ -94.440338, 38.985856 ], [ -94.440341, 38.986616 ], [ -94.445273, 38.98712 ], [ -94.44587, 38.986163 ], [ -94.46444, 38.986995 ], [ -94.464462, 38.986453 ], [ -94.46491, 38.987002 ], [ -94.472893, 38.987456 ], [ -94.476182, 38.987598 ], [ -94.476888, 38.989501 ], [ -94.478602, 38.988194 ], [ -94.483834, 38.988443 ], [ -94.483821, 38.988825 ], [ -94.487598, 38.988968 ], [ -94.487655, 38.988093 ], [ -94.492289, 38.98821 ], [ -94.494583, 38.988267 ], [ -94.501823, 38.988508 ], [ -94.502405, 38.992424 ], [ -94.50244, 38.992615 ], [ -94.502335, 38.995475 ], [ -94.502601, 38.99552 ], [ -94.503957, 38.995602 ], [ -94.506188, 38.995104 ], [ -94.506696, 38.996246 ], [ -94.50947, 39.000296 ], [ -94.510023, 39.001075 ], [ -94.514797, 39.00779 ], [ -94.515805, 39.00961 ], [ -94.515781, 39.01525 ] ] ] ] } },
{ "type": "Feature", "properties": { "ZCTA5CE20": "64029", "AFFGEOID20": "860Z200US64029", "GEOID20": "64029", "NAME20": "64029", "LSAD20": "Z5", "ALAND20": 82421427.0, "AWATER20": 254257.0, "price_2012": 158591.32019582551, "price_2026": 333416.66920414841, "log_change": 0.74306238661960755, "pct_change": 1.1023639174732383, "dollar_change": 174825.3490083229, "mci": 54347.6556, "plaza": 32892.40586, "pnl": 33334.16778, "legends": 54916.80903, "lees_summit": 17818.94302, "cbd": 33113.28682, "log_population": 9.9970234319272926, "median_income": 91704.0, "poverty_rate": 0.08960359699027344, "bachelors_only": 0.18925739005046863, "college_plus": 0.29863013698630136, "no_college": 0.70136986301369864 }, "geometry": { "type": "MultiPolygon", "coordinates": [ [ [ [ -94.26138, 38.949776 ], [ -94.261335, 38.95092 ], [ -94.261161, 38.950913 ], [ -94.25663, 38.950741 ], [ -94.256435, 38.954996 ], [ -94.259601, 38.952023 ], [ -94.261115, 38.951913 ], [ -94.261076, 38.952776 ], [ -94.260798, 38.95811 ], [ -94.25972, 38.95807 ], [ -94.259512, 38.962108 ], [ -94.256454, 38.962028 ], [ -94.256276, 38.959808 ], [ -94.256016, 38.965175 ], [ -94.247065, 38.964927 ], [ -94.246759, 38.97212 ], [ -94.246664, 38.974171 ], [ -94.246526, 38.977157 ], [ -94.246357, 38.981045 ], [ -94.250663, 38.981141 ], [ -94.250984, 38.983203 ], [ -94.247975, 38.986176 ], [ -94.248078, 38.986742 ], [ -94.236855, 38.986415 ], [ -94.236335, 38.987765 ], [ -94.236502, 38.989637 ], [ -94.231724, 38.989903 ], [ -94.231691, 38.993567 ], [ -94.231058, 39.006695 ], [ -94.231021, 39.007939 ], [ -94.231594, 39.007821 ], [ -94.234752, 39.007888 ], [ -94.234529, 39.01285 ], [ -94.235411, 39.01386 ], [ -94.235397, 39.013977 ], [ -94.235426, 39.013976 ], [ -94.236072, 39.020446 ], [ -94.238321, 39.022169 ], [ -94.237878, 39.025447 ], [ -94.23902, 39.025813 ], [ -94.239509, 39.02587 ], [ -94.239523, 39.026292 ], [ -94.239095, 39.037027 ], [ -94.238944, 39.037022 ], [ -94.238767, 39.043679 ], [ -94.238755, 39.044229 ], [ -94.238754, 39.044258 ], [ -94.238648, 39.046053 ], [ -94.237638, 39.046775 ], [ -94.234093, 39.047285 ], [ -94.234071, 39.047776 ], [ -94.233913, 39.051394 ], [ -94.236392, 39.051242 ], [ -94.238434, 39.051446 ], [ -94.238524, 39.051458 ], [ -94.238548, 39.050671 ], [ -94.24077, 39.050766 ], [ -94.240873, 39.051786 ], [ -94.240904, 39.051359 ], [ -94.241672, 39.05139 ], [ -94.241631, 39.052039 ], [ -94.243122, 39.051939 ], [ -94.243649, 39.051849 ], [ -94.243495, 39.053176 ], [ -94.247634, 39.05327 ], [ -94.246578, 39.057285 ], [ -94.246493, 39.059144 ], [ -94.245169, 39.059095 ], [ -94.245089, 39.0609 ], [ -94.24737, 39.060978 ], [ -94.247298, 39.062797 ], [ -94.249628, 39.062883 ], [ -94.249432, 39.06647 ], [ -94.241659, 39.066155 ], [ -94.241625, 39.068865 ], [ -94.243495, 39.070615 ], [ -94.245858, 39.070913 ], [ -94.246209, 39.077065 ], [ -94.245762, 39.080688 ], [ -94.227795, 39.080095 ], [ -94.223582, 39.080533 ], [ -94.218937, 39.080359 ], [ -94.218863, 39.080349 ], [ -94.223518, 39.080039 ], [ -94.218921, 39.078955 ], [ -94.219519, 39.065392 ], [ -94.214765, 39.065249 ], [ -94.201157, 39.064995 ], [ -94.200607, 39.07216 ], [ -94.200445, 39.076299 ], [ -94.199138, 39.076476 ], [ -94.197446, 39.076912 ], [ -94.194986, 39.077913 ], [ -94.190968, 39.078751 ], [ -94.190187, 39.079119 ], [ -94.181921, 39.079077 ], [ -94.18147, 39.084262 ], [ -94.17695, 39.084723 ], [ -94.172539, 39.084662 ], [ -94.169506, 39.086258 ], [ -94.162723, 39.086204 ], [ -94.163022, 39.07882 ], [ -94.163609, 39.070193 ], [ -94.163658, 39.064224 ], [ -94.163737, 39.060235 ], [ -94.16442, 39.059115 ], [ -94.168471, 39.059533 ], [ -94.168742, 39.051014 ], [ -94.169886, 39.051019 ], [ -94.170043, 39.045738 ], [ -94.173626, 39.045823 ], [ -94.173745, 39.042563 ], [ -94.183479, 39.042752 ], [ -94.184858, 39.043885 ], [ -94.187828, 39.044406 ], [ -94.188114, 39.035518 ], [ -94.174069, 39.035273 ], [ -94.174186, 39.032158 ], [ -94.176075, 39.032626 ], [ -94.177194, 39.031832 ], [ -94.177202, 39.030177 ], [ -94.17569, 39.028152 ], [ -94.176513, 39.027138 ], [ -94.178263, 39.028143 ], [ -94.179864, 39.024749 ], [ -94.181193, 39.025304 ], [ -94.182956, 39.024482 ], [ -94.184576, 39.021819 ], [ -94.183977, 39.021415 ], [ -94.183911, 39.021424 ], [ -94.183428, 39.021364 ], [ -94.183282, 39.021229 ], [ -94.18279, 39.020705 ], [ -94.182784, 39.020524 ], [ -94.182781, 39.020333 ], [ -94.182716, 39.018865 ], [ -94.182678, 39.018457 ], [ -94.182601, 39.018343 ], [ -94.182532, 39.018171 ], [ -94.186046, 39.015147 ], [ -94.186186, 39.013371 ], [ -94.185919, 39.010031 ], [ -94.185889, 39.003037 ], [ -94.182975, 39.00306 ], [ -94.179787, 39.001069 ], [ -94.180409, 38.999084 ], [ -94.180674, 38.991846 ], [ -94.199031, 38.992603 ], [ -94.199039, 38.992414 ], [ -94.199095, 38.99121 ], [ -94.199673, 38.990152 ], [ -94.202327, 38.990236 ], [ -94.202393, 38.98887 ], [ -94.208419, 38.989136 ], [ -94.20861, 38.985502 ], [ -94.199358, 38.985229 ], [ -94.199563, 38.981035 ], [ -94.199994, 38.971687 ], [ -94.200268, 38.970818 ], [ -94.200657, 38.970116 ], [ -94.207015, 38.963831 ], [ -94.20748, 38.963047 ], [ -94.214564, 38.963867 ], [ -94.226806, 38.964276 ], [ -94.227418, 38.962134 ], [ -94.2258, 38.959713 ], [ -94.222439, 38.958998 ], [ -94.220035, 38.959061 ], [ -94.218682, 38.96079 ], [ -94.217415, 38.95763 ], [ -94.218516, 38.957735 ], [ -94.218687, 38.956131 ], [ -94.216418, 38.955749 ], [ -94.214679, 38.956377 ], [ -94.215036, 38.949569 ], [ -94.217339, 38.949634 ], [ -94.217756, 38.944059 ], [ -94.215363, 38.943983 ], [ -94.215448, 38.942408 ], [ -94.215475, 38.9416 ], [ -94.216483, 38.920525 ], [ -94.207601, 38.920329 ], [ -94.203209, 38.920209 ], [ -94.203696, 38.910992 ], [ -94.222243, 38.91107 ], [ -94.222562, 38.904894 ], [ -94.221833, 38.902486 ], [ -94.218899, 38.899379 ], [ -94.218267, 38.897718 ], [ -94.218896, 38.885617 ], [ -94.227966, 38.88564 ], [ -94.22787, 38.907427 ], [ -94.231736, 38.90745 ], [ -94.231873, 38.904301 ], [ -94.232296, 38.906698 ], [ -94.23638, 38.907472 ], [ -94.23591, 38.914704 ], [ -94.237483, 38.916309 ], [ -94.239618, 38.916321 ], [ -94.238874, 38.919879 ], [ -94.240637, 38.919939 ], [ -94.242337, 38.921213 ], [ -94.242631, 38.92353 ], [ -94.242379, 38.931858 ], [ -94.242349, 38.932858 ], [ -94.242576, 38.938019 ], [ -94.242652, 38.93972 ], [ -94.245716, 38.94021 ], [ -94.245799, 38.941463 ], [ -94.245935, 38.943054 ], [ -94.247321, 38.943098 ], [ -94.25574, 38.943395 ], [ -94.257013, 38.943443 ], [ -94.256949, 38.944635 ], [ -94.258582, 38.945932 ], [ -94.261346, 38.945969 ], [ -94.26153, 38.945972 ], [ -94.26138, 38.949776 ] ] ] ] } },
{ "type": "Feature", "properties": { "ZCTA5CE20": "66056", "AFFGEOID20": "860Z200US66056", "GEOID20": "66056", "NAME20": "66056", "LSAD20": "Z5", "ALAND20": 235962279.0, "AWATER20": 2218445.0, "price_2012": 29141.327823684715, "price_2026": 126261.4356717457, "log_change": 1.4661972768578835, "pct_change": 3.332727610617876, "dollar_change": 97120.107848060987, "mci": 128074.1249, "plaza": 101428.647, "pnl": 107760.855, "legends": 108010.8635, "lees_summit": 93961.05142, "cbd": 104594.751, "log_population": 7.2320103316647586, "median_income": 57813.0, "poverty_rate": 0.13454545454545455, "bachelors_only": 0.1376597836774828, "college_plus": 0.23402163225172073, "no_college": 0.76597836774827921 }, "geometry": { "type": "MultiPolygon", "coordinates": [ [ [ [ -94.970094, 38.182555 ], [ -94.952815, 38.182504 ], [ -94.95177, 38.183213 ], [ -94.951761, 38.185011 ], [ -94.951015, 38.185628 ], [ -94.94725, 38.186213 ], [ -94.943174, 38.18623 ], [ -94.942099, 38.189653 ], [ -94.915773, 38.189674 ], [ -94.915786, 38.21873 ], [ -94.897291, 38.218803 ], [ -94.869913, 38.218804 ], [ -94.86966, 38.226089 ], [ -94.86122, 38.226101 ], [ -94.859504, 38.225873 ], [ -94.852374, 38.227096 ], [ -94.851884, 38.226241 ], [ -94.849674, 38.227099 ], [ -94.849446, 38.227991 ], [ -94.853, 38.229387 ], [ -94.850745, 38.231298 ], [ -94.848895, 38.231637 ], [ -94.850651, 38.233228 ], [ -94.848954, 38.233988 ], [ -94.847469, 38.233912 ], [ -94.847385, 38.23483 ], [ -94.845419, 38.23699 ], [ -94.842619, 38.236554 ], [ -94.841461, 38.23739 ], [ -94.840584, 38.235221 ], [ -94.837749, 38.233267 ], [ -94.834795, 38.232973 ], [ -94.834307, 38.234313 ], [ -94.834925, 38.236018 ], [ -94.834747, 38.237523 ], [ -94.832246, 38.237492 ], [ -94.831047, 38.23914 ], [ -94.831858, 38.240931 ], [ -94.83001, 38.240572 ], [ -94.829631, 38.237844 ], [ -94.827759, 38.237732 ], [ -94.8265, 38.239112 ], [ -94.825632, 38.238927 ], [ -94.825462, 38.237158 ], [ -94.826609, 38.235581 ], [ -94.825091, 38.235945 ], [ -94.823709, 38.237271 ], [ -94.822929, 38.235115 ], [ -94.818695, 38.237322 ], [ -94.816773, 38.237924 ], [ -94.813399, 38.24005 ], [ -94.810831, 38.244227 ], [ -94.810494, 38.247345 ], [ -94.812716, 38.249001 ], [ -94.814756, 38.252048 ], [ -94.81384, 38.25317 ], [ -94.80959, 38.254517 ], [ -94.808987, 38.256264 ], [ -94.80754, 38.255748 ], [ -94.806657, 38.253281 ], [ -94.805562, 38.252815 ], [ -94.805891, 38.250591 ], [ -94.802809, 38.249924 ], [ -94.801212, 38.250851 ], [ -94.799369, 38.25004 ], [ -94.801241, 38.248481 ], [ -94.80173, 38.24741 ], [ -94.799492, 38.246725 ], [ -94.797424, 38.247853 ], [ -94.796275, 38.246454 ], [ -94.796042, 38.240658 ], [ -94.796611, 38.23919 ], [ -94.796701, 38.2301 ], [ -94.797501, 38.228702 ], [ -94.797589, 38.225755 ], [ -94.796238, 38.226063 ], [ -94.783551, 38.226206 ], [ -94.780473, 38.227645 ], [ -94.778312, 38.228168 ], [ -94.778258, 38.226105 ], [ -94.778259, 38.222888 ], [ -94.777576, 38.222452 ], [ -94.772303, 38.222426 ], [ -94.771357, 38.222122 ], [ -94.771407, 38.21152 ], [ -94.779866, 38.211487 ], [ -94.779572, 38.210112 ], [ -94.782585, 38.206318 ], [ -94.783703, 38.203676 ], [ -94.784086, 38.201089 ], [ -94.78411, 38.19702 ], [ -94.784083, 38.196926 ], [ -94.781172, 38.192244 ], [ -94.781894, 38.188138 ], [ -94.781684, 38.186309 ], [ -94.77821, 38.185924 ], [ -94.778196, 38.182492 ], [ -94.768929, 38.182513 ], [ -94.768947, 38.168075 ], [ -94.759984, 38.168046 ], [ -94.759969, 38.160645 ], [ -94.759968, 38.153325 ], [ -94.759969, 38.146123 ], [ -94.750703, 38.146095 ], [ -94.750518, 38.124317 ], [ -94.760091, 38.124377 ], [ -94.768907, 38.124387 ], [ -94.768773, 38.113483 ], [ -94.778034, 38.113172 ], [ -94.778209, 38.109877 ], [ -94.78723, 38.109903 ], [ -94.787071, 38.080852 ], [ -94.805471, 38.080873 ], [ -94.805614, 38.066416 ], [ -94.823537, 38.06641 ], [ -94.823601, 38.051879 ], [ -94.805572, 38.05186 ], [ -94.805612, 38.041547 ], [ -94.805639, 38.037505 ], [ -94.82358, 38.037369 ], [ -94.832905, 38.037442 ], [ -94.854605, 38.037314 ], [ -94.85608, 38.038889 ], [ -94.854062, 38.040318 ], [ -94.855057, 38.041185 ], [ -94.858512, 38.040988 ], [ -94.857742, 38.043323 ], [ -94.858232, 38.045619 ], [ -94.859603, 38.046146 ], [ -94.860676, 38.044484 ], [ -94.862845, 38.046225 ], [ -94.864333, 38.046667 ], [ -94.863838, 38.04913 ], [ -94.867665, 38.051817 ], [ -94.842103, 38.052032 ], [ -94.841926, 38.073902 ], [ -94.870218, 38.073651 ], [ -94.869416, 38.080759 ], [ -94.869434, 38.095374 ], [ -94.915391, 38.095317 ], [ -94.915286, 38.109878 ], [ -94.933302, 38.109807 ], [ -94.932996, 38.142428 ], [ -94.924649, 38.142553 ], [ -94.921649, 38.144525 ], [ -94.919633, 38.144722 ], [ -94.91775, 38.146118 ], [ -94.915202, 38.146099 ], [ -94.914805, 38.148467 ], [ -94.912839, 38.149911 ], [ -94.9129, 38.153324 ], [ -94.915133, 38.153351 ], [ -94.915395, 38.16062 ], [ -94.970057, 38.160869 ], [ -94.970061, 38.168038 ], [ -94.970094, 38.182555 ] ] ] ] } },
{ "type": "Feature", "properties": { "ZCTA5CE20": "66106", "AFFGEOID20": "860Z200US66106", "GEOID20": "66106", "NAME20": "66106", "LSAD20": "Z5", "ALAND20": 49061180.0, "AWATER20": 1620218.0, "price_2012": 60099.489822136587, "price_2026": 208336.84220220591, "log_change": 1.2431548508082777, "pct_change": 2.4665326247988997, "dollar_change": 148237.35238006932, "mci": 25985.5818, "plaza": 10059.99207, "pnl": 11224.8119, "legends": 12726.4599, "lees_summit": 32390.61339, "cbd": 10642.401985, "log_population": 10.095965689539453, "median_income": 61331.0, "poverty_rate": 0.1311170761924427, "bachelors_only": 0.12620589401347959, "college_plus": 0.16406766221752345, "no_college": 0.83593233778247655 }, "geometry": { "type": "MultiPolygon", "coordinates": [ [ [ [ -94.789784, 39.045579 ], [ -94.789357, 39.045701 ], [ -94.788372, 39.045861 ], [ -94.784821, 39.047304 ], [ -94.777039, 39.051804 ], [ -94.769548, 39.056845 ], [ -94.76719, 39.060336 ], [ -94.762456, 39.065386 ], [ -94.759759, 39.068281 ], [ -94.758738, 39.069404 ], [ -94.754777, 39.072539 ], [ -94.749426, 39.075563 ], [ -94.745094, 39.076737 ], [ -94.740395, 39.07768 ], [ -94.732652, 39.07888 ], [ -94.7267, 39.0791 ], [ -94.722005, 39.081897 ], [ -94.718533, 39.084499 ], [ -94.715712, 39.088271 ], [ -94.714333, 39.089374 ], [ -94.7116, 39.091616 ], [ -94.710038, 39.093298 ], [ -94.706422, 39.099009 ], [ -94.704203, 39.101414 ], [ -94.70236, 39.102533 ], [ -94.699201, 39.103615 ], [ -94.688454, 39.102575 ], [ -94.682936, 39.101104 ], [ -94.679904, 39.099711 ], [ -94.679698, 39.09976 ], [ -94.671117, 39.094744 ], [ -94.659629, 39.0874 ], [ -94.654127, 39.084454 ], [ -94.652948, 39.083028 ], [ -94.649572, 39.077616 ], [ -94.650254, 39.074128 ], [ -94.650482, 39.072881 ], [ -94.649105, 39.072861 ], [ -94.649116, 39.07154 ], [ -94.650615, 39.071542 ], [ -94.650289, 39.068664 ], [ -94.646787, 39.062348 ], [ -94.646923, 39.06235 ], [ -94.646686, 39.060835 ], [ -94.647557, 39.053864 ], [ -94.647397, 39.051114 ], [ -94.646809, 39.048822 ], [ -94.646326, 39.04765 ], [ -94.645255, 39.045795 ], [ -94.643874, 39.044038 ], [ -94.64907, 39.044029 ], [ -94.649141, 39.044029 ], [ -94.656102, 39.044029 ], [ -94.658844, 39.044038 ], [ -94.667037, 39.044073 ], [ -94.667772, 39.044073 ], [ -94.668937, 39.044073 ], [ -94.675919, 39.044065 ], [ -94.686504, 39.044054 ], [ -94.691617, 39.044047 ], [ -94.695845, 39.044044 ], [ -94.698189, 39.04402 ], [ -94.700535, 39.044036 ], [ -94.705282, 39.043993 ], [ -94.709315, 39.043998 ], [ -94.714536, 39.044004 ], [ -94.723892, 39.043998 ], [ -94.728491, 39.043988 ], [ -94.728535, 39.044521 ], [ -94.733236, 39.045569 ], [ -94.733287, 39.04399 ], [ -94.757068, 39.043716 ], [ -94.758749, 39.043693 ], [ -94.76099, 39.043662 ], [ -94.769493, 39.043685 ], [ -94.776469, 39.043746 ], [ -94.77971, 39.043721 ], [ -94.78826, 39.04379 ], [ -94.789177, 39.043612 ], [ -94.789611, 39.043599 ], [ -94.789679, 39.044374 ], [ -94.789784, 39.045579 ] ] ] ] } },
{ "type": "Feature", "properties": { "ZCTA5CE20": "64127", "AFFGEOID20": "860Z200US64127", "GEOID20": "64127", "NAME20": "64127", "LSAD20": "Z5", "ALAND20": 10822830.0, "AWATER20": 0.0, "price_2012": 18752.877998258369, "price_2026": 91146.079068390376, "log_change": 1.581116250066831, "pct_change": 3.8603781817839034, "dollar_change": 72393.20107013201, "mci": 28087.61553, "plaza": 6946.075838, "pnl": 3852.042077, "legends": 25614.22871, "lees_summit": 23479.03733, "cbd": 5399.0589574999995, "log_population": 9.7795103727164179, "median_income": 33111.0, "poverty_rate": 0.40911703839963209, "bachelors_only": 0.044176706827309238, "college_plus": 0.09054399415845199, "no_college": 0.90945600584154795 }, "geometry": { "type": "MultiPolygon", "coordinates": [ [ [ [ -94.561346, 39.084641 ], [ -94.561317, 39.085113 ], [ -94.557822, 39.085688 ], [ -94.55866, 39.08794 ], [ -94.556538, 39.088801 ], [ -94.559668, 39.088402 ], [ -94.561156, 39.088371 ], [ -94.561029, 39.091138 ], [ -94.560349, 39.091108 ], [ -94.56095, 39.092738 ], [ -94.560834, 39.09511 ], [ -94.560794, 39.095928 ], [ -94.560651, 39.099107 ], [ -94.559599, 39.099141 ], [ -94.560585, 39.100359 ], [ -94.560451, 39.102894 ], [ -94.55825, 39.102702 ], [ -94.555849, 39.102611 ], [ -94.551213, 39.102471 ], [ -94.54906, 39.10242 ], [ -94.544272, 39.101795 ], [ -94.544241, 39.102255 ], [ -94.542327, 39.102171 ], [ -94.540645, 39.101797 ], [ -94.53981, 39.101448 ], [ -94.537442, 39.101597 ], [ -94.534446, 39.101537 ], [ -94.534434, 39.101998 ], [ -94.531675, 39.101897 ], [ -94.531279, 39.101707 ], [ -94.52821, 39.101516 ], [ -94.525977, 39.101383 ], [ -94.526034, 39.098931 ], [ -94.52051, 39.100408 ], [ -94.519003, 39.101104 ], [ -94.518983, 39.101458 ], [ -94.518438, 39.101438 ], [ -94.515866, 39.100885 ], [ -94.514454, 39.101287 ], [ -94.514419, 39.101285 ], [ -94.514563, 39.097597 ], [ -94.514591, 39.097598 ], [ -94.515708, 39.097627 ], [ -94.515893, 39.094062 ], [ -94.514749, 39.094031 ], [ -94.514752, 39.09394 ], [ -94.514771, 39.093342 ], [ -94.515358, 39.093358 ], [ -94.515449, 39.090354 ], [ -94.514943, 39.090332 ], [ -94.514954, 39.090092 ], [ -94.515442, 39.089882 ], [ -94.517354, 39.089988 ], [ -94.517422, 39.086826 ], [ -94.516186, 39.086784 ], [ -94.516246, 39.085877 ], [ -94.515267, 39.085843 ], [ -94.515145, 39.085497 ], [ -94.515285, 39.083118 ], [ -94.515418, 39.080998 ], [ -94.517196, 39.08001 ], [ -94.516066, 39.079641 ], [ -94.516774, 39.075939 ], [ -94.518208, 39.075997 ], [ -94.518227, 39.075641 ], [ -94.519636, 39.075685 ], [ -94.519616, 39.076044 ], [ -94.520262, 39.076063 ], [ -94.522924, 39.076145 ], [ -94.524871, 39.0762 ], [ -94.52585, 39.076227 ], [ -94.528305, 39.076299 ], [ -94.528326, 39.075981 ], [ -94.53105, 39.075749 ], [ -94.533269, 39.076454 ], [ -94.534101, 39.076482 ], [ -94.534116, 39.076111 ], [ -94.535281, 39.075513 ], [ -94.536755, 39.076573 ], [ -94.538701, 39.076629 ], [ -94.54327, 39.076773 ], [ -94.543285, 39.076506 ], [ -94.545973, 39.076326 ], [ -94.54825, 39.076419 ], [ -94.548359, 39.076941 ], [ -94.55248, 39.077094 ], [ -94.55824, 39.077294 ], [ -94.561708, 39.077401 ], [ -94.561346, 39.084641 ] ] ] ] } },
{ "type": "Feature", "properties": { "ZCTA5CE20": "64057", "AFFGEOID20": "860Z200US64057", "GEOID20": "64057", "NAME20": "64057", "LSAD20": "Z5", "ALAND20": 38026314.0, "AWATER20": 165774.0, "price_2012": 136286.25804281293, "price_2026": 292977.8913593209, "log_change": 0.76533963784160441, "pct_change": 1.1497243784276834, "dollar_change": 156691.63331650797, "mci": 42723.1619, "plaza": 23527.51399, "pnl": 22645.54335, "legends": 44447.94543, "lees_summit": 17911.44939, "cbd": 23086.52867, "log_population": 9.5699709437405485, "median_income": 71402.0, "poverty_rate": 0.049917402858579332, "bachelors_only": 0.20703526990363927, "college_plus": 0.32191973056413137, "no_college": 0.67808026943586863 }, "geometry": { "type": "MultiPolygon", "coordinates": [ [ [ [ -94.380721, 39.074346 ], [ -94.379093, 39.074319 ], [ -94.379282, 39.076269 ], [ -94.379232, 39.077843 ], [ -94.379097, 39.077839 ], [ -94.378838, 39.085707 ], [ -94.379408, 39.090145 ], [ -94.375696, 39.090869 ], [ -94.373425, 39.090655 ], [ -94.371475, 39.091814 ], [ -94.367801, 39.092091 ], [ -94.366957, 39.091868 ], [ -94.362079, 39.090946 ], [ -94.357121, 39.090755 ], [ -94.355733, 39.091557 ], [ -94.355707, 39.091721 ], [ -94.343026, 39.091271 ], [ -94.34278, 39.091261 ], [ -94.328937, 39.090848 ], [ -94.322001, 39.090511 ], [ -94.322763, 39.090042 ], [ -94.324055, 39.089306 ], [ -94.32402, 39.083176 ], [ -94.32918, 39.083401 ], [ -94.329662, 39.073349 ], [ -94.324782, 39.075533 ], [ -94.324162, 39.074405 ], [ -94.323407, 39.074323 ], [ -94.320953, 39.077898 ], [ -94.321066, 39.078662 ], [ -94.321093, 39.079265 ], [ -94.321036, 39.07972 ], [ -94.320863, 39.080071 ], [ -94.320712, 39.080237 ], [ -94.318233, 39.081979 ], [ -94.317096, 39.084999 ], [ -94.316429, 39.085557 ], [ -94.312601, 39.086833 ], [ -94.310973, 39.088918 ], [ -94.31086, 39.090267 ], [ -94.310202, 39.091662 ], [ -94.309487, 39.091821 ], [ -94.309271, 39.091932 ], [ -94.308977, 39.092024 ], [ -94.307765, 39.090136 ], [ -94.305712, 39.089624 ], [ -94.301485, 39.090019 ], [ -94.301791, 39.082847 ], [ -94.296816, 39.082726 ], [ -94.296657, 39.085585 ], [ -94.293036, 39.086159 ], [ -94.291909, 39.086136 ], [ -94.292083, 39.08262 ], [ -94.27927, 39.082175 ], [ -94.278253, 39.081773 ], [ -94.276662, 39.082284 ], [ -94.275703, 39.082292 ], [ -94.273425, 39.082223 ], [ -94.269715, 39.081811 ], [ -94.255649, 39.081123 ], [ -94.245762, 39.080688 ], [ -94.246209, 39.077065 ], [ -94.245858, 39.070913 ], [ -94.243495, 39.070615 ], [ -94.241625, 39.068865 ], [ -94.241659, 39.066155 ], [ -94.249432, 39.06647 ], [ -94.249628, 39.062883 ], [ -94.247298, 39.062797 ], [ -94.24737, 39.060978 ], [ -94.245089, 39.0609 ], [ -94.245169, 39.059095 ], [ -94.246493, 39.059144 ], [ -94.246578, 39.057285 ], [ -94.247634, 39.05327 ], [ -94.243495, 39.053176 ], [ -94.243649, 39.051849 ], [ -94.244118, 39.05178 ], [ -94.250312, 39.052042 ], [ -94.252198, 39.052129 ], [ -94.256854, 39.052279 ], [ -94.256859, 39.052217 ], [ -94.257072, 39.04863 ], [ -94.25822, 39.048683 ], [ -94.258043, 39.052326 ], [ -94.261503, 39.052453 ], [ -94.270813, 39.052824 ], [ -94.270791, 39.053412 ], [ -94.270961, 39.05635 ], [ -94.272743, 39.058393 ], [ -94.277816, 39.063583 ], [ -94.27827, 39.064301 ], [ -94.278526, 39.066305 ], [ -94.27855, 39.06649 ], [ -94.278759, 39.068607 ], [ -94.283451, 39.068704 ], [ -94.287965, 39.071571 ], [ -94.290235, 39.071633 ], [ -94.289799, 39.074007 ], [ -94.292552, 39.074465 ], [ -94.292506, 39.075309 ], [ -94.294834, 39.075365 ], [ -94.29504, 39.071707 ], [ -94.293229, 39.071654 ], [ -94.293304, 39.068047 ], [ -94.303489, 39.068161 ], [ -94.303656, 39.069763 ], [ -94.30521, 39.070616 ], [ -94.305654, 39.073686 ], [ -94.304968, 39.074806 ], [ -94.306383, 39.078301 ], [ -94.305564, 39.082296 ], [ -94.306385, 39.084856 ], [ -94.308953, 39.086027 ], [ -94.309229, 39.079587 ], [ -94.310982, 39.078037 ], [ -94.312094, 39.074669 ], [ -94.312231, 39.070558 ], [ -94.312788, 39.068562 ], [ -94.316039, 39.068696 ], [ -94.316279, 39.062257 ], [ -94.316479, 39.061401 ], [ -94.316831, 39.055771 ], [ -94.319478, 39.056126 ], [ -94.319561, 39.054207 ], [ -94.318045, 39.053743 ], [ -94.31971, 39.053159 ], [ -94.320614, 39.051749 ], [ -94.326531, 39.049178 ], [ -94.331384, 39.048028 ], [ -94.332466, 39.047111 ], [ -94.337188, 39.047362 ], [ -94.337349, 39.047367 ], [ -94.337695, 39.045017 ], [ -94.340946, 39.044587 ], [ -94.340952, 39.044456 ], [ -94.341151, 39.039019 ], [ -94.341159, 39.038854 ], [ -94.341223, 39.037511 ], [ -94.352569, 39.031122 ], [ -94.353209, 39.03029 ], [ -94.355609, 39.031213 ], [ -94.354526, 39.031997 ], [ -94.353241, 39.031692 ], [ -94.351961, 39.031997 ], [ -94.35136, 39.03262 ], [ -94.351278, 39.033084 ], [ -94.351505, 39.033989 ], [ -94.351103, 39.034831 ], [ -94.348998, 39.035714 ], [ -94.348759, 39.036191 ], [ -94.348727, 39.036774 ], [ -94.348996, 39.038335 ], [ -94.349114, 39.038333 ], [ -94.349825, 39.040201 ], [ -94.362354, 39.041907 ], [ -94.36318, 39.047115 ], [ -94.363699, 39.048162 ], [ -94.366017, 39.051701 ], [ -94.366467, 39.053975 ], [ -94.366766, 39.053998 ], [ -94.366951, 39.055715 ], [ -94.367961, 39.05783 ], [ -94.372124, 39.06088 ], [ -94.374085, 39.063379 ], [ -94.376951, 39.065066 ], [ -94.377208, 39.065889 ], [ -94.3769, 39.067788 ], [ -94.377932, 39.069936 ], [ -94.379693, 39.072131 ], [ -94.380984, 39.071985 ], [ -94.380721, 39.074346 ] ] ] ] } },
{ "type": "Feature", "properties": { "ZCTA5CE20": "64056", "AFFGEOID20": "860Z200US64056", "GEOID20": "64056", "NAME20": "64056", "LSAD20": "Z5", "ALAND20": 50951146.0, "AWATER20": 576353.0, "price_2012": 78929.577361404095, "price_2026": 229196.59368305103, "log_change": 1.0660240938576049, "pct_change": 1.9038112371183966, "dollar_change": 150267.01632164692, "mci": 40242.9579, "plaza": 24719.91553, "pnl": 22615.9073, "legends": 44220.3299, "lees_summit": 22445.56427, "cbd": 23667.911415, "log_population": 9.7639380875860429, "median_income": 67685.0, "poverty_rate": 0.19523039611964429, "bachelors_only": 0.14456738617812442, "college_plus": 0.19798657718120805, "no_college": 0.80201342281879195 }, "geometry": { "type": "MultiPolygon", "coordinates": [ [ [ [ -94.386592, 39.122928 ], [ -94.384753, 39.128948 ], [ -94.383574, 39.128876 ], [ -94.365946, 39.127922 ], [ -94.364494, 39.128349 ], [ -94.357475, 39.12807 ], [ -94.356861, 39.127748 ], [ -94.355826, 39.128379 ], [ -94.351929, 39.130749 ], [ -94.350142, 39.131825 ], [ -94.349237, 39.132369 ], [ -94.348601, 39.132754 ], [ -94.345762, 39.134292 ], [ -94.340575, 39.134576 ], [ -94.336984, 39.134626 ], [ -94.329652, 39.134402 ], [ -94.326085, 39.134384 ], [ -94.32078, 39.13624 ], [ -94.317227, 39.136737 ], [ -94.313731, 39.136653 ], [ -94.293792, 39.136182 ], [ -94.284825, 39.136831 ], [ -94.268661, 39.136494 ], [ -94.267655, 39.136583 ], [ -94.262769, 39.138312 ], [ -94.258642, 39.139331 ], [ -94.258147, 39.138634 ], [ -94.258603, 39.132539 ], [ -94.256306, 39.132468 ], [ -94.256856, 39.125232 ], [ -94.258596, 39.125273 ], [ -94.25864, 39.124353 ], [ -94.260869, 39.124429 ], [ -94.260986, 39.123079 ], [ -94.262717, 39.121788 ], [ -94.265837, 39.121868 ], [ -94.266085, 39.11636 ], [ -94.271971, 39.116506 ], [ -94.272183, 39.112604 ], [ -94.266253, 39.112478 ], [ -94.266301, 39.107559 ], [ -94.274093, 39.10737 ], [ -94.278613, 39.108182 ], [ -94.281527, 39.109761 ], [ -94.281567, 39.108777 ], [ -94.281504, 39.107972 ], [ -94.281618, 39.105317 ], [ -94.280994, 39.103931 ], [ -94.281685, 39.103093 ], [ -94.281985, 39.099109 ], [ -94.282099, 39.096725 ], [ -94.282107, 39.096568 ], [ -94.281505, 39.096149 ], [ -94.281396, 39.094928 ], [ -94.273102, 39.093615 ], [ -94.271317, 39.093358 ], [ -94.268851, 39.091055 ], [ -94.266821, 39.087727 ], [ -94.265573, 39.086932 ], [ -94.258015, 39.083385 ], [ -94.255772, 39.082993 ], [ -94.248312, 39.082723 ], [ -94.245762, 39.080688 ], [ -94.255649, 39.081123 ], [ -94.269715, 39.081811 ], [ -94.273425, 39.082223 ], [ -94.275703, 39.082292 ], [ -94.276662, 39.082284 ], [ -94.278253, 39.081773 ], [ -94.27927, 39.082175 ], [ -94.292083, 39.08262 ], [ -94.291909, 39.086136 ], [ -94.293036, 39.086159 ], [ -94.296657, 39.085585 ], [ -94.296816, 39.082726 ], [ -94.301791, 39.082847 ], [ -94.301485, 39.090019 ], [ -94.305712, 39.089624 ], [ -94.307765, 39.090136 ], [ -94.308977, 39.092024 ], [ -94.309271, 39.091932 ], [ -94.309487, 39.091821 ], [ -94.310202, 39.091662 ], [ -94.31086, 39.090267 ], [ -94.310973, 39.088918 ], [ -94.312601, 39.086833 ], [ -94.316429, 39.085557 ], [ -94.317096, 39.084999 ], [ -94.318233, 39.081979 ], [ -94.320712, 39.080237 ], [ -94.320863, 39.080071 ], [ -94.321036, 39.07972 ], [ -94.321093, 39.079265 ], [ -94.321066, 39.078662 ], [ -94.320953, 39.077898 ], [ -94.323407, 39.074323 ], [ -94.324162, 39.074405 ], [ -94.324782, 39.075533 ], [ -94.329662, 39.073349 ], [ -94.32918, 39.083401 ], [ -94.32402, 39.083176 ], [ -94.324055, 39.089306 ], [ -94.322763, 39.090042 ], [ -94.322001, 39.090511 ], [ -94.328937, 39.090848 ], [ -94.34278, 39.091261 ], [ -94.343026, 39.091271 ], [ -94.355707, 39.091721 ], [ -94.355733, 39.091557 ], [ -94.357121, 39.090755 ], [ -94.362079, 39.090946 ], [ -94.366957, 39.091868 ], [ -94.367801, 39.092091 ], [ -94.371475, 39.091814 ], [ -94.373425, 39.090655 ], [ -94.375696, 39.090869 ], [ -94.379408, 39.090145 ], [ -94.379674, 39.091418 ], [ -94.380443, 39.095259 ], [ -94.380652, 39.103928 ], [ -94.381311, 39.10717 ], [ -94.381528, 39.108172 ], [ -94.383858, 39.114476 ], [ -94.384861, 39.117186 ], [ -94.386455, 39.121184 ], [ -94.386592, 39.122928 ] ] ] ] } },
{ "type": "Feature", "properties": { "ZCTA5CE20": "66111", "AFFGEOID20": "860Z200US66111", "GEOID20": "66111", "NAME20": "66111", "LSAD20": "Z5", "ALAND20": 60040522.0, "AWATER20": 2038252.0, "price_2012": 86533.045189403871, "price_2026": 256913.27450805856, "log_change": 1.0882122083732426, "pct_change": 1.9689614406349132, "dollar_change": 170380.22931865469, "mci": 24798.5396, "plaza": 18328.10468, "pnl": 18677.9094, "legends": 5231.77583, "lees_summit": 40393.48212, "cbd": 18503.00704, "log_population": 9.2099402919548439, "median_income": 65972.0, "poverty_rate": 0.17574206755373592, "bachelors_only": 0.13562545720555963, "college_plus": 0.18771031455742501, "no_college": 0.81228968544257496 }, "geometry": { "type": "MultiPolygon", "coordinates": [ [ [ [ -94.873149, 39.061081 ], [ -94.864668, 39.064103 ], [ -94.861935, 39.064197 ], [ -94.861842, 39.064883 ], [ -94.861802, 39.065325 ], [ -94.85702, 39.065784 ], [ -94.855608, 39.065457 ], [ -94.851698, 39.06589 ], [ -94.846518, 39.065639 ], [ -94.846124, 39.065542 ], [ -94.83894, 39.065387 ], [ -94.837243, 39.063817 ], [ -94.837255, 39.064826 ], [ -94.837259, 39.065149 ], [ -94.837259, 39.065386 ], [ -94.834964, 39.065377 ], [ -94.834963, 39.06596 ], [ -94.834947, 39.079865 ], [ -94.844288, 39.079859 ], [ -94.844286, 39.0889 ], [ -94.845942, 39.088097 ], [ -94.846479, 39.086699 ], [ -94.847511, 39.0879 ], [ -94.847668, 39.090909 ], [ -94.849233, 39.092109 ], [ -94.849025, 39.094104 ], [ -94.849739, 39.095945 ], [ -94.851344, 39.097651 ], [ -94.853604, 39.098818 ], [ -94.853597, 39.101632 ], [ -94.853615, 39.103752 ], [ -94.853619, 39.104131 ], [ -94.847707, 39.105281 ], [ -94.835066, 39.105943 ], [ -94.835587, 39.108976 ], [ -94.838129, 39.109709 ], [ -94.843721, 39.109115 ], [ -94.844065, 39.117707 ], [ -94.843195, 39.119147 ], [ -94.844623, 39.120065 ], [ -94.84322, 39.121259 ], [ -94.84067, 39.122562 ], [ -94.840504, 39.122562 ], [ -94.838006, 39.123194 ], [ -94.83514, 39.123282 ], [ -94.835138, 39.128621 ], [ -94.821213, 39.128616 ], [ -94.817271, 39.128611 ], [ -94.816311, 39.128619 ], [ -94.813671, 39.123224 ], [ -94.811779, 39.123102 ], [ -94.811297, 39.126429 ], [ -94.808131, 39.126631 ], [ -94.808225, 39.128588 ], [ -94.797719, 39.128597 ], [ -94.797741, 39.116388 ], [ -94.797724, 39.109106 ], [ -94.797718, 39.105732 ], [ -94.797716, 39.104954 ], [ -94.797711, 39.101838 ], [ -94.779054, 39.101745 ], [ -94.774291, 39.10176 ], [ -94.766591, 39.101834 ], [ -94.765621, 39.101842 ], [ -94.760516, 39.101884 ], [ -94.745614, 39.102226 ], [ -94.73734, 39.10228 ], [ -94.733662, 39.100171 ], [ -94.728579, 39.099326 ], [ -94.728582, 39.099489 ], [ -94.724336, 39.098795 ], [ -94.722069, 39.098105 ], [ -94.719844, 39.097419 ], [ -94.713877, 39.095245 ], [ -94.710038, 39.093298 ], [ -94.7116, 39.091616 ], [ -94.714333, 39.089374 ], [ -94.715712, 39.088271 ], [ -94.718533, 39.084499 ], [ -94.722005, 39.081897 ], [ -94.7267, 39.0791 ], [ -94.732652, 39.07888 ], [ -94.740395, 39.07768 ], [ -94.745094, 39.076737 ], [ -94.749426, 39.075563 ], [ -94.754777, 39.072539 ], [ -94.758738, 39.069404 ], [ -94.759759, 39.068281 ], [ -94.762456, 39.065386 ], [ -94.76719, 39.060336 ], [ -94.769548, 39.056845 ], [ -94.777039, 39.051804 ], [ -94.784821, 39.047304 ], [ -94.788372, 39.045861 ], [ -94.789357, 39.045701 ], [ -94.789784, 39.045579 ], [ -94.789679, 39.044374 ], [ -94.789611, 39.043599 ], [ -94.791527, 39.043575 ], [ -94.800928, 39.043514 ], [ -94.803326, 39.04352 ], [ -94.80702, 39.045191 ], [ -94.81607, 39.048541 ], [ -94.820485, 39.050228 ], [ -94.821708, 39.051037 ], [ -94.82934, 39.055436 ], [ -94.834141, 39.057812 ], [ -94.839282, 39.059946 ], [ -94.842483, 39.060918 ], [ -94.845257, 39.061342 ], [ -94.848718, 39.061323 ], [ -94.84907, 39.061313 ], [ -94.854407, 39.061353 ], [ -94.862756, 39.060855 ], [ -94.867749, 39.060193 ], [ -94.871519, 39.059378 ], [ -94.873149, 39.061081 ] ] ] ] } },
{ "type": "Feature", "properties": { "ZCTA5CE20": "66043", "AFFGEOID20": "860Z200US66043", "GEOID20": "66043", "NAME20": "66043", "LSAD20": "Z5", "ALAND20": 18687778.0, "AWATER20": 30592.0, "price_2012": 161465.19286834347, "price_2026": 322389.50560361997, "log_change": 0.69147086384638001, "pct_change": 0.99665017504108144, "dollar_change": 160924.3127352765, "mci": 16858.31801, "plaza": 35332.68033, "pnl": 32382.25755, "legends": 15251.30977, "lees_summit": 58192.05325, "cbd": 33857.46894, "log_population": 9.3107285460074518, "median_income": 103060.0, "poverty_rate": 0.062142997833366159, "bachelors_only": 0.18805930279150529, "college_plus": 0.36196073193535461, "no_college": 0.63803926806464539 }, "geometry": { "type": "MultiPolygon", "coordinates": [ [ [ [ -94.932773, 39.259451 ], [ -94.932709, 39.266723 ], [ -94.928005, 39.266736 ], [ -94.918581, 39.266775 ], [ -94.909157, 39.266852 ], [ -94.901371, 39.266958 ], [ -94.901388, 39.2687 ], [ -94.899835, 39.26869 ], [ -94.899845, 39.267296 ], [ -94.899848, 39.266968 ], [ -94.898238, 39.266954 ], [ -94.895958, 39.266934 ], [ -94.896237, 39.270592 ], [ -94.890474, 39.270547 ], [ -94.890458, 39.272654 ], [ -94.890401, 39.274209 ], [ -94.881801, 39.274182 ], [ -94.881612, 39.273998 ], [ -94.881142, 39.271854 ], [ -94.877855, 39.264204 ], [ -94.87748, 39.263373 ], [ -94.875771, 39.259505 ], [ -94.874055, 39.256103 ], [ -94.869317, 39.250234 ], [ -94.874666, 39.247369 ], [ -94.876586, 39.251358 ], [ -94.879707, 39.249681 ], [ -94.881337, 39.24999 ], [ -94.881447, 39.245141 ], [ -94.881646, 39.230631 ], [ -94.890961, 39.230626 ], [ -94.892038, 39.230624 ], [ -94.896595, 39.230628 ], [ -94.90032, 39.230645 ], [ -94.900335, 39.228888 ], [ -94.900355, 39.223328 ], [ -94.907257, 39.223326 ], [ -94.909349, 39.223429 ], [ -94.912, 39.221724 ], [ -94.913199, 39.222472 ], [ -94.916788, 39.219687 ], [ -94.916511, 39.219971 ], [ -94.916336, 39.221716 ], [ -94.919091, 39.223415 ], [ -94.919103, 39.229895 ], [ -94.919064, 39.237685 ], [ -94.919016, 39.247965 ], [ -94.921532, 39.247328 ], [ -94.922213, 39.249451 ], [ -94.924929, 39.248713 ], [ -94.928017, 39.25155 ], [ -94.928159, 39.252593 ], [ -94.932769, 39.252384 ], [ -94.932807, 39.252841 ], [ -94.932773, 39.259451 ] ] ] ] } },
{ "type": "Feature", "properties": { "ZCTA5CE20": "66214", "AFFGEOID20": "860Z200US66214", "GEOID20": "66214", "NAME20": "66214", "LSAD20": "Z5", "ALAND20": 9981631.0, "AWATER20": 0.0, "price_2012": 169258.57729975646, "price_2026": 391242.49113033415, "log_change": 0.83789996087764429, "pct_change": 1.3115076197139766, "dollar_change": 221983.91383057769, "mci": 37364.94421, "plaza": 13729.53564, "pnl": 18926.52068, "legends": 20476.31605, "lees_summit": 29103.80207, "cbd": 16328.02816, "log_population": 9.4214923104380137, "median_income": 83435.0, "poverty_rate": 0.062010443864229763, "bachelors_only": 0.32502098069775809, "college_plus": 0.49958038604483873, "no_college": 0.50041961395516132 }, "geometry": { "type": "MultiPolygon", "coordinates": [ [ [ [ -94.723715, 38.993948 ], [ -94.721133, 38.992942 ], [ -94.720254, 38.994027 ], [ -94.720259, 38.992853 ], [ -94.720097, 38.992855 ], [ -94.718682, 38.99287 ], [ -94.714443, 38.992901 ], [ -94.705099, 38.992965 ], [ -94.705072, 38.988219 ], [ -94.705046, 38.985629 ], [ -94.705045, 38.984823 ], [ -94.705023, 38.979369 ], [ -94.703745, 38.978388 ], [ -94.705016, 38.978376 ], [ -94.705017, 38.974745 ], [ -94.705011, 38.971136 ], [ -94.704783, 38.965153 ], [ -94.704968, 38.963862 ], [ -94.704958, 38.958076 ], [ -94.704445, 38.957338 ], [ -94.704437, 38.956587 ], [ -94.704963, 38.956584 ], [ -94.704959, 38.951798 ], [ -94.704955, 38.94931 ], [ -94.704925, 38.946029 ], [ -94.70535, 38.94595 ], [ -94.705029, 38.942029 ], [ -94.704748, 38.934949 ], [ -94.705092, 38.934946 ], [ -94.712733, 38.935117 ], [ -94.71377, 38.935117 ], [ -94.723645, 38.935082 ], [ -94.723609, 38.936724 ], [ -94.723528, 38.942051 ], [ -94.723578, 38.949399 ], [ -94.723592, 38.951902 ], [ -94.723595, 38.956535 ], [ -94.723601, 38.960169 ], [ -94.72129, 38.960179 ], [ -94.721302, 38.963813 ], [ -94.723608, 38.963847 ], [ -94.723633, 38.965438 ], [ -94.723637, 38.966283 ], [ -94.719038, 38.971111 ], [ -94.723648, 38.9711 ], [ -94.723639, 38.978342 ], [ -94.721275, 38.977678 ], [ -94.718891, 38.977688 ], [ -94.718877, 38.978882 ], [ -94.717933, 38.980697 ], [ -94.721885, 38.982061 ], [ -94.723661, 38.982135 ], [ -94.723669, 38.985599 ], [ -94.722517, 38.985603 ], [ -94.722347, 38.987865 ], [ -94.719042, 38.988836 ], [ -94.72369, 38.989212 ], [ -94.723687, 38.989784 ], [ -94.723705, 38.992814 ], [ -94.723715, 38.993948 ] ] ] ] } },
{ "type": "Feature", "properties": { "ZCTA5CE20": "64089", "AFFGEOID20": "860Z200US64089", "GEOID20": "64089", "NAME20": "64089", "LSAD20": "Z5", "ALAND20": 157766661.0, "AWATER20": 14136775.0, "price_2012": 166760.39053682113, "price_2026": 382400.14497680753, "log_change": 0.829909565381314, "pct_change": 1.2931113542359605, "dollar_change": 215639.7544399864, "mci": 16529.27013, "plaza": 38672.85445, "pnl": 32351.66975, "legends": 37445.61365, "lees_summit": 54985.36183, "cbd": 35512.2621, "log_population": 9.5735936312750383, "median_income": 101009.0, "poverty_rate": 0.0451122577046437, "bachelors_only": 0.2203, "college_plus": 0.3429, "no_college": 0.6571 }, "geometry": { "type": "MultiPolygon", "coordinates": [ [ [ [ -94.676206, 39.385844 ], [ -94.671463, 39.38582 ], [ -94.671434, 39.390562 ], [ -94.666725, 39.390501 ], [ -94.666294, 39.393881 ], [ -94.662435, 39.394496 ], [ -94.662041, 39.395316 ], [ -94.661904, 39.403489 ], [ -94.659819, 39.40453 ], [ -94.658556, 39.406236 ], [ -94.658371, 39.406824 ], [ -94.655822, 39.404978 ], [ -94.651101, 39.404982 ], [ -94.643405, 39.405025 ], [ -94.643289, 39.414751 ], [ -94.644157, 39.419438 ], [ -94.629395, 39.419492 ], [ -94.629335, 39.426697 ], [ -94.610911, 39.426747 ], [ -94.610938, 39.434139 ], [ -94.610867, 39.436448 ], [ -94.607366, 39.43604 ], [ -94.60877, 39.45048 ], [ -94.606614, 39.45071 ], [ -94.604261, 39.452388 ], [ -94.602472, 39.451499 ], [ -94.600741, 39.451377 ], [ -94.600819, 39.456155 ], [ -94.597879, 39.455838 ], [ -94.573837, 39.455848 ], [ -94.567638, 39.455872 ], [ -94.567481, 39.455879 ], [ -94.567342, 39.455885 ], [ -94.565684, 39.455886 ], [ -94.564925, 39.455859 ], [ -94.564733, 39.45588 ], [ -94.56436, 39.456019 ], [ -94.553372, 39.455815 ], [ -94.55083, 39.455802 ], [ -94.541256, 39.455704 ], [ -94.539477, 39.455067 ], [ -94.53906, 39.453116 ], [ -94.540717, 39.452132 ], [ -94.538962, 39.450063 ], [ -94.542111, 39.448779 ], [ -94.537441, 39.447373 ], [ -94.529307, 39.447336 ], [ -94.529142, 39.447327 ], [ -94.527274, 39.447112 ], [ -94.525507, 39.446679 ], [ -94.524026, 39.446117 ], [ -94.520308, 39.444226 ], [ -94.518625, 39.44337 ], [ -94.517361, 39.44253 ], [ -94.516771, 39.442026 ], [ -94.515889, 39.441064 ], [ -94.514803, 39.439179 ], [ -94.514438, 39.433073 ], [ -94.50531, 39.433039 ], [ -94.505437, 39.425916 ], [ -94.49929, 39.426015 ], [ -94.49255, 39.427127 ], [ -94.491779, 39.429018 ], [ -94.491698, 39.441124 ], [ -94.489619, 39.441048 ], [ -94.490235, 39.440543 ], [ -94.488793, 39.441039 ], [ -94.488463, 39.441542 ], [ -94.486425, 39.440015 ], [ -94.485583, 39.438386 ], [ -94.487507, 39.437903 ], [ -94.484639, 39.437108 ], [ -94.482571, 39.434597 ], [ -94.483565, 39.431693 ], [ -94.485805, 39.431788 ], [ -94.483571, 39.430602 ], [ -94.481768, 39.431023 ], [ -94.481444, 39.427669 ], [ -94.480153, 39.427537 ], [ -94.483717, 39.422937 ], [ -94.483941, 39.419748 ], [ -94.483533, 39.418981 ], [ -94.480757, 39.417865 ], [ -94.485929, 39.417697 ], [ -94.490719, 39.417039 ], [ -94.493419, 39.415972 ], [ -94.496732, 39.413764 ], [ -94.500056, 39.410077 ], [ -94.500028, 39.402624 ], [ -94.491647, 39.402652 ], [ -94.491672, 39.399718 ], [ -94.495544, 39.399747 ], [ -94.495583, 39.397004 ], [ -94.487643, 39.396992 ], [ -94.47778, 39.396994 ], [ -94.476687, 39.396999 ], [ -94.468851, 39.396959 ], [ -94.467966, 39.393403 ], [ -94.463864, 39.393404 ], [ -94.463915, 39.382612 ], [ -94.463846, 39.367902 ], [ -94.473219, 39.367923 ], [ -94.482863, 39.367888 ], [ -94.487073, 39.367995 ], [ -94.487143, 39.354503 ], [ -94.487042, 39.353673 ], [ -94.486996, 39.35312 ], [ -94.487027, 39.346083 ], [ -94.491013, 39.345208 ], [ -94.491693, 39.344629 ], [ -94.491735, 39.342818 ], [ -94.491857, 39.332443 ], [ -94.491865, 39.331976 ], [ -94.500859, 39.331989 ], [ -94.538955, 39.332229 ], [ -94.546191, 39.332737 ], [ -94.551877, 39.332612 ], [ -94.558661, 39.332636 ], [ -94.560573, 39.332642 ], [ -94.561186, 39.33314 ], [ -94.562587, 39.33319 ], [ -94.565974, 39.333165 ], [ -94.568873, 39.333143 ], [ -94.573567, 39.333107 ], [ -94.573772, 39.333105 ], [ -94.584499, 39.333307 ], [ -94.596045, 39.333232 ], [ -94.600762, 39.3333 ], [ -94.600793, 39.336444 ], [ -94.600795, 39.336584 ], [ -94.600788, 39.340083 ], [ -94.600771, 39.347221 ], [ -94.600714, 39.354371 ], [ -94.604103, 39.354446 ], [ -94.615299, 39.354416 ], [ -94.620783, 39.354398 ], [ -94.620863, 39.349456 ], [ -94.629876, 39.349418 ], [ -94.629826, 39.354399 ], [ -94.639494, 39.35439 ], [ -94.642601, 39.354113 ], [ -94.644928, 39.354372 ], [ -94.653208, 39.354347 ], [ -94.657741, 39.354319 ], [ -94.657878, 39.360911 ], [ -94.656825, 39.361266 ], [ -94.657527, 39.362294 ], [ -94.657738, 39.366346 ], [ -94.65546, 39.368054 ], [ -94.656149, 39.369653 ], [ -94.658015, 39.369215 ], [ -94.663981, 39.368796 ], [ -94.676124, 39.368816 ], [ -94.675998, 39.375964 ], [ -94.676206, 39.385844 ] ] ] ] } },
{ "type": "Feature", "properties": { "ZCTA5CE20": "64020", "AFFGEOID20": "860Z200US64020", "GEOID20": "64020", "NAME20": "64020", "LSAD20": "Z5", "ALAND20": 273571428.0, "AWATER20": 2867292.0, "price_2012": 93037.260852713123, "price_2026": 232136.6747192101, "log_change": 0.91432624613210933, "pct_change": 1.4950936064928293, "dollar_change": 139099.41386649699, "mci": 104162.8897, "plaza": 87082.53884, "pnl": 86953.02405000001, "legends": 108746.7292, "lees_summit": 69005.61896000001, "cbd": 87017.781445000001, "log_population": 7.9905768817439231, "median_income": 59269.0, "poverty_rate": 0.15178881556095866, "bachelors_only": 0.19319227230910763, "college_plus": 0.27230910763569455, "no_college": 0.72769089236430551 }, "geometry": { "type": "MultiPolygon", "coordinates": [ [ [ [ -93.717125, 38.99597 ], [ -93.71682, 38.99684 ], [ -93.714568, 38.997934 ], [ -93.713653, 38.99809 ], [ -93.7132, 38.998125 ], [ -93.711889, 38.998067 ], [ -93.702545, 38.998272 ], [ -93.702071, 38.998112 ], [ -93.701627, 38.997921 ], [ -93.697821, 38.997855 ], [ -93.697498, 38.998156 ], [ -93.697342, 39.001058 ], [ -93.692603, 39.001102 ], [ -93.692338, 39.006645 ], [ -93.683428, 39.006722 ], [ -93.682594, 39.014154 ], [ -93.682613, 39.013483 ], [ -93.677423, 39.013361 ], [ -93.677368, 39.013973 ], [ -93.673392, 39.013801 ], [ -93.673052, 39.021095 ], [ -93.669176, 39.021126 ], [ -93.67135, 39.024944 ], [ -93.67073, 39.027515 ], [ -93.66935, 39.027883 ], [ -93.667652, 39.028031 ], [ -93.666476, 39.028295 ], [ -93.665349, 39.028608 ], [ -93.663863, 39.029305 ], [ -93.662257, 39.029134 ], [ -93.659342, 39.029211 ], [ -93.657589, 39.02981 ], [ -93.658013, 39.030036 ], [ -93.655819, 39.030985 ], [ -93.655521, 39.031016 ], [ -93.654044, 39.031282 ], [ -93.653652, 39.031582 ], [ -93.652179, 39.031044 ], [ -93.649611, 39.028945 ], [ -93.649303, 39.0297 ], [ -93.649459, 39.031303 ], [ -93.649225, 39.031534 ], [ -93.648843, 39.038503 ], [ -93.65347, 39.039192 ], [ -93.652463, 39.057295 ], [ -93.642115, 39.057135 ], [ -93.639376, 39.05703 ], [ -93.638556, 39.056308 ], [ -93.639184, 39.043269 ], [ -93.638438, 39.042518 ], [ -93.62459, 39.04236 ], [ -93.625242, 39.031347 ], [ -93.620586, 39.031441 ], [ -93.620331, 39.035168 ], [ -93.606338, 39.035184 ], [ -93.605911, 39.042383 ], [ -93.603643, 39.041461 ], [ -93.603806, 39.036071 ], [ -93.60163, 39.034086 ], [ -93.601711, 39.031939 ], [ -93.588322, 39.031439 ], [ -93.587389, 39.030779 ], [ -93.587194, 39.034277 ], [ -93.58659, 39.047793 ], [ -93.586202, 39.05252 ], [ -93.582773, 39.052264 ], [ -93.581608, 39.053075 ], [ -93.581416, 39.055869 ], [ -93.546792, 39.054525 ], [ -93.538773, 39.053974 ], [ -93.538577, 39.051771 ], [ -93.536337, 39.049254 ], [ -93.534513, 39.049077 ], [ -93.534839, 39.042977 ], [ -93.530076, 39.042519 ], [ -93.530048, 39.039106 ], [ -93.522134, 39.038654 ], [ -93.52201, 39.03476 ], [ -93.520855, 39.033996 ], [ -93.519428, 39.030331 ], [ -93.517528, 39.027232 ], [ -93.518085, 39.025595 ], [ -93.517588, 39.02396 ], [ -93.51607, 39.023329 ], [ -93.512026, 39.019496 ], [ -93.512178, 39.013513 ], [ -93.509341, 39.012661 ], [ -93.507596, 39.011025 ], [ -93.506915, 39.008737 ], [ -93.506454, 39.008166 ], [ -93.505899, 39.00806 ], [ -93.503608, 39.007449 ], [ -93.496201, 39.005934 ], [ -93.492775, 39.004865 ], [ -93.493003, 39.00158 ], [ -93.493947, 38.988157 ], [ -93.492751, 38.98814 ], [ -93.493006, 38.983733 ], [ -93.494228, 38.983369 ], [ -93.495178, 38.984153 ], [ -93.498037, 38.98522 ], [ -93.49626, 38.984368 ], [ -93.496728, 38.977688 ], [ -93.499093, 38.977834 ], [ -93.499578, 38.972117 ], [ -93.504059, 38.971884 ], [ -93.499671, 38.971387 ], [ -93.500177, 38.965018 ], [ -93.495195, 38.964654 ], [ -93.495341, 38.961213 ], [ -93.49351, 38.96121 ], [ -93.493225, 38.971084 ], [ -93.48932, 38.970722 ], [ -93.489297, 38.971669 ], [ -93.478284, 38.971322 ], [ -93.478421, 38.967839 ], [ -93.476208, 38.967369 ], [ -93.476581, 38.960258 ], [ -93.453331, 38.95936 ], [ -93.453107, 38.963023 ], [ -93.427052, 38.961971 ], [ -93.424913, 38.962103 ], [ -93.425109, 38.961209 ], [ -93.42425, 38.959688 ], [ -93.423192, 38.958784 ], [ -93.424274, 38.958652 ], [ -93.428472, 38.960025 ], [ -93.432645, 38.958487 ], [ -93.435255, 38.95941 ], [ -93.436803, 38.961332 ], [ -93.438132, 38.961662 ], [ -93.439195, 38.960157 ], [ -93.439293, 38.957531 ], [ -93.440595, 38.954817 ], [ -93.443584, 38.952125 ], [ -93.444288, 38.950647 ], [ -93.443106, 38.949642 ], [ -93.441629, 38.949801 ], [ -93.440686, 38.948994 ], [ -93.441431, 38.947571 ], [ -93.442444, 38.947307 ], [ -93.446658, 38.948241 ], [ -93.447762, 38.94684 ], [ -93.447509, 38.944654 ], [ -93.448915, 38.942269 ], [ -93.450743, 38.941196 ], [ -93.495238, 38.942839 ], [ -93.496377, 38.942837 ], [ -93.497278, 38.92843 ], [ -93.497888, 38.913945 ], [ -93.49832, 38.913956 ], [ -93.499191, 38.913676 ], [ -93.500212, 38.913566 ], [ -93.500732, 38.913451 ], [ -93.501534, 38.913067 ], [ -93.501851, 38.912781 ], [ -93.502942, 38.912147 ], [ -93.505817, 38.911432 ], [ -93.507344, 38.910746 ], [ -93.508062, 38.909653 ], [ -93.508443, 38.907989 ], [ -93.50928, 38.907269 ], [ -93.511607, 38.907655 ], [ -93.512907, 38.907263 ], [ -93.515904, 38.904998 ], [ -93.518548, 38.903515 ], [ -93.523205, 38.899446 ], [ -93.52493, 38.896709 ], [ -93.526095, 38.89714 ], [ -93.528127, 38.897091 ], [ -93.530812, 38.897795 ], [ -93.533342, 38.897949 ], [ -93.537729, 38.897945 ], [ -93.539929, 38.89778 ], [ -93.54215, 38.898687 ], [ -93.544182, 38.898621 ], [ -93.544561, 38.899418 ], [ -93.545545, 38.90028 ], [ -93.546037, 38.900456 ], [ -93.550396, 38.899995 ], [ -93.553198, 38.900666 ], [ -93.555211, 38.901494 ], [ -93.560551, 38.903037 ], [ -93.566155, 38.90326 ], [ -93.575128, 38.90295 ], [ -93.579648, 38.903246 ], [ -93.58246, 38.901685 ], [ -93.583423, 38.901394 ], [ -93.58821, 38.900476 ], [ -93.590536, 38.898761 ], [ -93.591056, 38.897778 ], [ -93.592679, 38.896618 ], [ -93.592411, 38.893212 ], [ -93.592965, 38.891179 ], [ -93.594307, 38.888828 ], [ -93.595051, 38.887751 ], [ -93.595915, 38.886081 ], [ -93.59647, 38.885355 ], [ -93.597053, 38.884811 ], [ -93.598795, 38.883674 ], [ -93.600861, 38.882585 ], [ -93.603875, 38.881524 ], [ -93.605386, 38.880441 ], [ -93.60626, 38.88004 ], [ -93.606253, 38.880138 ], [ -93.605462, 38.893026 ], [ -93.60745, 38.893335 ], [ -93.60891, 38.894661 ], [ -93.619562, 38.895288 ], [ -93.620295, 38.888017 ], [ -93.628742, 38.888437 ], [ -93.631371, 38.887741 ], [ -93.63199, 38.888544 ], [ -93.633941, 38.888378 ], [ -93.63392, 38.888769 ], [ -93.633396, 38.896665 ], [ -93.637238, 38.89605 ], [ -93.63943, 38.897002 ], [ -93.641067, 38.898288 ], [ -93.641174, 38.896766 ], [ -93.642875, 38.896937 ], [ -93.645933, 38.895329 ], [ -93.649265, 38.895714 ], [ -93.65283, 38.893034 ], [ -93.652865, 38.8941 ], [ -93.654397, 38.895073 ], [ -93.656688, 38.895485 ], [ -93.659514, 38.895266 ], [ -93.66113, 38.896365 ], [ -93.666122, 38.895345 ], [ -93.666846, 38.895779 ], [ -93.669644, 38.894719 ], [ -93.671724, 38.895076 ], [ -93.67185, 38.896296 ], [ -93.675035, 38.895582 ], [ -93.674725, 38.896565 ], [ -93.67663, 38.895379 ], [ -93.676778, 38.897395 ], [ -93.679976, 38.896906 ], [ -93.681396, 38.897615 ], [ -93.682577, 38.897142 ], [ -93.685389, 38.897725 ], [ -93.687519, 38.897466 ], [ -93.689579, 38.898433 ], [ -93.690563, 38.898191 ], [ -93.691322, 38.899801 ], [ -93.692257, 38.90013 ], [ -93.691716, 38.902745 ], [ -93.694553, 38.904803 ], [ -93.690818, 38.904803 ], [ -93.691966, 38.904947 ], [ -93.691896, 38.910698 ], [ -93.691495, 38.912038 ], [ -93.687191, 38.911956 ], [ -93.686234, 38.933823 ], [ -93.685698, 38.948359 ], [ -93.713483, 38.948898 ], [ -93.713301, 38.953581 ], [ -93.713197, 38.956041 ], [ -93.711262, 38.956558 ], [ -93.711108, 38.963386 ], [ -93.694763, 38.963115 ], [ -93.694731, 38.970249 ], [ -93.691795, 38.970697 ], [ -93.691539, 38.977497 ], [ -93.689235, 38.977863 ], [ -93.688987, 38.984906 ], [ -93.712157, 38.985209 ], [ -93.711641, 38.993689 ], [ -93.716529, 38.995517 ], [ -93.717149, 38.995768 ], [ -93.717125, 38.99597 ] ] ] ] } },
{ "type": "Feature", "properties": { "ZCTA5CE20": "64150", "AFFGEOID20": "860Z200US64150", "GEOID20": "64150", "NAME20": "64150", "LSAD20": "Z5", "ALAND20": 14571338.0, "AWATER20": 710620.0, "price_2012": 189538.90494023901, "price_2026": 484402.6807036915, "log_change": 0.93832223916860436, "pct_change": 1.5556899827843897, "dollar_change": 294863.77576345252, "mci": 16250.07585, "plaza": 14609.82243, "pnl": 9011.387529, "legends": 18120.90097, "lees_summit": 35462.76071, "cbd": 11810.6049795, "log_population": 8.4035764646292694, "median_income": 58846.0, "poverty_rate": 0.16785796633617708, "bachelors_only": 0.21382362955396664, "college_plus": 0.3609124957439564, "no_college": 0.63908750425604355 }, "geometry": { "type": "MultiPolygon", "coordinates": [ [ [ [ -94.660315, 39.168051 ], [ -94.659162, 39.174126 ], [ -94.659399644885895, 39.174379104771504 ], [ -94.65938, 39.177042 ], [ -94.658745, 39.176116 ], [ -94.658159, 39.179641 ], [ -94.658137, 39.17987 ], [ -94.649311, 39.178261 ], [ -94.64891, 39.179006 ], [ -94.648976, 39.179412 ], [ -94.649062, 39.179629 ], [ -94.649474, 39.180504 ], [ -94.646582, 39.180249 ], [ -94.645613, 39.181408 ], [ -94.644831, 39.181735 ], [ -94.644748, 39.179981 ], [ -94.642888, 39.179976 ], [ -94.642892, 39.178842 ], [ -94.641058, 39.179286 ], [ -94.641028, 39.181675 ], [ -94.633689, 39.181675 ], [ -94.633775, 39.182288 ], [ -94.634045, 39.182814 ], [ -94.634042, 39.183399 ], [ -94.633052, 39.183624 ], [ -94.633075, 39.183851 ], [ -94.632207, 39.184137 ], [ -94.631773, 39.184931 ], [ -94.631688, 39.188346 ], [ -94.63168, 39.18884 ], [ -94.624779, 39.18878 ], [ -94.618551, 39.188733 ], [ -94.617996, 39.18873 ], [ -94.615988, 39.190146 ], [ -94.615656, 39.191163 ], [ -94.614119, 39.189984 ], [ -94.613494, 39.188704 ], [ -94.613147, 39.188955 ], [ -94.612394, 39.188665 ], [ -94.609717, 39.188538 ], [ -94.608792, 39.185609 ], [ -94.607061, 39.185541 ], [ -94.608628, 39.183839 ], [ -94.605694, 39.183071 ], [ -94.605312, 39.180539 ], [ -94.601463, 39.181766 ], [ -94.60146, 39.180141 ], [ -94.601466, 39.179732 ], [ -94.60154, 39.167445 ], [ -94.598669, 39.166259 ], [ -94.598776, 39.165713 ], [ -94.601558, 39.16611 ], [ -94.601733, 39.159603 ], [ -94.608657, 39.161044 ], [ -94.615834, 39.160003 ], [ -94.623356661137706, 39.156845339769298 ], [ -94.623565925368098, 39.156757500462703 ], [ -94.623934, 39.156603 ], [ -94.639779, 39.153707 ], [ -94.650735, 39.154103 ], [ -94.650775657138496, 39.154115691272303 ], [ -94.650776990967501, 39.154116107631801 ], [ -94.655787, 39.15568 ], [ -94.65921, 39.157841 ], [ -94.661397, 39.162742 ], [ -94.660315, 39.168051 ] ] ] ] } },
{ "type": "Feature", "properties": { "ZCTA5CE20": "64014", "AFFGEOID20": "860Z200US64014", "GEOID20": "64014", "NAME20": "64014", "LSAD20": "Z5", "ALAND20": 28990646.0, "AWATER20": 71647.0, "price_2012": 137232.45551438606, "price_2026": 303641.60225961986, "log_change": 0.79417182243031448, "pct_change": 1.2126078056498024, "dollar_change": 166409.1467452338, "mci": 51403.74092, "plaza": 29371.00986, "pnl": 29915.95166, "legends": 51440.59317, "lees_summit": 15252.74393, "cbd": 29643.48076, "log_population": 10.267713912627695, "median_income": 90337.0, "poverty_rate": 0.088181690733211832, "bachelors_only": 0.23970405629139072, "college_plus": 0.34400869205298013, "no_college": 0.65599130794701987 }, "geometry": { "type": "MultiPolygon", "coordinates": [ [ [ [ -94.274151, 38.973076 ], [ -94.274078, 38.974527 ], [ -94.273931, 38.980255 ], [ -94.273843, 38.982014 ], [ -94.273738, 38.983934 ], [ -94.273613, 38.986558 ], [ -94.273552, 38.987479 ], [ -94.273447, 38.989537 ], [ -94.273282, 38.993337 ], [ -94.273186, 38.995805 ], [ -94.272951, 39.000954 ], [ -94.272926, 39.001944 ], [ -94.272638, 39.009134 ], [ -94.272628, 39.009261 ], [ -94.272528, 39.012903 ], [ -94.273721, 39.012947 ], [ -94.273749, 39.013348 ], [ -94.273635, 39.016565 ], [ -94.272407, 39.016526 ], [ -94.272342, 39.018214 ], [ -94.272064, 39.023737 ], [ -94.271803, 39.030147 ], [ -94.271599, 39.035517 ], [ -94.272508, 39.035543 ], [ -94.272623, 39.038363 ], [ -94.271483, 39.038297 ], [ -94.271132, 39.04579 ], [ -94.271033, 39.047795 ], [ -94.270813, 39.052824 ], [ -94.261503, 39.052453 ], [ -94.258043, 39.052326 ], [ -94.25822, 39.048683 ], [ -94.257072, 39.04863 ], [ -94.256859, 39.052217 ], [ -94.256854, 39.052279 ], [ -94.252198, 39.052129 ], [ -94.250312, 39.052042 ], [ -94.244118, 39.05178 ], [ -94.243649, 39.051849 ], [ -94.243122, 39.051939 ], [ -94.241631, 39.052039 ], [ -94.241672, 39.05139 ], [ -94.240904, 39.051359 ], [ -94.240873, 39.051786 ], [ -94.24077, 39.050766 ], [ -94.238548, 39.050671 ], [ -94.238524, 39.051458 ], [ -94.238434, 39.051446 ], [ -94.236392, 39.051242 ], [ -94.233913, 39.051394 ], [ -94.234071, 39.047776 ], [ -94.234093, 39.047285 ], [ -94.237638, 39.046775 ], [ -94.238648, 39.046053 ], [ -94.238754, 39.044258 ], [ -94.238755, 39.044229 ], [ -94.238767, 39.043679 ], [ -94.238944, 39.037022 ], [ -94.239095, 39.037027 ], [ -94.239523, 39.026292 ], [ -94.239509, 39.02587 ], [ -94.23902, 39.025813 ], [ -94.237878, 39.025447 ], [ -94.238321, 39.022169 ], [ -94.236072, 39.020446 ], [ -94.235426, 39.013976 ], [ -94.235397, 39.013977 ], [ -94.235411, 39.01386 ], [ -94.234529, 39.01285 ], [ -94.234752, 39.007888 ], [ -94.231594, 39.007821 ], [ -94.231021, 39.007939 ], [ -94.231058, 39.006695 ], [ -94.231691, 38.993567 ], [ -94.231724, 38.989903 ], [ -94.236502, 38.989637 ], [ -94.236335, 38.987765 ], [ -94.236855, 38.986415 ], [ -94.248078, 38.986742 ], [ -94.247975, 38.986176 ], [ -94.250984, 38.983203 ], [ -94.250663, 38.981141 ], [ -94.246357, 38.981045 ], [ -94.246526, 38.977157 ], [ -94.246664, 38.974171 ], [ -94.246759, 38.97212 ], [ -94.247065, 38.964927 ], [ -94.256016, 38.965175 ], [ -94.256276, 38.959808 ], [ -94.256454, 38.962028 ], [ -94.259512, 38.962108 ], [ -94.25972, 38.95807 ], [ -94.260798, 38.95811 ], [ -94.261076, 38.952776 ], [ -94.261286, 38.952782 ], [ -94.261116, 38.957369 ], [ -94.262821, 38.95756 ], [ -94.262968, 38.954514 ], [ -94.265704, 38.954613 ], [ -94.265544, 38.95824 ], [ -94.264072, 38.958173 ], [ -94.264347, 38.965452 ], [ -94.274492, 38.965714 ], [ -94.274151, 38.973076 ] ] ] ] } },
{ "type": "Feature", "properties": { "ZCTA5CE20": "64001", "AFFGEOID20": "860Z200US64001", "GEOID20": "64001", "NAME20": "64001", "LSAD20": "Z5", "ALAND20": 92060975.0, "AWATER20": 160896.0, "price_2012": 71046.216512730025, "price_2026": 213115.49079677457, "log_change": 1.0985036270071582, "pct_change": 1.9996740327275364, "dollar_change": 142069.27428404454, "mci": 104278.5942, "plaza": 91549.40928000001, "pnl": 90327.68184, "legends": 111957.1562, "lees_summit": 76330.33406, "cbd": 90938.54556, "log_population": 6.7357800142423265, "median_income": 68000.0, "poverty_rate": 0.051068883610451303, "bachelors_only": 0.22155688622754491, "college_plus": 0.3712574850299401, "no_college": 0.62874251497005984 }, "geometry": { "type": "MultiPolygon", "coordinates": [ [ [ [ -93.590787, 39.119901 ], [ -93.574912, 39.120473 ], [ -93.575584, 39.123508 ], [ -93.575308, 39.128405 ], [ -93.575556, 39.131998 ], [ -93.573948, 39.135673 ], [ -93.571924, 39.137805 ], [ -93.572037, 39.139085 ], [ -93.573956, 39.140633 ], [ -93.575008, 39.145467 ], [ -93.573605, 39.148373 ], [ -93.570748, 39.150675 ], [ -93.56782, 39.152752 ], [ -93.566131, 39.153691 ], [ -93.565443, 39.154461 ], [ -93.564843, 39.159415 ], [ -93.564378, 39.160481 ], [ -93.563573, 39.160899 ], [ -93.558387, 39.161574 ], [ -93.554358, 39.163096 ], [ -93.550089, 39.164084 ], [ -93.532865, 39.164411 ], [ -93.524594, 39.16637 ], [ -93.521958, 39.166449 ], [ -93.523285, 39.148377 ], [ -93.48567, 39.146747 ], [ -93.485683, 39.146484 ], [ -93.487535, 39.107671 ], [ -93.487734, 39.107449 ], [ -93.487839, 39.105737 ], [ -93.4877, 39.103058 ], [ -93.487734, 39.10257 ], [ -93.487711, 39.099439 ], [ -93.487813, 39.098772 ], [ -93.489376, 39.073921 ], [ -93.48978, 39.066585 ], [ -93.494559, 39.06675 ], [ -93.494966, 39.05908 ], [ -93.509293, 39.05973 ], [ -93.510284, 39.049084 ], [ -93.533554, 39.050204 ], [ -93.534513, 39.049077 ], [ -93.536337, 39.049254 ], [ -93.538577, 39.051771 ], [ -93.538773, 39.053974 ], [ -93.546792, 39.054525 ], [ -93.581416, 39.055869 ], [ -93.580553, 39.070472 ], [ -93.590117, 39.070854 ], [ -93.589739, 39.078092 ], [ -93.589614, 39.078175 ], [ -93.589501, 39.078502 ], [ -93.588512, 39.095483 ], [ -93.587592, 39.097955 ], [ -93.587051, 39.107505 ], [ -93.591526, 39.107698 ], [ -93.590787, 39.119901 ] ] ] ] } },
{ "type": "Feature", "properties": { "ZCTA5CE20": "64130", "AFFGEOID20": "860Z200US64130", "GEOID20": "64130", "NAME20": "64130", "LSAD20": "Z5", "ALAND20": 18348915.0, "AWATER20": 8743.0, "price_2012": 22645.785438030045, "price_2026": 106173.83923165363, "log_change": 1.5451039823048056, "pct_change": 3.6884591184614566, "dollar_change": 83528.053793623592, "mci": 33309.93528, "plaza": 4489.359924, "pnl": 8054.25672, "legends": 27020.7075, "lees_summit": 18910.41476, "cbd": 6271.808322000001, "log_population": 9.8855272271591357, "median_income": 42221.0, "poverty_rate": 0.25951770138532582, "bachelors_only": 0.10350877192982456, "college_plus": 0.14864433811802233, "no_college": 0.85135566188197764 }, "geometry": { "type": "MultiPolygon", "coordinates": [ [ [ [ -94.564725, 39.019622 ], [ -94.564343, 39.019609 ], [ -94.564127, 39.023221 ], [ -94.563896, 39.026838 ], [ -94.563693, 39.030479 ], [ -94.564262, 39.0305 ], [ -94.564187, 39.032372 ], [ -94.563582, 39.032298 ], [ -94.56381, 39.034129 ], [ -94.563268, 39.037706 ], [ -94.563867, 39.037731 ], [ -94.563694, 39.04103 ], [ -94.56028, 39.041035 ], [ -94.561075, 39.043306 ], [ -94.563553, 39.0434 ], [ -94.563461, 39.044956 ], [ -94.561688, 39.044897 ], [ -94.562246, 39.046597 ], [ -94.56242, 39.048533 ], [ -94.561896, 39.048511 ], [ -94.561679, 39.052118 ], [ -94.561461, 39.055702 ], [ -94.557034, 39.055551 ], [ -94.557055, 39.055215 ], [ -94.5559, 39.055174 ], [ -94.555881, 39.055511 ], [ -94.554704, 39.055477 ], [ -94.55359, 39.055445 ], [ -94.551278, 39.055358 ], [ -94.551295, 39.05504 ], [ -94.55016, 39.055001 ], [ -94.550145, 39.055314 ], [ -94.548987, 39.055283 ], [ -94.546711, 39.055222 ], [ -94.544373, 39.055122 ], [ -94.539783, 39.054972 ], [ -94.535191, 39.054421 ], [ -94.53517, 39.054831 ], [ -94.53345, 39.054779 ], [ -94.530545, 39.054291 ], [ -94.530525, 39.054687 ], [ -94.527578, 39.055632 ], [ -94.524928, 39.055067 ], [ -94.524926, 39.054702 ], [ -94.522322, 39.054168 ], [ -94.521247, 39.054434 ], [ -94.520655, 39.054353 ], [ -94.518169, 39.053411 ], [ -94.516758, 39.053457 ], [ -94.517431, 39.044531 ], [ -94.519687, 39.044369 ], [ -94.520977, 39.043054 ], [ -94.521169, 39.042225 ], [ -94.520902, 39.038087 ], [ -94.520083, 39.037492 ], [ -94.51987, 39.038192 ], [ -94.518523, 39.034734 ], [ -94.517848, 39.034677 ], [ -94.518078, 39.025085 ], [ -94.518288, 39.024322 ], [ -94.517732, 39.02431 ], [ -94.517898, 39.015336 ], [ -94.517897, 39.015126 ], [ -94.518611, 39.015035 ], [ -94.522945, 39.014395 ], [ -94.525209, 39.014009 ], [ -94.526103, 39.013867 ], [ -94.527971, 39.013541 ], [ -94.531671, 39.012357 ], [ -94.536969, 39.011476 ], [ -94.537569, 39.011486 ], [ -94.54126, 39.011691 ], [ -94.542075, 39.011911 ], [ -94.542364, 39.011909 ], [ -94.548038, 39.012139 ], [ -94.551508, 39.012296 ], [ -94.551532, 39.011839 ], [ -94.553808, 39.011955 ], [ -94.553694, 39.012384 ], [ -94.555231, 39.012448 ], [ -94.556159, 39.012489 ], [ -94.559182, 39.012622 ], [ -94.560932, 39.010103 ], [ -94.563178, 39.011 ], [ -94.563118, 39.011963 ], [ -94.564775, 39.012854 ], [ -94.563382, 39.014957 ], [ -94.565544, 39.017246 ], [ -94.564725, 39.019622 ] ] ] ] } },
{ "type": "Feature", "properties": { "ZCTA5CE20": "64050", "AFFGEOID20": "860Z200US64050", "GEOID20": "64050", "NAME20": "64050", "LSAD20": "Z5", "ALAND20": 33309013.0, "AWATER20": 580829.0, "price_2012": 52213.432682718289, "price_2026": 172817.59106968628, "log_change": 1.1968968584892785, "pct_change": 2.309830099082641, "dollar_change": 120604.15838696799, "mci": 33894.70162, "plaza": 17915.30624, "pnl": 15203.80966, "legends": 36748.03062, "lees_summit": 22176.04656, "cbd": 16559.55795, "log_population": 9.9560325631998943, "median_income": 48834.0, "poverty_rate": 0.18500048890192627, "bachelors_only": 0.10126247603939455, "college_plus": 0.15751206292550729, "no_college": 0.84248793707449265 }, "geometry": { "type": "MultiPolygon", "coordinates": [ [ [ [ -94.438673, 39.080054 ], [ -94.438996, 39.083244 ], [ -94.432829, 39.082043 ], [ -94.432257, 39.081834 ], [ -94.432264, 39.081619 ], [ -94.433399, 39.081949 ], [ -94.432747, 39.079821 ], [ -94.434135, 39.079876 ], [ -94.435019, 39.077561 ], [ -94.438482, 39.077635 ], [ -94.438423, 39.07914 ], [ -94.439806, 39.080099 ], [ -94.438673, 39.080054 ] ] ], [ [ [ -94.444582, 39.09585 ], [ -94.442845, 39.094788 ], [ -94.441084, 39.094719 ], [ -94.441065, 39.095053 ], [ -94.438491, 39.095471 ], [ -94.438515, 39.094615 ], [ -94.436413, 39.094529 ], [ -94.43619, 39.102153 ], [ -94.433573, 39.102072 ], [ -94.432121, 39.102018 ], [ -94.433295, 39.102584 ], [ -94.431962, 39.102537 ], [ -94.431318, 39.102828 ], [ -94.430909, 39.109801 ], [ -94.427703, 39.10971 ], [ -94.427129, 39.112704 ], [ -94.427092, 39.113396 ], [ -94.42594, 39.113569 ], [ -94.425566, 39.116253 ], [ -94.4269, 39.118364 ], [ -94.425082, 39.119556 ], [ -94.428897, 39.11999 ], [ -94.428729, 39.12362 ], [ -94.43001, 39.123664 ], [ -94.430026, 39.126868 ], [ -94.429606, 39.131665 ], [ -94.428714, 39.132246 ], [ -94.424478, 39.13213 ], [ -94.424518, 39.135348 ], [ -94.421962, 39.139477 ], [ -94.419719, 39.141968 ], [ -94.421497, 39.142359 ], [ -94.430365, 39.138026 ], [ -94.423485, 39.144069 ], [ -94.419475, 39.149318 ], [ -94.417963, 39.151144 ], [ -94.405593, 39.16259 ], [ -94.402328, 39.164766 ], [ -94.401575, 39.166823 ], [ -94.399503, 39.167718 ], [ -94.395214, 39.169081 ], [ -94.39566, 39.161343 ], [ -94.395611, 39.158382 ], [ -94.389793, 39.142556 ], [ -94.384539, 39.134162 ], [ -94.383967, 39.132409 ], [ -94.384523, 39.129481 ], [ -94.384753, 39.128948 ], [ -94.386592, 39.122928 ], [ -94.386455, 39.121184 ], [ -94.384861, 39.117186 ], [ -94.383858, 39.114476 ], [ -94.381528, 39.108172 ], [ -94.381311, 39.10717 ], [ -94.380652, 39.103928 ], [ -94.380443, 39.095259 ], [ -94.379674, 39.091418 ], [ -94.379408, 39.090145 ], [ -94.378838, 39.085707 ], [ -94.379097, 39.077839 ], [ -94.379232, 39.077843 ], [ -94.390667, 39.078302 ], [ -94.399958, 39.07864 ], [ -94.405747, 39.078849 ], [ -94.406908, 39.078904 ], [ -94.413892, 39.079106 ], [ -94.421923, 39.079372 ], [ -94.429866, 39.079706 ], [ -94.430547, 39.080678 ], [ -94.432257, 39.081834 ], [ -94.432238, 39.082364 ], [ -94.428982, 39.082261 ], [ -94.428435, 39.0831 ], [ -94.427761, 39.083074 ], [ -94.42756, 39.083834 ], [ -94.426647, 39.084144 ], [ -94.426617, 39.085535 ], [ -94.4319, 39.087469 ], [ -94.431693, 39.087953 ], [ -94.431592, 39.088162 ], [ -94.432194, 39.087571 ], [ -94.43289, 39.087787 ], [ -94.434776, 39.087922 ], [ -94.436161, 39.088626 ], [ -94.436532, 39.090914 ], [ -94.438069, 39.090958 ], [ -94.438652, 39.092341 ], [ -94.439493, 39.094118 ], [ -94.443632, 39.094088 ], [ -94.443994, 39.093208 ], [ -94.4445, 39.094842 ], [ -94.444633, 39.094848 ], [ -94.444582, 39.09585 ] ] ] ] } },
{ "type": "Feature", "properties": { "ZCTA5CE20": "66092", "AFFGEOID20": "860Z200US66092", "GEOID20": "66092", "NAME20": "66092", "LSAD20": "Z5", "ALAND20": 229033745.0, "AWATER20": 1677723.0, "price_2012": 120772.15798411286, "price_2026": 342774.47942033183, "log_change": 1.0431669578482499, "pct_change": 1.8381912283576367, "dollar_change": 222002.32143621898, "mci": 75305.47904000001, "plaza": 59086.66404, "pnl": 64030.66191, "legends": 53412.03285, "lees_summit": 67344.87798, "cbd": 61558.662975, "log_population": 8.3781609827206793, "median_income": 87524.0, "poverty_rate": 0.063350539652745189, "bachelors_only": 0.14313854235062376, "college_plus": 0.23900196979645436, "no_college": 0.76099803020354562 }, "geometry": { "type": "MultiPolygon", "coordinates": [ [ [ [ -95.247401, 38.688728 ], [ -95.244121, 38.689655 ], [ -95.243913, 38.693798 ], [ -95.242807, 38.694983 ], [ -95.241774, 38.695037 ], [ -95.241784, 38.709575 ], [ -95.241788, 38.716847 ], [ -95.232625, 38.71686 ], [ -95.223893, 38.716866 ], [ -95.223474, 38.722585 ], [ -95.222849, 38.72408 ], [ -95.214153, 38.724097 ], [ -95.204793, 38.724049 ], [ -95.204749, 38.731236 ], [ -95.186288, 38.731171 ], [ -95.186381, 38.738505 ], [ -95.177014, 38.738492 ], [ -95.167545, 38.738471 ], [ -95.130625, 38.738622 ], [ -95.130649, 38.745882 ], [ -95.130575, 38.767667 ], [ -95.13976, 38.76761 ], [ -95.139894, 38.782294 ], [ -95.135295, 38.782313 ], [ -95.130675, 38.782295 ], [ -95.130662, 38.785599 ], [ -95.128154, 38.787882 ], [ -95.128761, 38.788895 ], [ -95.127881, 38.79012 ], [ -95.126131, 38.790126 ], [ -95.12503, 38.791194 ], [ -95.125448, 38.792305 ], [ -95.122446, 38.793523 ], [ -95.121825, 38.794889 ], [ -95.119776, 38.795345 ], [ -95.118144, 38.796879 ], [ -95.111864, 38.796843 ], [ -95.111872, 38.801227 ], [ -95.10913, 38.803825 ], [ -95.107373, 38.804508 ], [ -95.105531, 38.806106 ], [ -95.1024, 38.805881 ], [ -95.102403, 38.807584 ], [ -95.099947, 38.807566 ], [ -95.093197, 38.805342 ], [ -95.093398, 38.782195 ], [ -95.093412, 38.775316 ], [ -95.093409, 38.767858 ], [ -95.05633, 38.767752 ], [ -95.05637, 38.760319 ], [ -95.056375, 38.759734 ], [ -95.056429, 38.746153 ], [ -95.056412, 38.738587 ], [ -95.047346, 38.738572 ], [ -95.02987, 38.738535 ], [ -95.0488, 38.722145 ], [ -95.050351, 38.721255 ], [ -95.056413, 38.719511 ], [ -95.056408, 38.711234 ], [ -95.056439, 38.709347 ], [ -95.028669, 38.709428 ], [ -95.028706, 38.702108 ], [ -95.027988, 38.701142 ], [ -95.025272, 38.702699 ], [ -95.023085, 38.701899 ], [ -95.021297, 38.703385 ], [ -95.018461, 38.701091 ], [ -95.016135, 38.698135 ], [ -95.013609, 38.697332 ], [ -95.012611, 38.697944 ], [ -95.008904, 38.697921 ], [ -95.010052, 38.697027 ], [ -95.011208, 38.694838 ], [ -94.993244, 38.694842 ], [ -94.993503, 38.665722 ], [ -94.994739, 38.666142 ], [ -95.00247, 38.666387 ], [ -95.003421, 38.665814 ], [ -95.012069, 38.665905 ], [ -95.011958, 38.651322 ], [ -95.020233, 38.651451 ], [ -95.019941, 38.629921 ], [ -95.028291, 38.629866 ], [ -95.028271, 38.622617 ], [ -95.055674, 38.622808 ], [ -95.065097, 38.622856 ], [ -95.065309, 38.615198 ], [ -95.065246, 38.608177 ], [ -95.065245, 38.608064 ], [ -95.065281, 38.589796 ], [ -95.065588, 38.58999 ], [ -95.083801, 38.590119 ], [ -95.083881, 38.598306 ], [ -95.085216, 38.598621 ], [ -95.085472, 38.5997 ], [ -95.083976, 38.6016 ], [ -95.083887, 38.608174 ], [ -95.111533, 38.608223 ], [ -95.111765, 38.593708 ], [ -95.121092, 38.593565 ], [ -95.121045, 38.606838 ], [ -95.121946, 38.607932 ], [ -95.121241, 38.60847 ], [ -95.121063, 38.622727 ], [ -95.13729, 38.62285 ], [ -95.137228, 38.637409 ], [ -95.15587, 38.637503 ], [ -95.155881, 38.640116 ], [ -95.152879, 38.640616 ], [ -95.151764, 38.64152 ], [ -95.152785, 38.643046 ], [ -95.15068, 38.642932 ], [ -95.150733, 38.644021 ], [ -95.148548, 38.644367 ], [ -95.148742, 38.645323 ], [ -95.146249, 38.646455 ], [ -95.144442, 38.646294 ], [ -95.142792, 38.64518 ], [ -95.141855, 38.646418 ], [ -95.140148, 38.646589 ], [ -95.138827, 38.645694 ], [ -95.137631, 38.646577 ], [ -95.137199, 38.651959 ], [ -95.137158, 38.666534 ], [ -95.155723, 38.666655 ], [ -95.155847, 38.670392 ], [ -95.155746, 38.681215 ], [ -95.174298, 38.681374 ], [ -95.178315, 38.681369 ], [ -95.178582, 38.694993 ], [ -95.192903, 38.695015 ], [ -95.192901, 38.681124 ], [ -95.21146, 38.68104 ], [ -95.211428, 38.688364 ], [ -95.215206, 38.688365 ], [ -95.216703, 38.687318 ], [ -95.219724, 38.683652 ], [ -95.221551, 38.682622 ], [ -95.22108, 38.681 ], [ -95.222837, 38.679935 ], [ -95.223639, 38.677793 ], [ -95.221934, 38.677127 ], [ -95.223034, 38.675363 ], [ -95.222097, 38.674804 ], [ -95.222158, 38.672537 ], [ -95.224597, 38.674098 ], [ -95.22468, 38.672511 ], [ -95.225805, 38.671521 ], [ -95.225465, 38.669879 ], [ -95.226652, 38.669176 ], [ -95.226486, 38.667566 ], [ -95.228775, 38.666609 ], [ -95.230193, 38.666616 ], [ -95.23019, 38.668965 ], [ -95.231399, 38.668711 ], [ -95.231208, 38.67254 ], [ -95.23423, 38.67273 ], [ -95.233293, 38.674658 ], [ -95.234617, 38.675047 ], [ -95.233101, 38.676923 ], [ -95.23615, 38.677095 ], [ -95.236945, 38.678188 ], [ -95.238505, 38.678041 ], [ -95.238676, 38.67929 ], [ -95.236478, 38.681057 ], [ -95.237069, 38.681537 ], [ -95.239136, 38.680615 ], [ -95.240412, 38.68123 ], [ -95.237964, 38.681687 ], [ -95.237388, 38.682518 ], [ -95.239474, 38.683072 ], [ -95.241007, 38.684336 ], [ -95.240809, 38.685439 ], [ -95.242057, 38.686109 ], [ -95.242875, 38.684679 ], [ -95.244058, 38.684859 ], [ -95.243943, 38.686212 ], [ -95.246163, 38.686949 ], [ -95.245516, 38.688182 ], [ -95.247401, 38.688728 ] ] ] ] } },
{ "type": "Feature", "properties": { "ZCTA5CE20": "66211", "AFFGEOID20": "860Z200US66211", "GEOID20": "66211", "NAME20": "66211", "LSAD20": "Z5", "ALAND20": 11133466.0, "AWATER20": 86714.0, "price_2012": 540114.2537070167, "price_2026": 1114390.8283962151, "log_change": 0.72428249423221658, "pct_change": 1.0632501748430305, "dollar_change": 574276.5746891984, "mci": 42325.77255, "plaza": 13672.86453, "pnl": 19980.08298, "legends": 27853.57647, "lees_summit": 21896.94619, "cbd": 16826.473755, "log_population": 8.6640602672257891, "median_income": 106486.0, "poverty_rate": 0.067089276281035393, "bachelors_only": 0.45680126325287618, "college_plus": 0.77757726144822914, "no_college": 0.22242273855177086 }, "geometry": { "type": "MultiPolygon", "coordinates": [ [ [ [ -94.667837, 38.928968 ], [ -94.667685, 38.931928 ], [ -94.667623, 38.933084 ], [ -94.667562, 38.934239 ], [ -94.662993, 38.934771 ], [ -94.658244, 38.934782 ], [ -94.65577, 38.934785 ], [ -94.655423, 38.931148 ], [ -94.653494, 38.931344 ], [ -94.653501, 38.934789 ], [ -94.64894, 38.934797 ], [ -94.645003, 38.934808 ], [ -94.64245, 38.936264 ], [ -94.639642, 38.936289 ], [ -94.639611, 38.932493 ], [ -94.63718, 38.932725 ], [ -94.630234, 38.932806 ], [ -94.620673, 38.933092 ], [ -94.617589, 38.933803 ], [ -94.607978023842804, 38.9368469969152 ], [ -94.607979799363306, 38.935134007047601 ], [ -94.607985907151303, 38.929241324209997 ], [ -94.607995200775704, 38.920275004354103 ], [ -94.607995565069103, 38.919923540717299 ], [ -94.608002819766796, 38.912924340284299 ], [ -94.625347, 38.912921 ], [ -94.630576, 38.912907 ], [ -94.635182, 38.912909 ], [ -94.635088, 38.913717 ], [ -94.636768, 38.914274 ], [ -94.639822, 38.913796 ], [ -94.639808, 38.914716 ], [ -94.647608, 38.915223 ], [ -94.649092, 38.91406 ], [ -94.649113, 38.912931 ], [ -94.658257, 38.912967 ], [ -94.658278, 38.913614 ], [ -94.655478, 38.914101 ], [ -94.655681, 38.916353 ], [ -94.656586, 38.918579 ], [ -94.65427, 38.922005 ], [ -94.658187, 38.921965 ], [ -94.660168, 38.920571 ], [ -94.661676, 38.917858 ], [ -94.66326, 38.917278 ], [ -94.667706, 38.917774 ], [ -94.667447, 38.919468 ], [ -94.667705, 38.927506 ], [ -94.667837, 38.928968 ] ] ] ] } },
{ "type": "Feature", "properties": { "ZCTA5CE20": "66083", "AFFGEOID20": "860Z200US66083", "GEOID20": "66083", "NAME20": "66083", "LSAD20": "Z5", "ALAND20": 160699348.0, "AWATER20": 3070995.0, "price_2012": 184956.33749680061, "price_2026": 425775.84338440414, "log_change": 0.8337932348528021, "pct_change": 1.3020343565776396, "dollar_change": 240819.50588760353, "mci": 63521.57525, "plaza": 40055.64665, "pnl": 45954.59635, "legends": 43140.95537, "lees_summit": 43889.30586, "cbd": 43005.1215, "log_population": 9.4735504325034761, "median_income": 116791.0, "poverty_rate": 0.055186272994280416, "bachelors_only": 0.31118966357874206, "college_plus": 0.45112140419307656, "no_college": 0.54887859580692344 }, "geometry": { "type": "MultiPolygon", "coordinates": [ [ [ [ -94.971142, 38.736236 ], [ -94.967919, 38.738636 ], [ -94.963993, 38.738479 ], [ -94.963996, 38.742127 ], [ -94.955169, 38.74211 ], [ -94.954984, 38.741907 ], [ -94.955126, 38.739638 ], [ -94.956814, 38.73851 ], [ -94.92718, 38.73836 ], [ -94.917842, 38.73833 ], [ -94.908606, 38.738281 ], [ -94.899331, 38.738323 ], [ -94.889992, 38.738358 ], [ -94.890066, 38.752883 ], [ -94.899088, 38.752848 ], [ -94.899043, 38.760211 ], [ -94.880511, 38.760201 ], [ -94.880629, 38.781862 ], [ -94.871538, 38.781862 ], [ -94.861842, 38.78186 ], [ -94.839011, 38.781847 ], [ -94.839067, 38.789159 ], [ -94.834356, 38.789154 ], [ -94.834395, 38.792869 ], [ -94.825136, 38.792915 ], [ -94.825139, 38.796625 ], [ -94.81558, 38.796649 ], [ -94.815566, 38.792982 ], [ -94.806532, 38.792902 ], [ -94.806525, 38.789235 ], [ -94.801896, 38.789209 ], [ -94.801885, 38.781949 ], [ -94.797255, 38.781943 ], [ -94.797241, 38.786155 ], [ -94.792917, 38.786245 ], [ -94.792881, 38.789193 ], [ -94.788575, 38.789193 ], [ -94.788504, 38.785495 ], [ -94.779293, 38.78553 ], [ -94.779246, 38.781934 ], [ -94.760627, 38.781881 ], [ -94.742067, 38.781818 ], [ -94.742128, 38.786598 ], [ -94.740737, 38.786318 ], [ -94.738486, 38.788884 ], [ -94.732913, 38.789318 ], [ -94.732931, 38.781842 ], [ -94.718878, 38.781793 ], [ -94.704902, 38.781869 ], [ -94.70485, 38.781865 ], [ -94.704904, 38.774585 ], [ -94.704931, 38.767327 ], [ -94.723292, 38.767501 ], [ -94.723256, 38.752929 ], [ -94.733005, 38.75286 ], [ -94.732962, 38.767411 ], [ -94.746404, 38.767319 ], [ -94.74644, 38.760072 ], [ -94.751059, 38.760054 ], [ -94.751042, 38.756469 ], [ -94.755733, 38.756398 ], [ -94.755679, 38.752769 ], [ -94.760288, 38.752768 ], [ -94.760315, 38.738235 ], [ -94.760198, 38.723719 ], [ -94.760222, 38.716528 ], [ -94.751339, 38.716491 ], [ -94.751322, 38.709162 ], [ -94.741758, 38.70914 ], [ -94.740904, 38.694586 ], [ -94.740871, 38.687127 ], [ -94.748926, 38.687021 ], [ -94.755091, 38.682792 ], [ -94.759978, 38.679788 ], [ -94.760614, 38.679792 ], [ -94.759678, 38.681107 ], [ -94.759522, 38.687061 ], [ -94.759455, 38.694144 ], [ -94.759629, 38.694612 ], [ -94.768669, 38.694614 ], [ -94.768818, 38.686994 ], [ -94.7878, 38.68707 ], [ -94.78743, 38.679711 ], [ -94.808535, 38.679144 ], [ -94.808355, 38.694381 ], [ -94.815503, 38.692782 ], [ -94.817541, 38.693944 ], [ -94.82077, 38.693849 ], [ -94.822998, 38.692039 ], [ -94.8243, 38.692411 ], [ -94.826165, 38.691972 ], [ -94.827595, 38.689715 ], [ -94.831001, 38.688995 ], [ -94.830733, 38.687819 ], [ -94.833523, 38.686716 ], [ -94.835873, 38.686643 ], [ -94.835992, 38.689144 ], [ -94.836459, 38.694781 ], [ -94.837331, 38.694713 ], [ -94.866526, 38.69473 ], [ -94.866509, 38.69679 ], [ -94.871253, 38.696961 ], [ -94.871489, 38.698378 ], [ -94.880902, 38.698202 ], [ -94.880898, 38.700793 ], [ -94.880925, 38.701926 ], [ -94.887114, 38.701884 ], [ -94.887112, 38.701955 ], [ -94.889336, 38.703363 ], [ -94.890982, 38.702034 ], [ -94.891198, 38.701847 ], [ -94.891865, 38.699149 ], [ -94.892529, 38.698679 ], [ -94.893375, 38.698571 ], [ -94.893838, 38.698748 ], [ -94.89403, 38.699732 ], [ -94.894793, 38.700557 ], [ -94.895257, 38.700734 ], [ -94.894658, 38.701641 ], [ -94.895042, 38.701818 ], [ -94.895793, 38.701814 ], [ -94.896247, 38.700042 ], [ -94.895153, 38.698181 ], [ -94.897194, 38.69713 ], [ -94.895821, 38.696612 ], [ -94.896453, 38.693223 ], [ -94.898858, 38.691751 ], [ -94.901999, 38.694007 ], [ -94.903184, 38.694455 ], [ -94.917486, 38.69469 ], [ -94.91889, 38.694695 ], [ -94.924412, 38.694755 ], [ -94.926067, 38.695369 ], [ -94.927323, 38.694745 ], [ -94.935395, 38.694697 ], [ -94.937265, 38.693301 ], [ -94.938339, 38.689427 ], [ -94.941327, 38.68785 ], [ -94.941214, 38.68614 ], [ -94.942558, 38.686099 ], [ -94.94232, 38.690302 ], [ -94.943046, 38.693638 ], [ -94.941786, 38.695456 ], [ -94.942813, 38.699255 ], [ -94.942959, 38.698109 ], [ -94.944952, 38.695665 ], [ -94.94654, 38.692904 ], [ -94.948732, 38.695525 ], [ -94.950225, 38.698307 ], [ -94.950122, 38.699206 ], [ -94.952722, 38.701987 ], [ -94.954324, 38.701352 ], [ -94.957038, 38.702097 ], [ -94.957166, 38.703855 ], [ -94.95829, 38.703534 ], [ -94.958519, 38.705084 ], [ -94.9631, 38.70913 ], [ -94.964079, 38.708669 ], [ -94.967708, 38.709151 ], [ -94.966855, 38.710963 ], [ -94.968659, 38.71146 ], [ -94.968645, 38.713046 ], [ -94.97049, 38.714403 ], [ -94.970277, 38.716366 ], [ -94.968918, 38.717624 ], [ -94.969373, 38.71976 ], [ -94.967227, 38.719873 ], [ -94.968458, 38.720938 ], [ -94.968451, 38.722092 ], [ -94.965407, 38.720764 ], [ -94.964032, 38.721337 ], [ -94.96294, 38.721112 ], [ -94.961413, 38.725498 ], [ -94.960335, 38.725685 ], [ -94.961155, 38.728465 ], [ -94.960333, 38.729426 ], [ -94.961839, 38.730568 ], [ -94.960683, 38.734982 ], [ -94.962208, 38.734227 ], [ -94.963232, 38.732724 ], [ -94.966391, 38.733921 ], [ -94.970703, 38.734736 ], [ -94.971142, 38.736236 ] ] ] ] } },
{ "type": "Feature", "properties": { "ZCTA5CE20": "64637", "AFFGEOID20": "860Z200US64637", "GEOID20": "64637", "NAME20": "64637", "LSAD20": "Z5", "ALAND20": 188667529.0, "AWATER20": 801238.0, "price_2012": 77054.001396204447, "price_2026": 329233.92017437005, "log_change": 1.4522620088118181, "pct_change": 3.2727686325007328, "dollar_change": 252179.91877816559, "mci": 75453.36462, "plaza": 82993.35394, "pnl": 77948.34727, "legends": 93425.66509, "lees_summit": 83598.30232, "cbd": 80470.850605, "log_population": 6.1984787164923079, "median_income": 56944.0, "poverty_rate": 0.19308943089430894, "bachelors_only": 0.088328075709779186, "college_plus": 0.17665615141955837, "no_college": 0.82334384858044163 }, "geometry": { "type": "MultiPolygon", "coordinates": [ [ [ [ -93.983306, 39.589605 ], [ -93.983247, 39.597527 ], [ -93.983139, 39.612499 ], [ -93.983075, 39.619511 ], [ -93.98262, 39.624994 ], [ -93.982719, 39.625988 ], [ -93.980924, 39.626413 ], [ -93.978243, 39.629783 ], [ -93.977314, 39.630364 ], [ -93.977505, 39.632781 ], [ -93.979108, 39.633475 ], [ -93.978072, 39.633987 ], [ -93.978215, 39.635731 ], [ -93.979523, 39.635414 ], [ -93.978976, 39.63682 ], [ -93.976036, 39.636901 ], [ -93.976248, 39.640575 ], [ -93.977308, 39.643435 ], [ -93.978921, 39.644307 ], [ -93.978722, 39.645256 ], [ -93.977006, 39.646458 ], [ -93.975976, 39.64662 ], [ -93.973741, 39.645661 ], [ -93.973454, 39.643492 ], [ -93.973034, 39.645197 ], [ -93.974256, 39.646569 ], [ -93.974461, 39.659081 ], [ -93.97495, 39.659971 ], [ -93.974587, 39.661846 ], [ -93.974728, 39.670404 ], [ -93.960617, 39.670397 ], [ -93.960155, 39.663153 ], [ -93.951066, 39.66368 ], [ -93.946267, 39.66369 ], [ -93.946198, 39.659119 ], [ -93.941577, 39.659021 ], [ -93.941457, 39.657811 ], [ -93.939217, 39.65733 ], [ -93.936798, 39.657658 ], [ -93.934447, 39.654906 ], [ -93.931498, 39.653292 ], [ -93.93058, 39.652904 ], [ -93.927161, 39.657163 ], [ -93.917329, 39.671081 ], [ -93.915699, 39.670478 ], [ -93.902943, 39.670596 ], [ -93.902938, 39.667789 ], [ -93.902114, 39.667156 ], [ -93.900336, 39.671647 ], [ -93.89905, 39.672064 ], [ -93.896375, 39.671688 ], [ -93.895652, 39.67271 ], [ -93.892713, 39.67442 ], [ -93.891382, 39.67313 ], [ -93.888471, 39.671941 ], [ -93.885817, 39.674714 ], [ -93.883941, 39.675094 ], [ -93.879344, 39.674175 ], [ -93.877221, 39.675782 ], [ -93.874767, 39.676132 ], [ -93.871767, 39.678144 ], [ -93.869957, 39.676751 ], [ -93.869985, 39.67714 ], [ -93.869436, 39.675042 ], [ -93.862991, 39.676426 ], [ -93.862025, 39.673731 ], [ -93.858533, 39.673721 ], [ -93.858318, 39.67241 ], [ -93.860538, 39.670453 ], [ -93.860851, 39.66939 ], [ -93.861118, 39.655644 ], [ -93.865882, 39.655513 ], [ -93.86603, 39.651149 ], [ -93.870242, 39.651285 ], [ -93.870271, 39.649777 ], [ -93.874293, 39.64947 ], [ -93.87478, 39.648095 ], [ -93.878147, 39.64608 ], [ -93.878643, 39.643427 ], [ -93.877417, 39.641595 ], [ -93.879875, 39.641593 ], [ -93.880003, 39.63844 ], [ -93.870449, 39.638211 ], [ -93.870597, 39.627118 ], [ -93.870599, 39.626842 ], [ -93.87067, 39.619705 ], [ -93.87073, 39.612679 ], [ -93.870794, 39.605262 ], [ -93.872613, 39.603778 ], [ -93.873761, 39.603611 ], [ -93.873624, 39.600057 ], [ -93.874322, 39.598157 ], [ -93.870873, 39.598247 ], [ -93.85264, 39.598226 ], [ -93.852442, 39.59529 ], [ -93.851027, 39.592846 ], [ -93.847475, 39.592258 ], [ -93.845482, 39.587377 ], [ -93.843809, 39.585685 ], [ -93.842842, 39.58376 ], [ -93.844319, 39.583763 ], [ -93.844305, 39.578185 ], [ -93.843884, 39.577523 ], [ -93.849175, 39.576519 ], [ -93.870959, 39.576559 ], [ -93.870859, 39.56114 ], [ -93.870459, 39.545739 ], [ -93.870547, 39.543844 ], [ -93.870387, 39.543648 ], [ -93.870494, 39.542422 ], [ -93.870464, 39.540343 ], [ -93.870281, 39.530613 ], [ -93.870196, 39.525865 ], [ -93.869888, 39.469302 ], [ -93.869925, 39.468805 ], [ -93.869915, 39.467618 ], [ -93.870426, 39.461999 ], [ -93.869928, 39.458248 ], [ -93.87018, 39.456854 ], [ -93.874421, 39.456609 ], [ -93.876676, 39.455071 ], [ -93.884144, 39.454895 ], [ -93.884151, 39.452904 ], [ -93.908262, 39.452495 ], [ -93.908164, 39.455778 ], [ -93.904368, 39.457548 ], [ -93.908276, 39.462369 ], [ -93.907553, 39.464474 ], [ -93.908381, 39.466874 ], [ -93.908402, 39.47437 ], [ -93.944671, 39.474533 ], [ -93.946689, 39.474602 ], [ -93.94634, 39.52463 ], [ -93.965122, 39.524473 ], [ -93.964814, 39.539004 ], [ -93.959944, 39.538912 ], [ -93.959932, 39.539675 ], [ -93.960608, 39.541433 ], [ -93.963045, 39.54444 ], [ -93.963437, 39.547788 ], [ -93.964178, 39.54769 ], [ -93.964978, 39.550848 ], [ -93.966481, 39.551936 ], [ -93.966842, 39.55353 ], [ -93.96893, 39.556223 ], [ -93.96164, 39.557148 ], [ -93.945397, 39.557772 ], [ -93.945644, 39.561801 ], [ -93.945277, 39.562669 ], [ -93.945072, 39.568117 ], [ -93.951879, 39.56838 ], [ -93.957283, 39.56806 ], [ -93.973434, 39.568087 ], [ -93.973155, 39.58211 ], [ -93.977248, 39.582236 ], [ -93.979755, 39.583721 ], [ -93.983306, 39.58543 ], [ -93.983306, 39.589605 ] ] ] ] } },
{ "type": "Feature", "properties": { "ZCTA5CE20": "64153", "AFFGEOID20": "860Z200US64153", "GEOID20": "64153", "NAME20": "64153", "LSAD20": "Z5", "ALAND20": 94339740.0, "AWATER20": 986260.0, "price_2012": 154880.63319610746, "price_2026": 375315.21160921262, "log_change": 0.88511152536409909, "pct_change": 1.4232546307710037, "dollar_change": 220434.57841310516, "mci": 2530.588958, "plaza": 29015.66296, "pnl": 23936.44907, "legends": 19363.75703, "lees_summit": 50432.66567, "cbd": 26476.056015000002, "log_population": 8.8028231597418873, "median_income": 82964.0, "poverty_rate": 0.02555079559363525, "bachelors_only": 0.31731601731601733, "college_plus": 0.48614718614718616, "no_college": 0.51385281385281378 }, "geometry": { "type": "MultiPolygon", "coordinates": [ [ [ [ -94.837375, 39.262881 ], [ -94.837741, 39.266864 ], [ -94.837017, 39.268583 ], [ -94.83551, 39.269493 ], [ -94.828628, 39.272332 ], [ -94.827014, 39.273887 ], [ -94.825815, 39.275225 ], [ -94.82442, 39.275374 ], [ -94.821335, 39.274514 ], [ -94.81807, 39.274668 ], [ -94.816121, 39.275882 ], [ -94.817251, 39.278287 ], [ -94.817027, 39.278281 ], [ -94.818876, 39.279606 ], [ -94.820684, 39.281826 ], [ -94.821762, 39.28493 ], [ -94.82157, 39.287396 ], [ -94.819603, 39.290912 ], [ -94.818208, 39.290825 ], [ -94.815357, 39.288863 ], [ -94.814716, 39.287085 ], [ -94.813552, 39.285973 ], [ -94.812281, 39.285855 ], [ -94.810615, 39.28633 ], [ -94.809864, 39.286836 ], [ -94.810112, 39.288191 ], [ -94.80789, 39.287661 ], [ -94.805183, 39.28792 ], [ -94.804107, 39.286978 ], [ -94.799981, 39.285724 ], [ -94.797983, 39.284099 ], [ -94.798526, 39.282567 ], [ -94.797934, 39.280526 ], [ -94.798112, 39.267102 ], [ -94.780209, 39.267196 ], [ -94.77955, 39.267134 ], [ -94.779498, 39.274157 ], [ -94.762264, 39.274238 ], [ -94.765645, 39.283079 ], [ -94.766429, 39.286368 ], [ -94.76641, 39.289115 ], [ -94.764352, 39.296226 ], [ -94.764049, 39.296221 ], [ -94.763225, 39.296219 ], [ -94.751779, 39.296136 ], [ -94.739946, 39.296196 ], [ -94.73985, 39.300797 ], [ -94.733054, 39.300898 ], [ -94.733025, 39.31074 ], [ -94.742417, 39.310684 ], [ -94.75178, 39.310615 ], [ -94.752245, 39.310614 ], [ -94.754798, 39.310324 ], [ -94.754846, 39.310608 ], [ -94.755444, 39.310609 ], [ -94.757105, 39.310605 ], [ -94.757409, 39.313317 ], [ -94.752358, 39.338096 ], [ -94.752037, 39.339197 ], [ -94.751651, 39.339162 ], [ -94.750695, 39.339079 ], [ -94.747507, 39.339623 ], [ -94.743113, 39.339639 ], [ -94.742344, 39.339643 ], [ -94.738397, 39.3397 ], [ -94.735436, 39.339022 ], [ -94.733303, 39.337767 ], [ -94.732955, 39.338954 ], [ -94.729433, 39.337942 ], [ -94.697994, 39.321626 ], [ -94.695818, 39.319954 ], [ -94.694712, 39.318877 ], [ -94.689994, 39.313946 ], [ -94.687875, 39.311082 ], [ -94.686152, 39.31108 ], [ -94.685817, 39.311079 ], [ -94.672334, 39.310834 ], [ -94.66843, 39.30808 ], [ -94.666292, 39.307392 ], [ -94.665307, 39.307283 ], [ -94.64894, 39.307298 ], [ -94.648961, 39.306111 ], [ -94.65464, 39.303756 ], [ -94.657137, 39.297572 ], [ -94.656669, 39.296457 ], [ -94.65862, 39.294734 ], [ -94.658634, 39.289261 ], [ -94.658659, 39.283986 ], [ -94.659398, 39.281809 ], [ -94.659243, 39.277963 ], [ -94.659878, 39.276051 ], [ -94.659948, 39.272768 ], [ -94.654745, 39.273535 ], [ -94.654517, 39.272449 ], [ -94.659963, 39.267417 ], [ -94.665162, 39.267389 ], [ -94.664661, 39.266716 ], [ -94.659955, 39.260047 ], [ -94.65895, 39.257648 ], [ -94.658445, 39.255095 ], [ -94.658423, 39.254782 ], [ -94.658419, 39.254645 ], [ -94.658411, 39.254412 ], [ -94.658403, 39.253415 ], [ -94.65845, 39.251019 ], [ -94.6585, 39.246849 ], [ -94.659078, 39.246898 ], [ -94.661432, 39.246902 ], [ -94.661704, 39.246416 ], [ -94.661722, 39.245831 ], [ -94.661434, 39.245491 ], [ -94.661848, 39.245105 ], [ -94.662078, 39.244191 ], [ -94.663639, 39.2443 ], [ -94.663961, 39.244758 ], [ -94.663964, 39.246907 ], [ -94.668326, 39.246901 ], [ -94.682424, 39.246954 ], [ -94.683648, 39.24698 ], [ -94.686276, 39.247036 ], [ -94.691835, 39.247082 ], [ -94.691827, 39.246465 ], [ -94.69663, 39.246667 ], [ -94.699025, 39.246649 ], [ -94.701101, 39.246626 ], [ -94.70109, 39.242625 ], [ -94.704262, 39.242623 ], [ -94.708673, 39.243028 ], [ -94.708664, 39.247109 ], [ -94.71494, 39.247128 ], [ -94.714929, 39.243033 ], [ -94.733312, 39.243133 ], [ -94.733082, 39.246358 ], [ -94.73365, 39.24768 ], [ -94.741397, 39.245316 ], [ -94.742509, 39.245123 ], [ -94.744471, 39.245007 ], [ -94.747931, 39.245099 ], [ -94.751766, 39.245195 ], [ -94.754389, 39.245356 ], [ -94.755109, 39.245365 ], [ -94.755492, 39.245371 ], [ -94.758614, 39.245454 ], [ -94.759107, 39.245505 ], [ -94.759705, 39.245833 ], [ -94.761004, 39.247124 ], [ -94.769102, 39.247267 ], [ -94.770508, 39.247927 ], [ -94.77147, 39.248459 ], [ -94.77287, 39.248795 ], [ -94.779709, 39.248802 ], [ -94.779736, 39.245123 ], [ -94.799493, 39.245152 ], [ -94.803316, 39.243802 ], [ -94.801208, 39.237944 ], [ -94.801571, 39.2379 ], [ -94.803789, 39.24386 ], [ -94.804264, 39.245139 ], [ -94.805534, 39.245217 ], [ -94.810304, 39.244962 ], [ -94.826351588452397, 39.244809527287103 ], [ -94.826372341313601, 39.244902369034499 ], [ -94.827487, 39.249889 ], [ -94.831471, 39.256273 ], [ -94.834900945312498, 39.259574 ], [ -94.837855, 39.262417 ], [ -94.837375, 39.262881 ] ] ] ] } },
{ "type": "Feature", "properties": { "ZCTA5CE20": "64154", "AFFGEOID20": "860Z200US64154", "GEOID20": "64154", "NAME20": "64154", "LSAD20": "Z5", "ALAND20": 33511727.0, "AWATER20": 115690.0, "price_2012": 213995.33476250523, "price_2026": 433060.50160442712, "log_change": 0.70492323020174297, "pct_change": 1.0236913205843634, "dollar_change": 219065.16684192189, "mci": 8028.900842, "plaza": 26206.43431, "pnl": 20161.56681, "legends": 24300.0723, "lees_summit": 45396.10761, "cbd": 23184.00056, "log_population": 9.5361127111750985, "median_income": 86213.0, "poverty_rate": 0.059333770682994384, "bachelors_only": 0.28715039315218471, "college_plus": 0.48581666169005672, "no_college": 0.51418333830994323 }, "geometry": { "type": "MultiPolygon", "coordinates": [ [ [ [ -94.665162, 39.267389 ], [ -94.659963, 39.267417 ], [ -94.654517, 39.272449 ], [ -94.654745, 39.273535 ], [ -94.659948, 39.272768 ], [ -94.659878, 39.276051 ], [ -94.659243, 39.277963 ], [ -94.659398, 39.281809 ], [ -94.658659, 39.283986 ], [ -94.658634, 39.289261 ], [ -94.65862, 39.294734 ], [ -94.656669, 39.296457 ], [ -94.657137, 39.297572 ], [ -94.65464, 39.303756 ], [ -94.648961, 39.306111 ], [ -94.64894, 39.307298 ], [ -94.648932, 39.307639 ], [ -94.604559, 39.307227 ], [ -94.602506, 39.307261 ], [ -94.600621, 39.307397 ], [ -94.600576, 39.305469 ], [ -94.600493, 39.30238 ], [ -94.600429, 39.299248 ], [ -94.600423, 39.298524 ], [ -94.600358, 39.296755 ], [ -94.600372, 39.296304 ], [ -94.6004, 39.291948 ], [ -94.60038, 39.289436 ], [ -94.600532, 39.274939 ], [ -94.600674, 39.267709 ], [ -94.602936, 39.267705 ], [ -94.602946, 39.267563 ], [ -94.603164, 39.267562 ], [ -94.603431, 39.262988 ], [ -94.603002, 39.2619 ], [ -94.600772, 39.260353 ], [ -94.600807, 39.256731 ], [ -94.600966, 39.246494 ], [ -94.600977, 39.246375 ], [ -94.601859, 39.246397 ], [ -94.603703, 39.24625 ], [ -94.617677, 39.246358 ], [ -94.618599, 39.246362 ], [ -94.631021, 39.24651 ], [ -94.63398, 39.246537 ], [ -94.642795, 39.246674 ], [ -94.642983, 39.246678 ], [ -94.642996, 39.246145 ], [ -94.644807, 39.245941 ], [ -94.644697, 39.246721 ], [ -94.647141, 39.246754 ], [ -94.646811, 39.244951 ], [ -94.64735, 39.244253 ], [ -94.649487, 39.244873 ], [ -94.648771, 39.245982 ], [ -94.651324, 39.246805 ], [ -94.652475, 39.246834 ], [ -94.652457, 39.246166 ], [ -94.652819, 39.245156 ], [ -94.653624, 39.245145 ], [ -94.653609, 39.245913 ], [ -94.654684, 39.245927 ], [ -94.655136, 39.246241 ], [ -94.655005, 39.246786 ], [ -94.6585, 39.246849 ], [ -94.65845, 39.251019 ], [ -94.658403, 39.253415 ], [ -94.658411, 39.254412 ], [ -94.658419, 39.254645 ], [ -94.658423, 39.254782 ], [ -94.658445, 39.255095 ], [ -94.65895, 39.257648 ], [ -94.659955, 39.260047 ], [ -94.664661, 39.266716 ], [ -94.665162, 39.267389 ] ] ] ] } },
{ "type": "Feature", "properties": { "ZCTA5CE20": "64156", "AFFGEOID20": "860Z200US64156", "GEOID20": "64156", "NAME20": "64156", "LSAD20": "Z5", "ALAND20": 28034074.0, "AWATER20": 23090.0, "price_2012": 223336.43680470329, "price_2026": 462076.84359137091, "log_change": 0.72705188560978762, "pct_change": 1.0689720414740669, "dollar_change": 238740.40678666762, "mci": 17301.39492, "plaza": 26704.27558, "pnl": 20388.00887, "legends": 31797.5945, "lees_summit": 41755.57002, "cbd": 23546.142225000003, "log_population": 8.9804239363745442, "median_income": 130224.0, "poverty_rate": 0.018028240040342914, "bachelors_only": 0.33023344088062251, "college_plus": 0.50882520402353393, "no_college": 0.49117479597646607 }, "geometry": { "type": "MultiPolygon", "coordinates": [ [ [ [ -94.556714, 39.311124 ], [ -94.556711, 39.311426 ], [ -94.542911, 39.31127 ], [ -94.533797, 39.311173 ], [ -94.517591, 39.310966 ], [ -94.514557, 39.310365 ], [ -94.509072, 39.310207 ], [ -94.506052, 39.310127 ], [ -94.504027, 39.309481 ], [ -94.503545, 39.309194 ], [ -94.502305, 39.310014 ], [ -94.492036, 39.309836 ], [ -94.492036, 39.310038 ], [ -94.491761, 39.310042 ], [ -94.491812, 39.302498 ], [ -94.491601, 39.302236 ], [ -94.491516, 39.302099 ], [ -94.49148, 39.301957 ], [ -94.491488, 39.301676 ], [ -94.491626, 39.301379 ], [ -94.491821, 39.301167 ], [ -94.491824, 39.300854 ], [ -94.492008, 39.300967 ], [ -94.492717, 39.29993 ], [ -94.492065, 39.297777 ], [ -94.492166, 39.296497 ], [ -94.492221, 39.295804 ], [ -94.49223, 39.295701 ], [ -94.492556, 39.288524 ], [ -94.492192, 39.288519 ], [ -94.492559, 39.287274 ], [ -94.492921, 39.286642 ], [ -94.493297, 39.285807 ], [ -94.493286, 39.284362 ], [ -94.492573, 39.282572 ], [ -94.492082, 39.281347 ], [ -94.491124, 39.278716 ], [ -94.492601, 39.273232 ], [ -94.492604, 39.272467 ], [ -94.491885, 39.271396 ], [ -94.491596, 39.270746 ], [ -94.49154, 39.270053 ], [ -94.49169, 39.269457 ], [ -94.492529, 39.268132 ], [ -94.49262, 39.267507 ], [ -94.492632, 39.267429 ], [ -94.492968, 39.266864 ], [ -94.501514, 39.266965 ], [ -94.502449, 39.264756 ], [ -94.50081, 39.262488 ], [ -94.50299, 39.261949 ], [ -94.502332, 39.259983 ], [ -94.501269, 39.259605 ], [ -94.497346, 39.25242 ], [ -94.497147, 39.248798 ], [ -94.496385, 39.246645 ], [ -94.498384, 39.245448 ], [ -94.49914, 39.245435 ], [ -94.499106, 39.243922 ], [ -94.507276, 39.243436 ], [ -94.511583, 39.243175 ], [ -94.513219, 39.2447 ], [ -94.513668, 39.245454 ], [ -94.520545, 39.245502 ], [ -94.534489, 39.245781 ], [ -94.534546, 39.244611 ], [ -94.539352, 39.246251 ], [ -94.539385, 39.24599 ], [ -94.547613, 39.248937 ], [ -94.547981, 39.249141 ], [ -94.548028, 39.249494 ], [ -94.548706, 39.256848 ], [ -94.548901, 39.26024 ], [ -94.552617, 39.260706 ], [ -94.552517, 39.267459 ], [ -94.552422, 39.2747 ], [ -94.539444, 39.274593 ], [ -94.534615, 39.274564 ], [ -94.530346, 39.27622 ], [ -94.531777, 39.278344 ], [ -94.532303, 39.278935 ], [ -94.532336, 39.280728 ], [ -94.534445, 39.282225 ], [ -94.536389, 39.28646 ], [ -94.536196, 39.287684 ], [ -94.535063, 39.288431 ], [ -94.529289, 39.289478 ], [ -94.523224, 39.291063 ], [ -94.521704, 39.289182 ], [ -94.517445, 39.286693 ], [ -94.516512, 39.287707 ], [ -94.515114, 39.295365 ], [ -94.510352, 39.295472 ], [ -94.510349, 39.295956 ], [ -94.510624, 39.297064 ], [ -94.512258, 39.299153 ], [ -94.512306, 39.303259 ], [ -94.53389, 39.303403 ], [ -94.543057, 39.30345 ], [ -94.556791, 39.303581 ], [ -94.556714, 39.311124 ] ] ] ] } },
{ "type": "Feature", "properties": { "ZCTA5CE20": "64163", "AFFGEOID20": "860Z200US64163", "GEOID20": "64163", "NAME20": "64163", "LSAD20": "Z5", "ALAND20": 23341795.0, "AWATER20": 34527.0, "price_2012": 101929.88113485396, "price_2026": 300206.00588459586, "log_change": 1.0801837882422625, "pct_change": 1.9452207982801546, "dollar_change": 198276.1247497419, "mci": 4746.511199, "plaza": 33747.7801, "pnl": 28002.705, "legends": 26628.00625, "lees_summit": 53723.27677, "cbd": 30875.24255, "log_population": 7.0741168161973622, "median_income": 59511.0, "poverty_rate": 0.13927335640138408, "bachelors_only": 0.13878080415045396, "college_plus": 0.191958495460441, "no_college": 0.80804150453955903 }, "geometry": { "type": "MultiPolygon", "coordinates": [ [ [ [ -94.732959, 39.343857 ], [ -94.73294, 39.349877 ], [ -94.732869, 39.354187 ], [ -94.72769, 39.353302 ], [ -94.725024, 39.353304 ], [ -94.719123, 39.354239 ], [ -94.694858, 39.354391 ], [ -94.689554, 39.354394 ], [ -94.687565, 39.354855 ], [ -94.678664, 39.354818 ], [ -94.678754, 39.354393 ], [ -94.675236, 39.354472 ], [ -94.672487, 39.352948 ], [ -94.670121, 39.352642 ], [ -94.668372, 39.353689 ], [ -94.666958, 39.354098 ], [ -94.667604, 39.354757 ], [ -94.661978, 39.354747 ], [ -94.661965, 39.354 ], [ -94.660316, 39.358446 ], [ -94.657878, 39.360911 ], [ -94.657741, 39.354319 ], [ -94.653208, 39.354347 ], [ -94.653233, 39.350824 ], [ -94.648478, 39.35088 ], [ -94.648616, 39.343506 ], [ -94.652894, 39.34352 ], [ -94.652939, 39.341028 ], [ -94.655978, 39.341214 ], [ -94.655957, 39.340131 ], [ -94.66174, 39.340128 ], [ -94.667421, 39.339907 ], [ -94.667577, 39.325614 ], [ -94.668529, 39.325618 ], [ -94.666713, 39.322895 ], [ -94.666326, 39.318403 ], [ -94.664028, 39.318421 ], [ -94.664031, 39.312494 ], [ -94.661034, 39.312504 ], [ -94.661068, 39.311005 ], [ -94.648863, 39.311037 ], [ -94.648932, 39.307639 ], [ -94.64894, 39.307298 ], [ -94.665307, 39.307283 ], [ -94.666292, 39.307392 ], [ -94.66843, 39.30808 ], [ -94.672334, 39.310834 ], [ -94.685817, 39.311079 ], [ -94.686152, 39.31108 ], [ -94.687875, 39.311082 ], [ -94.689994, 39.313946 ], [ -94.694712, 39.318877 ], [ -94.695818, 39.319954 ], [ -94.697994, 39.321626 ], [ -94.729433, 39.337942 ], [ -94.732955, 39.338954 ], [ -94.732949, 39.339524 ], [ -94.73298, 39.340622 ], [ -94.732959, 39.343857 ] ] ] ] } },
{ "type": "Feature", "properties": { "ZCTA5CE20": "64624", "AFFGEOID20": "860Z200US64624", "GEOID20": "64624", "NAME20": "64624", "LSAD20": "Z5", "ALAND20": 313033276.0, "AWATER20": 983758.0, "price_2012": 55662.2942414153, "price_2026": 187062.25071455981, "log_change": 1.2121384788779075, "pct_change": 2.3606636820114559, "dollar_change": 131399.9564731445, "mci": 85792.984, "plaza": 91108.18084, "pnl": 86429.89357, "legends": 103005.417, "lees_summit": 89392.86935, "cbd": 88769.037205000001, "log_population": 7.3058600326840093, "median_income": 58095.0, "poverty_rate": 0.074048442906574391, "bachelors_only": 0.10405156537753223, "college_plus": 0.1427255985267035, "no_college": 0.85727440147329648 }, "geometry": { "type": "MultiPolygon", "coordinates": [ [ [ [ -93.879875, 39.641593 ], [ -93.877417, 39.641595 ], [ -93.878643, 39.643427 ], [ -93.878147, 39.64608 ], [ -93.87478, 39.648095 ], [ -93.874293, 39.64947 ], [ -93.870271, 39.649777 ], [ -93.870242, 39.651285 ], [ -93.86603, 39.651149 ], [ -93.865882, 39.655513 ], [ -93.861118, 39.655644 ], [ -93.860851, 39.66939 ], [ -93.860538, 39.670453 ], [ -93.83917, 39.670194 ], [ -93.838409, 39.670351 ], [ -93.837972, 39.670908 ], [ -93.837768, 39.671128 ], [ -93.837546, 39.671329 ], [ -93.836909, 39.671667 ], [ -93.836382, 39.671658 ], [ -93.835635, 39.670976 ], [ -93.835347, 39.670911 ], [ -93.834605, 39.671375 ], [ -93.834321, 39.672083 ], [ -93.834322, 39.672989 ], [ -93.834125, 39.673295 ], [ -93.833639, 39.673409 ], [ -93.832646, 39.673381 ], [ -93.832652, 39.673409 ], [ -93.830831, 39.673727 ], [ -93.828859, 39.675532 ], [ -93.82967, 39.676166 ], [ -93.830381, 39.676585 ], [ -93.831266, 39.677581 ], [ -93.831649, 39.678647 ], [ -93.83121, 39.679887 ], [ -93.830474, 39.680568 ], [ -93.829797, 39.680688 ], [ -93.827769, 39.679392 ], [ -93.824757, 39.679128 ], [ -93.821437, 39.67984 ], [ -93.818798, 39.679162 ], [ -93.819857, 39.680933 ], [ -93.819333, 39.681881 ], [ -93.816213, 39.68274 ], [ -93.815381, 39.683168 ], [ -93.811993, 39.685172 ], [ -93.809327, 39.684086 ], [ -93.807484, 39.684877 ], [ -93.807539, 39.687102 ], [ -93.809698, 39.687121 ], [ -93.811145, 39.688224 ], [ -93.81018, 39.689497 ], [ -93.808266, 39.690453 ], [ -93.810803, 39.691124 ], [ -93.809845, 39.69255 ], [ -93.807348, 39.693207 ], [ -93.806415, 39.692346 ], [ -93.804087, 39.692756 ], [ -93.803411, 39.691396 ], [ -93.801208, 39.692228 ], [ -93.799869, 39.694822 ], [ -93.797036, 39.697292 ], [ -93.796119, 39.698986 ], [ -93.795861, 39.699004 ], [ -93.795328, 39.694664 ], [ -93.795503, 39.69252 ], [ -93.79699, 39.689925 ], [ -93.797065, 39.687753 ], [ -93.795379, 39.684295 ], [ -93.795524, 39.676706 ], [ -93.786524, 39.676726 ], [ -93.786187, 39.677683 ], [ -93.77746, 39.677415 ], [ -93.777457, 39.669401 ], [ -93.771833, 39.669323 ], [ -93.770102, 39.668585 ], [ -93.76739, 39.668453 ], [ -93.762902, 39.669549 ], [ -93.75845, 39.669591 ], [ -93.758333, 39.654793 ], [ -93.758282, 39.640957 ], [ -93.755948, 39.640475 ], [ -93.754518, 39.640488 ], [ -93.744189, 39.640557 ], [ -93.739615, 39.640608 ], [ -93.739534, 39.636815 ], [ -93.727805, 39.6413 ], [ -93.726682, 39.640943 ], [ -93.724434, 39.641837 ], [ -93.721857, 39.640489 ], [ -93.717535, 39.640745 ], [ -93.716318, 39.63816 ], [ -93.714305, 39.637521 ], [ -93.712827, 39.639009 ], [ -93.709688, 39.638096 ], [ -93.710253, 39.639858 ], [ -93.708152, 39.640752 ], [ -93.707411, 39.640089 ], [ -93.709035, 39.63677 ], [ -93.702335, 39.636883 ], [ -93.702316, 39.631765 ], [ -93.701129, 39.633136 ], [ -93.698494, 39.633138 ], [ -93.699411, 39.632039 ], [ -93.699113, 39.630231 ], [ -93.695414, 39.631126 ], [ -93.695027, 39.629044 ], [ -93.692659, 39.628702 ], [ -93.691979, 39.62916 ], [ -93.692337, 39.632089 ], [ -93.690147, 39.632228 ], [ -93.688726, 39.63152 ], [ -93.688665, 39.630124 ], [ -93.689967, 39.629573 ], [ -93.688428, 39.628865 ], [ -93.690794, 39.627582 ], [ -93.68893, 39.627881 ], [ -93.68807, 39.626348 ], [ -93.68949, 39.626072 ], [ -93.686647, 39.624106 ], [ -93.683066, 39.623513 ], [ -93.682236, 39.621751 ], [ -93.680341, 39.620631 ], [ -93.68212, 39.618051 ], [ -93.684247, 39.618275 ], [ -93.683458, 39.617057 ], [ -93.684705, 39.616565 ], [ -93.684037, 39.615073 ], [ -93.681735, 39.614435 ], [ -93.681752, 39.612445 ], [ -93.680576, 39.611439 ], [ -93.678583, 39.610281 ], [ -93.680861, 39.608104 ], [ -93.678984, 39.604155 ], [ -93.677255, 39.60332 ], [ -93.673947, 39.603343 ], [ -93.671028, 39.6011 ], [ -93.67083, 39.59914 ], [ -93.671918, 39.598471 ], [ -93.669682, 39.59745 ], [ -93.664719, 39.592143 ], [ -93.66433, 39.568204 ], [ -93.683101, 39.568164 ], [ -93.682837, 39.553748 ], [ -93.701813, 39.553624 ], [ -93.701768, 39.524734 ], [ -93.701641, 39.506061 ], [ -93.700278, 39.500003 ], [ -93.701222, 39.495636 ], [ -93.739526, 39.495554 ], [ -93.739627, 39.481006 ], [ -93.758958, 39.480993 ], [ -93.758989, 39.49512 ], [ -93.75901, 39.495234 ], [ -93.770474, 39.495439 ], [ -93.777399, 39.496017 ], [ -93.777635, 39.466772 ], [ -93.786588, 39.466943 ], [ -93.78645, 39.452621 ], [ -93.79622, 39.452649 ], [ -93.796336, 39.467122 ], [ -93.811914, 39.467394 ], [ -93.81477, 39.46746 ], [ -93.820947, 39.467512 ], [ -93.823789, 39.467521 ], [ -93.82474, 39.467672 ], [ -93.826587, 39.467524 ], [ -93.84909, 39.46777 ], [ -93.851897, 39.467953 ], [ -93.857315, 39.467707 ], [ -93.869915, 39.467618 ], [ -93.869925, 39.468805 ], [ -93.869888, 39.469302 ], [ -93.870196, 39.525865 ], [ -93.870281, 39.530613 ], [ -93.870464, 39.540343 ], [ -93.870494, 39.542422 ], [ -93.870387, 39.543648 ], [ -93.870547, 39.543844 ], [ -93.870459, 39.545739 ], [ -93.870859, 39.56114 ], [ -93.870959, 39.576559 ], [ -93.849175, 39.576519 ], [ -93.843884, 39.577523 ], [ -93.844305, 39.578185 ], [ -93.844319, 39.583763 ], [ -93.842842, 39.58376 ], [ -93.843809, 39.585685 ], [ -93.845482, 39.587377 ], [ -93.847475, 39.592258 ], [ -93.851027, 39.592846 ], [ -93.852442, 39.59529 ], [ -93.85264, 39.598226 ], [ -93.870873, 39.598247 ], [ -93.874322, 39.598157 ], [ -93.873624, 39.600057 ], [ -93.873761, 39.603611 ], [ -93.872613, 39.603778 ], [ -93.870794, 39.605262 ], [ -93.87073, 39.612679 ], [ -93.87067, 39.619705 ], [ -93.870599, 39.626842 ], [ -93.870597, 39.627118 ], [ -93.870449, 39.638211 ], [ -93.880003, 39.63844 ], [ -93.879875, 39.641593 ] ] ] ] } },
{ "type": "Feature", "properties": { "ZCTA5CE20": "64625", "AFFGEOID20": "860Z200US64625", "GEOID20": "64625", "NAME20": "64625", "LSAD20": "Z5", "ALAND20": 168908560.0, "AWATER20": 1405799.0, "price_2012": 47104.33522749992, "price_2026": 202037.9968879451, "log_change": 1.4560907432842676, "pct_change": 3.2891592867654689, "dollar_change": 154933.66166044518, "mci": 92633.75549, "plaza": 103222.3807, "pnl": 97919.76734000001, "legends": 111976.213, "lees_summit": 104652.5874, "cbd": 100571.07402, "log_population": 6.6039438246004725, "median_income": 35000.0, "poverty_rate": 0.23562412342215988, "bachelors_only": 0.047281323877068557, "college_plus": 0.092198581560283682, "no_college": 0.90780141843971629 }, "geometry": { "type": "MultiPolygon", "coordinates": [ [ [ [ -93.870548, 39.794791 ], [ -93.868377, 39.794715 ], [ -93.86655, 39.796365 ], [ -93.866039, 39.795394 ], [ -93.863615, 39.797022 ], [ -93.863853, 39.798539 ], [ -93.860742, 39.799688 ], [ -93.860826, 39.800546 ], [ -93.857964, 39.80098 ], [ -93.85656, 39.80224 ], [ -93.856583, 39.803401 ], [ -93.855345, 39.803301 ], [ -93.854931, 39.804353 ], [ -93.853881, 39.803848 ], [ -93.852555, 39.804507 ], [ -93.850922, 39.803547 ], [ -93.849733, 39.804353 ], [ -93.848263, 39.804158 ], [ -93.847638, 39.805808 ], [ -93.846035, 39.805606 ], [ -93.846126, 39.807127 ], [ -93.844789, 39.807896 ], [ -93.846041, 39.80938 ], [ -93.848285, 39.80972 ], [ -93.845856, 39.810891 ], [ -93.844241, 39.80993 ], [ -93.843642, 39.811638 ], [ -93.844497, 39.812256 ], [ -93.847071, 39.812592 ], [ -93.845743, 39.814919 ], [ -93.842391, 39.818196 ], [ -93.841187, 39.817547 ], [ -93.841764, 39.819379 ], [ -93.840019, 39.819294 ], [ -93.838637, 39.820776 ], [ -93.837138, 39.824007 ], [ -93.834072, 39.824109 ], [ -93.832611, 39.823262 ], [ -93.831607, 39.823635 ], [ -93.831382, 39.825249 ], [ -93.832427, 39.826146 ], [ -93.829511, 39.826909 ], [ -93.828829, 39.825613 ], [ -93.826695, 39.826257 ], [ -93.825998, 39.825517 ], [ -93.824629, 39.825919 ], [ -93.825408, 39.827119 ], [ -93.822842, 39.828766 ], [ -93.820633, 39.829359 ], [ -93.815483, 39.829253 ], [ -93.815473, 39.82932 ], [ -93.808907, 39.838428 ], [ -93.806993, 39.838061 ], [ -93.806491, 39.837586 ], [ -93.806315, 39.837106 ], [ -93.806251, 39.835566 ], [ -93.805935, 39.834931 ], [ -93.80529, 39.834279 ], [ -93.801762, 39.832345 ], [ -93.807393, 39.830343 ], [ -93.807949, 39.829871 ], [ -93.808549, 39.828933 ], [ -93.808169, 39.827985 ], [ -93.807854, 39.827596 ], [ -93.807452, 39.827434 ], [ -93.805895, 39.827291 ], [ -93.80503, 39.824596 ], [ -93.804072, 39.823521 ], [ -93.804524, 39.822574 ], [ -93.805647, 39.822894 ], [ -93.807138, 39.823054 ], [ -93.808313, 39.822668 ], [ -93.80883, 39.822267 ], [ -93.809014, 39.821832 ], [ -93.808888, 39.821279 ], [ -93.807602, 39.819561 ], [ -93.806362, 39.818919 ], [ -93.803453, 39.818932 ], [ -93.801551, 39.819193 ], [ -93.800058, 39.819549 ], [ -93.798128, 39.818248 ], [ -93.797185, 39.814523 ], [ -93.797225, 39.812388 ], [ -93.796136, 39.811244 ], [ -93.795741, 39.811168 ], [ -93.795294, 39.811238 ], [ -93.794686, 39.811489 ], [ -93.794319, 39.811803 ], [ -93.794109, 39.812117 ], [ -93.793312, 39.815928 ], [ -93.791938, 39.817382 ], [ -93.788764, 39.8178 ], [ -93.787963, 39.817006 ], [ -93.78795, 39.812479 ], [ -93.788359, 39.810126 ], [ -93.788272, 39.809667 ], [ -93.786766, 39.808603 ], [ -93.784462, 39.808757 ], [ -93.786883, 39.808696 ], [ -93.78824, 39.809916 ], [ -93.787867, 39.812272 ], [ -93.787703, 39.815905 ], [ -93.787855, 39.816979 ], [ -93.788253, 39.817551 ], [ -93.789064, 39.817962 ], [ -93.790575, 39.817963 ], [ -93.79208, 39.817399 ], [ -93.793103, 39.816506 ], [ -93.793387, 39.815957 ], [ -93.794283, 39.811928 ], [ -93.795754, 39.811214 ], [ -93.79717, 39.812608 ], [ -93.797078, 39.814002 ], [ -93.797161, 39.814757 ], [ -93.798002, 39.818154 ], [ -93.798298, 39.818703 ], [ -93.798664, 39.819094 ], [ -93.79912, 39.819436 ], [ -93.799503, 39.819566 ], [ -93.800055, 39.819605 ], [ -93.802985, 39.819012 ], [ -93.804414, 39.819087 ], [ -93.806345, 39.818973 ], [ -93.807639, 39.819725 ], [ -93.808051, 39.820418 ], [ -93.808901, 39.821453 ], [ -93.807294, 39.822979 ], [ -93.807082, 39.823002 ], [ -93.806646, 39.822982 ], [ -93.805738, 39.822861 ], [ -93.805176, 39.822642 ], [ -93.804771, 39.822509 ], [ -93.804401, 39.822534 ], [ -93.804144, 39.822707 ], [ -93.803969, 39.823517 ], [ -93.805002, 39.824747 ], [ -93.805164, 39.826302 ], [ -93.805737, 39.827266 ], [ -93.806384, 39.827505 ], [ -93.807965, 39.827803 ], [ -93.808388, 39.828925 ], [ -93.807334, 39.830273 ], [ -93.805145, 39.830656 ], [ -93.802217, 39.831857 ], [ -93.801556, 39.832401 ], [ -93.801853, 39.833026 ], [ -93.805254, 39.834391 ], [ -93.806059, 39.835423 ], [ -93.806196, 39.837376 ], [ -93.806598, 39.837935 ], [ -93.807638, 39.838495 ], [ -93.808825, 39.838534 ], [ -93.805013, 39.843725 ], [ -93.802157, 39.84942 ], [ -93.791242, 39.838895 ], [ -93.788051, 39.836073 ], [ -93.783942, 39.831979 ], [ -93.774525, 39.823579 ], [ -93.769159, 39.817573 ], [ -93.76573, 39.81544 ], [ -93.76391, 39.813358 ], [ -93.759145, 39.808879 ], [ -93.759122, 39.807535 ], [ -93.75912, 39.80741 ], [ -93.758992, 39.784674 ], [ -93.758995, 39.7354 ], [ -93.740106, 39.73626 ], [ -93.741423, 39.735444 ], [ -93.742169, 39.702037 ], [ -93.742239, 39.698442 ], [ -93.740471, 39.698443 ], [ -93.739787, 39.68776 ], [ -93.726223, 39.687734 ], [ -93.721289, 39.688015 ], [ -93.721214, 39.684409 ], [ -93.716522, 39.684101 ], [ -93.716516, 39.669662 ], [ -93.73966, 39.669684 ], [ -93.739719, 39.657691 ], [ -93.738598, 39.655202 ], [ -93.749768, 39.655251 ], [ -93.758333, 39.654793 ], [ -93.75845, 39.669591 ], [ -93.762902, 39.669549 ], [ -93.76739, 39.668453 ], [ -93.770102, 39.668585 ], [ -93.771833, 39.669323 ], [ -93.777457, 39.669401 ], [ -93.77746, 39.677415 ], [ -93.786187, 39.677683 ], [ -93.786524, 39.676726 ], [ -93.795524, 39.676706 ], [ -93.795379, 39.684295 ], [ -93.797065, 39.687753 ], [ -93.79699, 39.689925 ], [ -93.795503, 39.69252 ], [ -93.795328, 39.694664 ], [ -93.795861, 39.699004 ], [ -93.796119, 39.698986 ], [ -93.797036, 39.697292 ], [ -93.799869, 39.694822 ], [ -93.801208, 39.692228 ], [ -93.803411, 39.691396 ], [ -93.804087, 39.692756 ], [ -93.806415, 39.692346 ], [ -93.807348, 39.693207 ], [ -93.809845, 39.69255 ], [ -93.810803, 39.691124 ], [ -93.808266, 39.690453 ], [ -93.81018, 39.689497 ], [ -93.811145, 39.688224 ], [ -93.809698, 39.687121 ], [ -93.807539, 39.687102 ], [ -93.807484, 39.684877 ], [ -93.809327, 39.684086 ], [ -93.811993, 39.685172 ], [ -93.815381, 39.683168 ], [ -93.816213, 39.68274 ], [ -93.819333, 39.681881 ], [ -93.819857, 39.680933 ], [ -93.818798, 39.679162 ], [ -93.821437, 39.67984 ], [ -93.824757, 39.679128 ], [ -93.827769, 39.679392 ], [ -93.829797, 39.680688 ], [ -93.830474, 39.680568 ], [ -93.83121, 39.679887 ], [ -93.831649, 39.678647 ], [ -93.831266, 39.677581 ], [ -93.830381, 39.676585 ], [ -93.82967, 39.676166 ], [ -93.828859, 39.675532 ], [ -93.830831, 39.673727 ], [ -93.832652, 39.673409 ], [ -93.832646, 39.673381 ], [ -93.833639, 39.673409 ], [ -93.834125, 39.673295 ], [ -93.834322, 39.672989 ], [ -93.834321, 39.672083 ], [ -93.834605, 39.671375 ], [ -93.835347, 39.670911 ], [ -93.835635, 39.670976 ], [ -93.836382, 39.671658 ], [ -93.836909, 39.671667 ], [ -93.837546, 39.671329 ], [ -93.837768, 39.671128 ], [ -93.837972, 39.670908 ], [ -93.838409, 39.670351 ], [ -93.83917, 39.670194 ], [ -93.860538, 39.670453 ], [ -93.858318, 39.67241 ], [ -93.858533, 39.673721 ], [ -93.862025, 39.673731 ], [ -93.862991, 39.676426 ], [ -93.869436, 39.675042 ], [ -93.869985, 39.67714 ], [ -93.870195, 39.699538 ], [ -93.870228, 39.702963 ], [ -93.87024, 39.706646 ], [ -93.870302, 39.714139 ], [ -93.870372, 39.728721 ], [ -93.870378, 39.735432 ], [ -93.870422, 39.757713 ], [ -93.870445, 39.764754 ], [ -93.857501, 39.764846 ], [ -93.857071, 39.765329 ], [ -93.856022, 39.767859 ], [ -93.85579, 39.772165 ], [ -93.856791, 39.773 ], [ -93.859416, 39.772828 ], [ -93.861093, 39.77397 ], [ -93.860536, 39.77472 ], [ -93.862142, 39.775656 ], [ -93.862699, 39.777097 ], [ -93.861875, 39.780114 ], [ -93.863532, 39.781678 ], [ -93.863865, 39.783885 ], [ -93.86589, 39.786683 ], [ -93.870526, 39.786798 ], [ -93.870518, 39.794365 ], [ -93.870548, 39.794791 ] ] ] ] } },
{ "type": "Feature", "properties": { "ZCTA5CE20": "66085", "AFFGEOID20": "860Z200US66085", "GEOID20": "66085", "NAME20": "66085", "LSAD20": "Z5", "ALAND20": 62653114.0, "AWATER20": 725240.0, "price_2012": 285185.88441094849, "price_2026": 683000.04097017355, "log_change": 0.87335372589136284, "pct_change": 1.3949293366356834, "dollar_change": 397814.15655922506, "mci": 55786.4559, "plaza": 27261.38275, "pnl": 33608.35953, "legends": 39257.59774, "lees_summit": 26146.00386, "cbd": 30434.87114, "log_population": 9.3488841814242427, "median_income": 152500.0, "poverty_rate": 0.020111440013930001, "bachelors_only": 0.37103099304237824, "college_plus": 0.61353573687539531, "no_college": 0.38646426312460469 }, "geometry": { "type": "MultiPolygon", "coordinates": [ [ [ [ -94.705216, 38.825509 ], [ -94.70518, 38.840094 ], [ -94.686332, 38.84002 ], [ -94.686347, 38.830793 ], [ -94.682346, 38.830866 ], [ -94.68313, 38.834431 ], [ -94.682853, 38.838871 ], [ -94.679967, 38.838712 ], [ -94.679356, 38.839846 ], [ -94.676605, 38.8398 ], [ -94.676306, 38.839808 ], [ -94.667712, 38.840072 ], [ -94.663096, 38.840072 ], [ -94.661953, 38.840063 ], [ -94.658473, 38.840078 ], [ -94.653832, 38.840096 ], [ -94.649189, 38.84011 ], [ -94.630484, 38.840199 ], [ -94.623193, 38.840228 ], [ -94.61619, 38.840341 ], [ -94.613107, 38.842605 ], [ -94.612547, 38.842319 ], [ -94.612463, 38.842275 ], [ -94.612099, 38.842044 ], [ -94.611915, 38.841631 ], [ -94.611894, 38.838915 ], [ -94.607843215026506, 38.838068016241003 ], [ -94.6077362254333, 38.832915995318501 ], [ -94.607711181096306, 38.83171 ], [ -94.607670854313596, 38.829768087497897 ], [ -94.607625, 38.82756 ], [ -94.6076261774393, 38.827513310003297 ], [ -94.607668979358905, 38.825816049268198 ], [ -94.607673421286606, 38.825639909751203 ], [ -94.607906483084903, 38.816398113055499 ], [ -94.608040187173799, 38.811096231684303 ], [ -94.608040301989305, 38.811091678808701 ], [ -94.608041, 38.811064 ], [ -94.608398902997294, 38.792978038815598 ], [ -94.608462613333302, 38.789758555678901 ], [ -94.608614330130294, 38.782091829997299 ], [ -94.608908788061697, 38.767211947020201 ], [ -94.609039422514797, 38.760610578307499 ], [ -94.609196214602704, 38.752687382257101 ], [ -94.66552, 38.752688 ], [ -94.663166, 38.754622 ], [ -94.660939, 38.757421 ], [ -94.658261, 38.762058 ], [ -94.660123, 38.762623 ], [ -94.660114, 38.763545 ], [ -94.666436, 38.763545 ], [ -94.666452, 38.766305 ], [ -94.667712, 38.766274 ], [ -94.667712, 38.767234 ], [ -94.67753, 38.767273 ], [ -94.677826, 38.767275 ], [ -94.677932, 38.774489 ], [ -94.686322, 38.774543 ], [ -94.686351, 38.781798 ], [ -94.677777, 38.781844 ], [ -94.676283, 38.796354 ], [ -94.675544, 38.803629 ], [ -94.68104, 38.803623 ], [ -94.681793, 38.805289 ], [ -94.67855, 38.806844 ], [ -94.681617, 38.809716 ], [ -94.680599, 38.810611 ], [ -94.683513, 38.812105 ], [ -94.68641, 38.812168 ], [ -94.68957, 38.813681 ], [ -94.691985, 38.813231 ], [ -94.692224, 38.814527 ], [ -94.695994, 38.815861 ], [ -94.699013, 38.818618 ], [ -94.702355, 38.820122 ], [ -94.704665, 38.819924 ], [ -94.705206, 38.821548 ], [ -94.705216, 38.825509 ] ] ] ] } },
{ "type": "Feature", "properties": { "ZCTA5CE20": "66097", "AFFGEOID20": "860Z200US66097", "GEOID20": "66097", "NAME20": "66097", "LSAD20": "Z5", "ALAND20": 129141741.0, "AWATER20": 925762.0, "price_2012": 90397.094966019882, "price_2026": 255692.34586909428, "log_change": 1.0397628162711783, "pct_change": 1.8285460496845458, "dollar_change": 165295.2509030744, "mci": 45160.77636, "plaza": 64447.22128, "pnl": 62402.16434, "legends": 42052.76161, "lees_summit": 87150.81859, "cbd": 63424.69281, "log_population": 6.9027427371585928, "median_income": 66369.0, "poverty_rate": 0.068205666316894023, "bachelors_only": 0.14267834793491865, "college_plus": 0.22778473091364204, "no_college": 0.77221526908635796 }, "geometry": { "type": "MultiPolygon", "coordinates": [ [ [ [ -95.311193, 39.288711 ], [ -95.309764, 39.288666 ], [ -95.292516, 39.288679 ], [ -95.291731, 39.303577 ], [ -95.291739, 39.31618 ], [ -95.290702, 39.318018 ], [ -95.299895, 39.318208 ], [ -95.299522, 39.321724 ], [ -95.30013, 39.323083 ], [ -95.299332, 39.323823 ], [ -95.301061, 39.326918 ], [ -95.304993, 39.33057 ], [ -95.308078, 39.331617 ], [ -95.309055, 39.332897 ], [ -95.310345, 39.33288 ], [ -95.310617, 39.347338 ], [ -95.310797, 39.350328 ], [ -95.310653, 39.361988 ], [ -95.301285, 39.361946 ], [ -95.301278, 39.366097 ], [ -95.291876, 39.366057 ], [ -95.292047, 39.376406 ], [ -95.27332, 39.376029 ], [ -95.273189, 39.383887 ], [ -95.273136, 39.384005 ], [ -95.273054, 39.384452 ], [ -95.272826, 39.384831 ], [ -95.272825, 39.384906 ], [ -95.272864, 39.385031 ], [ -95.273107, 39.385422 ], [ -95.273053, 39.390442 ], [ -95.25393, 39.390344 ], [ -95.251793, 39.390337 ], [ -95.252715, 39.388389 ], [ -95.251868, 39.387334 ], [ -95.248866, 39.386083 ], [ -95.247114, 39.384701 ], [ -95.243844, 39.379623 ], [ -95.245056, 39.378628 ], [ -95.243588, 39.377181 ], [ -95.244653, 39.376189 ], [ -95.217255, 39.375737 ], [ -95.217156, 39.390159 ], [ -95.205462, 39.390154 ], [ -95.208198, 39.392858 ], [ -95.206913, 39.394008 ], [ -95.207811, 39.395333 ], [ -95.211147, 39.394713 ], [ -95.211531, 39.397133 ], [ -95.210636, 39.398752 ], [ -95.209044, 39.399013 ], [ -95.208695, 39.400911 ], [ -95.20707, 39.400769 ], [ -95.205635, 39.402441 ], [ -95.203102, 39.401832 ], [ -95.200102, 39.402243 ], [ -95.198527, 39.403633 ], [ -95.198468, 39.390114 ], [ -95.182125, 39.389969 ], [ -95.179928, 39.390088 ], [ -95.179936, 39.383298 ], [ -95.180036, 39.379057 ], [ -95.179973, 39.378412 ], [ -95.180196, 39.375613 ], [ -95.18024, 39.374998 ], [ -95.17988, 39.317906 ], [ -95.161336, 39.317754 ], [ -95.16112, 39.28869 ], [ -95.163157, 39.2886 ], [ -95.170513, 39.288634 ], [ -95.180142, 39.288693 ], [ -95.189971, 39.288857 ], [ -95.189235, 39.288323 ], [ -95.189497, 39.287642 ], [ -95.190837, 39.286894 ], [ -95.191784, 39.287008 ], [ -95.192912, 39.286283 ], [ -95.194646, 39.286251 ], [ -95.195092, 39.286653 ], [ -95.196803, 39.287089 ], [ -95.197734, 39.288959 ], [ -95.198716, 39.289113 ], [ -95.226913, 39.28884 ], [ -95.226956, 39.280817 ], [ -95.227463, 39.280527 ], [ -95.229835, 39.276793 ], [ -95.232555, 39.274198 ], [ -95.232917, 39.27427 ], [ -95.254736, 39.274311 ], [ -95.27362, 39.274175 ], [ -95.273482, 39.263007 ], [ -95.279608, 39.263049 ], [ -95.280836, 39.264042 ], [ -95.28553, 39.264517 ], [ -95.28974, 39.261914 ], [ -95.291432, 39.259617 ], [ -95.291991, 39.257291 ], [ -95.294503, 39.256314 ], [ -95.295346, 39.260098 ], [ -95.294207, 39.261449 ], [ -95.295676, 39.262672 ], [ -95.298059, 39.263174 ], [ -95.29854, 39.265349 ], [ -95.300587, 39.267376 ], [ -95.300121, 39.26947 ], [ -95.302406, 39.272194 ], [ -95.304641, 39.272759 ], [ -95.304747, 39.274131 ], [ -95.311197, 39.274139 ], [ -95.311193, 39.288711 ] ] ] ] } },
{ "type": "Feature", "properties": { "ZCTA5CE20": "66101", "AFFGEOID20": "860Z200US66101", "GEOID20": "66101", "NAME20": "66101", "LSAD20": "Z5", "ALAND20": 8381655.0, "AWATER20": 0.0, "price_2012": 17606.591803134586, "price_2026": 128143.50965995056, "log_change": 1.9848774389044905, "pct_change": 6.2781553120994458, "dollar_change": 110536.91785681597, "mci": 21641.10952, "plaza": 8979.55116, "pnl": 4457.442211, "legends": 17757.7317, "lees_summit": 30810.45309, "cbd": 6718.4966855000002, "log_population": 9.4379539179618437, "median_income": 42551.0, "poverty_rate": 0.20638616331282222, "bachelors_only": 0.12818962389648084, "college_plus": 0.16434877252388438, "no_college": 0.83565122747611564 }, "geometry": { "type": "MultiPolygon", "coordinates": [ [ [ [ -94.638145, 39.115547 ], [ -94.637096, 39.11654 ], [ -94.635119, 39.116543 ], [ -94.63512, 39.118548 ], [ -94.635115, 39.123318 ], [ -94.632353, 39.123314 ], [ -94.632417, 39.126826 ], [ -94.632155, 39.127029 ], [ -94.632892, 39.127553 ], [ -94.634395, 39.128665 ], [ -94.635171, 39.128963 ], [ -94.63512, 39.131206 ], [ -94.635004, 39.134754 ], [ -94.632488, 39.13416 ], [ -94.632321, 39.139287 ], [ -94.634905, 39.139285 ], [ -94.63484, 39.142102 ], [ -94.63295, 39.143717 ], [ -94.63084, 39.144781 ], [ -94.624865, 39.142532 ], [ -94.622006, 39.141012 ], [ -94.61653, 39.136738 ], [ -94.614481, 39.13404 ], [ -94.612537, 39.130371 ], [ -94.612248, 39.128911 ], [ -94.613731, 39.123306 ], [ -94.615131, 39.120523 ], [ -94.615225, 39.118556 ], [ -94.614714, 39.115762 ], [ -94.615774, 39.114016 ], [ -94.616342, 39.113988 ], [ -94.620604, 39.108333 ], [ -94.621267, 39.106688 ], [ -94.621486, 39.102627 ], [ -94.621526, 39.10151 ], [ -94.622544, 39.099155 ], [ -94.620652, 39.09943 ], [ -94.619312, 39.094969 ], [ -94.625941, 39.092208 ], [ -94.625951, 39.092597 ], [ -94.625962, 39.092796 ], [ -94.627843, 39.091926 ], [ -94.630696, 39.091534 ], [ -94.631371, 39.091511 ], [ -94.635334, 39.091994 ], [ -94.635335, 39.092204 ], [ -94.635366, 39.094133 ], [ -94.635393, 39.096295 ], [ -94.634855, 39.096298 ], [ -94.634865, 39.097968 ], [ -94.635415, 39.097967 ], [ -94.635422, 39.098767 ], [ -94.635423, 39.098814 ], [ -94.635434, 39.100818 ], [ -94.634266, 39.100421 ], [ -94.634277, 39.103731 ], [ -94.63543, 39.103728 ], [ -94.635434, 39.104113 ], [ -94.635434, 39.104605 ], [ -94.63545, 39.106295 ], [ -94.635455, 39.106503 ], [ -94.635463, 39.107711 ], [ -94.635464, 39.108144 ], [ -94.635468, 39.10861 ], [ -94.634907, 39.10986 ], [ -94.63547, 39.109853 ], [ -94.635262, 39.111773 ], [ -94.635118, 39.113637 ], [ -94.635115, 39.11458 ], [ -94.638136, 39.114568 ], [ -94.638145, 39.115547 ] ] ] ] } },
{ "type": "Feature", "properties": { "ZCTA5CE20": "66102", "AFFGEOID20": "860Z200US66102", "GEOID20": "66102", "NAME20": "66102", "LSAD20": "Z5", "ALAND20": 29742568.0, "AWATER20": 183006.0, "price_2012": 28042.978763452506, "price_2026": 155179.49461164459, "log_change": 1.7108441875003475, "pct_change": 4.5336309284620269, "dollar_change": 127136.5158481921, "mci": 20986.98721, "plaza": 11424.26033, "pnl": 9405.817669, "legends": 12406.98922, "lees_summit": 34270.75945, "cbd": 10415.038999500001, "log_population": 10.290211469825051, "median_income": 52861.0, "poverty_rate": 0.22557732560134508, "bachelors_only": 0.086704153818247781, "college_plus": 0.13501420883971219, "no_college": 0.86498579116028784 }, "geometry": { "type": "MultiPolygon", "coordinates": [ [ [ [ -94.745597, 39.128542 ], [ -94.740069, 39.128526 ], [ -94.736429, 39.128511 ], [ -94.735479, 39.128516 ], [ -94.733916, 39.128523 ], [ -94.728422, 39.128538 ], [ -94.717041, 39.128555 ], [ -94.715278, 39.12853 ], [ -94.705992, 39.12849 ], [ -94.696749, 39.128473 ], [ -94.686457, 39.128471 ], [ -94.685778, 39.128514 ], [ -94.682749, 39.128537 ], [ -94.682137, 39.12853 ], [ -94.681112, 39.127825 ], [ -94.681102, 39.128027 ], [ -94.679531, 39.128012 ], [ -94.679545, 39.128506 ], [ -94.679358, 39.128505 ], [ -94.676807, 39.128491 ], [ -94.668838, 39.128405 ], [ -94.66705, 39.128372 ], [ -94.66695, 39.128371 ], [ -94.66692, 39.124979 ], [ -94.668722, 39.12498 ], [ -94.668722, 39.124448 ], [ -94.667415, 39.124445 ], [ -94.666923, 39.124385 ], [ -94.666926, 39.124057 ], [ -94.662473, 39.124045 ], [ -94.661386, 39.124043 ], [ -94.656001, 39.124059 ], [ -94.655864, 39.124059 ], [ -94.653886, 39.12362 ], [ -94.653915, 39.12317 ], [ -94.653943, 39.122436 ], [ -94.649256, 39.122337 ], [ -94.649256, 39.123196 ], [ -94.643087, 39.12318 ], [ -94.640666, 39.124035 ], [ -94.635115, 39.123318 ], [ -94.63512, 39.118548 ], [ -94.635119, 39.116543 ], [ -94.637096, 39.11654 ], [ -94.638145, 39.115547 ], [ -94.638136, 39.114568 ], [ -94.635115, 39.11458 ], [ -94.635118, 39.113637 ], [ -94.635262, 39.111773 ], [ -94.63547, 39.109853 ], [ -94.634907, 39.10986 ], [ -94.635468, 39.10861 ], [ -94.635464, 39.108144 ], [ -94.635463, 39.107711 ], [ -94.635455, 39.106503 ], [ -94.63545, 39.106295 ], [ -94.635434, 39.104605 ], [ -94.635434, 39.104113 ], [ -94.63543, 39.103728 ], [ -94.634277, 39.103731 ], [ -94.634266, 39.100421 ], [ -94.635434, 39.100818 ], [ -94.635423, 39.098814 ], [ -94.635422, 39.098767 ], [ -94.635415, 39.097967 ], [ -94.634865, 39.097968 ], [ -94.634855, 39.096298 ], [ -94.635393, 39.096295 ], [ -94.635366, 39.094133 ], [ -94.635335, 39.092204 ], [ -94.635334, 39.091994 ], [ -94.640912, 39.092717 ], [ -94.643395, 39.093392 ], [ -94.646211, 39.09491 ], [ -94.649403, 39.096063 ], [ -94.649378, 39.092527 ], [ -94.657218, 39.092077 ], [ -94.658038, 39.092191 ], [ -94.661324, 39.094049 ], [ -94.66766, 39.095839 ], [ -94.67253, 39.098355 ], [ -94.679449, 39.10143 ], [ -94.679904, 39.099711 ], [ -94.682936, 39.101104 ], [ -94.688454, 39.102575 ], [ -94.699201, 39.103615 ], [ -94.70236, 39.102533 ], [ -94.704203, 39.101414 ], [ -94.706422, 39.099009 ], [ -94.710038, 39.093298 ], [ -94.713877, 39.095245 ], [ -94.719844, 39.097419 ], [ -94.722069, 39.098105 ], [ -94.724336, 39.098795 ], [ -94.728582, 39.099489 ], [ -94.728579, 39.099326 ], [ -94.733662, 39.100171 ], [ -94.73734, 39.10228 ], [ -94.738404, 39.103698 ], [ -94.739358, 39.106323 ], [ -94.743065, 39.116721 ], [ -94.744921, 39.120999 ], [ -94.745628, 39.125471 ], [ -94.745597, 39.128542 ] ] ] ] } },
{ "type": "Feature", "properties": { "ZCTA5CE20": "66103", "AFFGEOID20": "860Z200US66103", "GEOID20": "66103", "NAME20": "66103", "LSAD20": "Z5", "ALAND20": 12086364.0, "AWATER20": 177413.0, "price_2012": 43174.424418459857, "price_2026": 205738.53182515921, "log_change": 1.5613578070261909, "pct_change": 3.7652871948234403, "dollar_change": 162564.10740669936, "mci": 27742.1978, "plaza": 3649.587259, "pnl": 5838.99895, "legends": 19010.42925, "lees_summit": 26513.81046, "cbd": 4744.2931045000005, "log_population": 9.4517166915514519, "median_income": 52479.0, "poverty_rate": 0.1824037706205813, "bachelors_only": 0.17280518878851053, "college_plus": 0.31677090572156591, "no_college": 0.68322909427843403 }, "geometry": { "type": "MultiPolygon", "coordinates": [ [ [ [ -94.650615, 39.071542 ], [ -94.649116, 39.07154 ], [ -94.649105, 39.072861 ], [ -94.650482, 39.072881 ], [ -94.650254, 39.074128 ], [ -94.649572, 39.077616 ], [ -94.647993, 39.07587 ], [ -94.646721, 39.074951 ], [ -94.64263, 39.073721 ], [ -94.639993, 39.073538 ], [ -94.632311, 39.073718 ], [ -94.624657, 39.075269 ], [ -94.624177, 39.074208 ], [ -94.616387, 39.07762 ], [ -94.60903, 39.081683 ], [ -94.607333914179605, 39.0816902687477 ], [ -94.6072971763993, 39.075812223897501 ], [ -94.607276189797204, 39.0724543675638 ], [ -94.607275304036506, 39.0723126458441 ], [ -94.607234, 39.065704 ], [ -94.6072837323903, 39.061910865379701 ], [ -94.607301380890306, 39.060564798235397 ], [ -94.607343702392598, 39.057336898781003 ], [ -94.607343791930205, 39.057330069669398 ], [ -94.611755, 39.05738 ], [ -94.611809, 39.055033 ], [ -94.611815, 39.053713 ], [ -94.611458, 39.054042 ], [ -94.607382659580495, 39.054365598650001 ], [ -94.607436783844307, 39.050237491837997 ], [ -94.607436799270999, 39.050236315233398 ], [ -94.607486485204404, 39.046446723923403 ], [ -94.607510149528494, 39.044641824411599 ], [ -94.607517440316101, 39.044085749416602 ], [ -94.611901, 39.044084 ], [ -94.621224, 39.044064 ], [ -94.628219, 39.04407 ], [ -94.629835, 39.044076 ], [ -94.634043, 39.044068 ], [ -94.637613, 39.044061 ], [ -94.639514, 39.044046 ], [ -94.643776, 39.044041 ], [ -94.643874, 39.044038 ], [ -94.645255, 39.045795 ], [ -94.646326, 39.04765 ], [ -94.646809, 39.048822 ], [ -94.647397, 39.051114 ], [ -94.647557, 39.053864 ], [ -94.646686, 39.060835 ], [ -94.646923, 39.06235 ], [ -94.646787, 39.062348 ], [ -94.650289, 39.068664 ], [ -94.650615, 39.071542 ] ] ] ] } },
{ "type": "Feature", "properties": { "ZCTA5CE20": "64649", "AFFGEOID20": "860Z200US64649", "GEOID20": "64649", "NAME20": "64649", "LSAD20": "Z5", "ALAND20": 93197839.0, "AWATER20": 841365.0, "price_2012": 90539.654746505723, "price_2026": 301086.53453839081, "log_change": 1.2016097848620362, "pct_change": 2.3254659008958822, "dollar_change": 210546.87979188509, "mci": 75267.66768, "plaza": 91960.08009, "pnl": 85995.88835, "legends": 96252.58252, "lees_summit": 98642.22379, "cbd": 88977.98422, "log_population": 6.70196036600254, "median_income": 67216.0, "poverty_rate": 0.19230769230769232, "bachelors_only": 0.15726495726495726, "college_plus": 0.18461538461538463, "no_college": 0.81538461538461537 }, "geometry": { "type": "MultiPolygon", "coordinates": [ [ [ [ -94.14319, 39.763716 ], [ -94.141253, 39.763662 ], [ -94.137308, 39.765899 ], [ -94.135288, 39.768154 ], [ -94.134622, 39.769817 ], [ -94.135205, 39.772701 ], [ -94.134663, 39.774048 ], [ -94.131096, 39.773935 ], [ -94.129679, 39.774982 ], [ -94.129656, 39.786841 ], [ -94.130484, 39.786862 ], [ -94.130417, 39.801336 ], [ -94.121684, 39.801135 ], [ -94.121098, 39.80237 ], [ -94.120971, 39.822808 ], [ -94.111651, 39.82259 ], [ -94.111657, 39.829782 ], [ -94.111525, 39.844222 ], [ -94.103902, 39.843964 ], [ -94.102343, 39.84363 ], [ -94.102199, 39.840733 ], [ -94.100598, 39.840493 ], [ -94.097663, 39.844385 ], [ -94.092897, 39.846241 ], [ -94.093024, 39.843864 ], [ -94.086111, 39.84378 ], [ -94.069932, 39.843706 ], [ -94.069504, 39.843994 ], [ -94.068893, 39.843979 ], [ -94.06846, 39.843867 ], [ -94.067712, 39.843572 ], [ -94.066231, 39.84337 ], [ -94.066121, 39.843889 ], [ -94.051917, 39.843894 ], [ -94.051149, 39.843895 ], [ -94.050972, 39.836216 ], [ -94.049364, 39.836041 ], [ -94.047357, 39.834139 ], [ -94.046246, 39.832981 ], [ -94.048248, 39.830258 ], [ -94.048039, 39.829256 ], [ -94.041324, 39.829197 ], [ -94.041054, 39.81475 ], [ -94.047026, 39.814747 ], [ -94.044988, 39.812576 ], [ -94.044598, 39.811255 ], [ -94.045756, 39.809823 ], [ -94.046812, 39.806028 ], [ -94.048936, 39.804643 ], [ -94.053934, 39.803689 ], [ -94.054562, 39.802842 ], [ -94.054707, 39.801667 ], [ -94.052479, 39.799933 ], [ -94.050742, 39.797666 ], [ -94.050578, 39.796289 ], [ -94.053982, 39.795718 ], [ -94.054765, 39.794469 ], [ -94.054589, 39.786614 ], [ -94.054004, 39.785742 ], [ -94.040159, 39.785642 ], [ -94.040083, 39.785358 ], [ -94.04, 39.781599 ], [ -94.041376, 39.779025 ], [ -94.04299, 39.778582 ], [ -94.044675, 39.776562 ], [ -94.045776, 39.772887 ], [ -94.047826, 39.771572 ], [ -94.047911, 39.771233 ], [ -94.053875, 39.771245 ], [ -94.053728, 39.750605 ], [ -94.054409, 39.749459 ], [ -94.055972, 39.748816 ], [ -94.076967, 39.749396 ], [ -94.076904, 39.742231 ], [ -94.091823, 39.742169 ], [ -94.093007, 39.742302 ], [ -94.092971, 39.742145 ], [ -94.093009, 39.730557 ], [ -94.092987, 39.727657 ], [ -94.076932, 39.727661 ], [ -94.076973, 39.713141 ], [ -94.066378, 39.712996 ], [ -94.067837, 39.711556 ], [ -94.067534, 39.709764 ], [ -94.0682, 39.706424 ], [ -94.06928, 39.705805 ], [ -94.06624, 39.704123 ], [ -94.067345, 39.703035 ], [ -94.067883, 39.700609 ], [ -94.071848, 39.702816 ], [ -94.074858, 39.702605 ], [ -94.077703, 39.703231 ], [ -94.08054, 39.702312 ], [ -94.084858, 39.703658 ], [ -94.084896, 39.698933 ], [ -94.092973, 39.699011 ], [ -94.107909, 39.699042 ], [ -94.109008, 39.697115 ], [ -94.107316, 39.695842 ], [ -94.103129, 39.695561 ], [ -94.102063, 39.694129 ], [ -94.1016, 39.690972 ], [ -94.103332, 39.690098 ], [ -94.101338, 39.688707 ], [ -94.101865, 39.687661 ], [ -94.102959, 39.68785 ], [ -94.104438, 39.686883 ], [ -94.106967, 39.687836 ], [ -94.105997, 39.68602 ], [ -94.107927, 39.684784 ], [ -94.107586, 39.682711 ], [ -94.109055, 39.682457 ], [ -94.110202, 39.683375 ], [ -94.111712, 39.683143 ], [ -94.114917, 39.687266 ], [ -94.119342, 39.688651 ], [ -94.122798, 39.688391 ], [ -94.1227, 39.689861 ], [ -94.124096, 39.692256 ], [ -94.124166, 39.694333 ], [ -94.126774, 39.694351 ], [ -94.127612, 39.69617 ], [ -94.127053, 39.696672 ], [ -94.126996, 39.699528 ], [ -94.130418, 39.69965 ], [ -94.130048, 39.700744 ], [ -94.129972, 39.712819 ], [ -94.1307, 39.713774 ], [ -94.13283, 39.714115 ], [ -94.134616, 39.715505 ], [ -94.134532, 39.722457 ], [ -94.131569, 39.721171 ], [ -94.125004, 39.721384 ], [ -94.121162, 39.721186 ], [ -94.121844, 39.722891 ], [ -94.120693, 39.724428 ], [ -94.122031, 39.725235 ], [ -94.121144, 39.7282 ], [ -94.121758, 39.730055 ], [ -94.121144, 39.731561 ], [ -94.121954, 39.733124 ], [ -94.122174, 39.735774 ], [ -94.12153, 39.736696 ], [ -94.123852, 39.739805 ], [ -94.125526, 39.740556 ], [ -94.127534, 39.742883 ], [ -94.129664, 39.742958 ], [ -94.129675, 39.757397 ], [ -94.142107, 39.757982 ], [ -94.142276, 39.759654 ], [ -94.141329, 39.761107 ], [ -94.142423, 39.762167 ], [ -94.14319, 39.763716 ] ] ] ] } },
{ "type": "Feature", "properties": { "ZCTA5CE20": "66216", "AFFGEOID20": "860Z200US66216", "GEOID20": "66216", "NAME20": "66216", "LSAD20": "Z5", "ALAND20": 20447920.0, "AWATER20": 163327.0, "price_2012": 189110.55658071276, "price_2026": 419829.88841391099, "log_change": 0.79751780215226376, "pct_change": 1.2200235460399946, "dollar_change": 230719.33183319823, "mci": 31824.68535, "plaza": 13327.57954, "pnl": 16770.77803, "legends": 14448.92681, "lees_summit": 32855.34724, "cbd": 15049.178785, "log_population": 10.121859738971446, "median_income": 111744.0, "poverty_rate": 0.06542626821920039, "bachelors_only": 0.33646765605528495, "college_plus": 0.54287980061175933, "no_college": 0.45712019938824067 }, "geometry": { "type": "MultiPolygon", "coordinates": [ [ [ [ -94.761328, 39.028864 ], [ -94.761239, 39.029336 ], [ -94.756622, 39.029316 ], [ -94.756546, 39.032963 ], [ -94.751893, 39.032943 ], [ -94.751836, 39.036605 ], [ -94.757837, 39.036555 ], [ -94.760257, 39.037488 ], [ -94.758751, 39.040172 ], [ -94.758749, 39.043693 ], [ -94.757068, 39.043716 ], [ -94.733287, 39.04399 ], [ -94.733236, 39.045569 ], [ -94.728535, 39.044521 ], [ -94.728491, 39.043988 ], [ -94.723892, 39.043998 ], [ -94.723888, 39.036562 ], [ -94.723892, 39.036167 ], [ -94.723362, 39.03616 ], [ -94.723374, 39.033742 ], [ -94.723905, 39.033742 ], [ -94.723946, 39.029253 ], [ -94.723941, 39.028526 ], [ -94.722786, 39.028533 ], [ -94.722769, 39.028168 ], [ -94.722291, 39.028184 ], [ -94.722291, 39.027443 ], [ -94.722775, 39.027431 ], [ -94.722735, 39.025167 ], [ -94.72392, 39.025149 ], [ -94.723906, 39.02283 ], [ -94.723861, 39.014756 ], [ -94.720974, 39.014779 ], [ -94.718228, 39.014798 ], [ -94.718196, 39.012595 ], [ -94.71855, 39.012141 ], [ -94.718562, 39.011057 ], [ -94.723837, 39.011023 ], [ -94.723815, 39.007395 ], [ -94.72379, 39.003884 ], [ -94.723786, 39.003212 ], [ -94.723784, 39.002023 ], [ -94.723767, 39.000114 ], [ -94.723748, 38.997694 ], [ -94.720258, 38.997722 ], [ -94.720244, 38.99505 ], [ -94.718684, 38.994389 ], [ -94.718682, 38.99287 ], [ -94.720097, 38.992855 ], [ -94.720259, 38.992853 ], [ -94.720254, 38.994027 ], [ -94.721133, 38.992942 ], [ -94.723715, 38.993948 ], [ -94.723705, 38.992814 ], [ -94.723687, 38.989784 ], [ -94.72369, 38.989212 ], [ -94.719042, 38.988836 ], [ -94.722347, 38.987865 ], [ -94.722517, 38.985603 ], [ -94.723669, 38.985599 ], [ -94.730126, 38.985594 ], [ -94.732844, 38.985593 ], [ -94.734025, 38.985593 ], [ -94.738393, 38.98559 ], [ -94.7423, 38.985587 ], [ -94.749992, 38.985587 ], [ -94.761094, 38.985592 ], [ -94.761108, 38.992858 ], [ -94.761136, 38.998446 ], [ -94.76117, 39.003912 ], [ -94.759411, 39.003933 ], [ -94.757092, 39.001411 ], [ -94.75463, 39.000958 ], [ -94.753436, 39.003279 ], [ -94.755627, 39.00262 ], [ -94.756997, 39.00369 ], [ -94.757935, 39.007435 ], [ -94.759779, 39.007428 ], [ -94.761165, 39.007138 ], [ -94.761181, 39.008636 ], [ -94.761181, 39.008868 ], [ -94.761215, 39.014731 ], [ -94.761295, 39.022003 ], [ -94.761328, 39.028864 ] ] ] ] } },
{ "type": "Feature", "properties": { "ZCTA5CE20": "66217", "AFFGEOID20": "860Z200US66217", "GEOID20": "66217", "NAME20": "66217", "LSAD20": "Z5", "ALAND20": 19509398.0, "AWATER20": 481408.0, "price_2012": 279857.28268579737, "price_2026": 593210.62759635609, "log_change": 0.75126975727647149, "pct_change": 1.1196898001127531, "dollar_change": 313353.34491055872, "mci": 32459.86827, "plaza": 16434.83793, "pnl": 19572.05476, "legends": 13308.88637, "lees_summit": 35728.10284, "cbd": 18003.446345, "log_population": 8.60666819784384, "median_income": 93651.0, "poverty_rate": 0.042002934702861337, "bachelors_only": 0.33909952606635069, "college_plus": 0.60047393364928914, "no_college": 0.39952606635071086 }, "geometry": { "type": "MultiPolygon", "coordinates": [ [ [ [ -94.79708, 38.998639 ], [ -94.797504, 38.999736 ], [ -94.797508, 39.001626 ], [ -94.797334, 39.010406 ], [ -94.797339, 39.010638 ], [ -94.797419, 39.014414 ], [ -94.797471, 39.014776 ], [ -94.788651, 39.014734 ], [ -94.78866, 39.018267 ], [ -94.792977, 39.018267 ], [ -94.792999, 39.021898 ], [ -94.788638, 39.021965 ], [ -94.788634, 39.029105 ], [ -94.787444, 39.029104 ], [ -94.788392, 39.032833 ], [ -94.788599, 39.033833 ], [ -94.789125, 39.038185 ], [ -94.789594, 39.04347 ], [ -94.789177, 39.043612 ], [ -94.78826, 39.04379 ], [ -94.77971, 39.043721 ], [ -94.776469, 39.043746 ], [ -94.769493, 39.043685 ], [ -94.76099, 39.043662 ], [ -94.758749, 39.043693 ], [ -94.758751, 39.040172 ], [ -94.760257, 39.037488 ], [ -94.757837, 39.036555 ], [ -94.751836, 39.036605 ], [ -94.751893, 39.032943 ], [ -94.756546, 39.032963 ], [ -94.756622, 39.029316 ], [ -94.761239, 39.029336 ], [ -94.761328, 39.028864 ], [ -94.761295, 39.022003 ], [ -94.761215, 39.014731 ], [ -94.761181, 39.008868 ], [ -94.761181, 39.008636 ], [ -94.761165, 39.007138 ], [ -94.759779, 39.007428 ], [ -94.757935, 39.007435 ], [ -94.756997, 39.00369 ], [ -94.755627, 39.00262 ], [ -94.753436, 39.003279 ], [ -94.75463, 39.000958 ], [ -94.757092, 39.001411 ], [ -94.759411, 39.003933 ], [ -94.76117, 39.003912 ], [ -94.761136, 38.998446 ], [ -94.761108, 38.992858 ], [ -94.761094, 38.985592 ], [ -94.76956, 38.98558 ], [ -94.770414, 38.985575 ], [ -94.775962, 38.985566 ], [ -94.778363, 38.985564 ], [ -94.779727, 38.985571 ], [ -94.77976, 38.98335 ], [ -94.779755, 38.980091 ], [ -94.784312, 38.980059 ], [ -94.784333, 38.978246 ], [ -94.793601, 38.978164 ], [ -94.793601, 38.974537 ], [ -94.797298, 38.974488 ], [ -94.797294, 38.97542 ], [ -94.797253, 38.985161 ], [ -94.795169, 38.984245 ], [ -94.794739, 38.985455 ], [ -94.793927, 38.985414 ], [ -94.794418, 38.987825 ], [ -94.797517, 38.988933 ], [ -94.79708, 38.998639 ] ] ] ] } },
{ "type": "Feature", "properties": { "ZCTA5CE20": "66221", "AFFGEOID20": "860Z200US66221", "GEOID20": "66221", "NAME20": "66221", "LSAD20": "Z5", "ALAND20": 31432531.0, "AWATER20": 284856.0, "price_2012": 418437.77509005176, "price_2026": 811329.25378101727, "log_change": 0.66214576335190856, "pct_change": 0.93894839825685328, "dollar_change": 392891.47869096551, "mci": 50206.32726, "plaza": 24061.9881, "pnl": 30168.28569, "legends": 32256.22964, "lees_summit": 29621.60452, "cbd": 27115.136895, "log_population": 10.148392595631851, "median_income": 190000.0, "poverty_rate": 0.02953619554998433, "bachelors_only": 0.42987464316743207, "college_plus": 0.75952587811840633, "no_college": 0.24047412188159367 }, "geometry": { "type": "MultiPolygon", "coordinates": [ [ [ [ -94.742485, 38.832668 ], [ -94.742428, 38.840217 ], [ -94.74025, 38.840189 ], [ -94.73904, 38.840174 ], [ -94.736353, 38.840172 ], [ -94.736327, 38.847471 ], [ -94.733079, 38.847464 ], [ -94.733038, 38.854774 ], [ -94.723753, 38.854726 ], [ -94.714395, 38.854689 ], [ -94.714395, 38.858314 ], [ -94.719068, 38.858323 ], [ -94.719065, 38.861941 ], [ -94.714381, 38.861942 ], [ -94.714401, 38.865534 ], [ -94.719056, 38.865529 ], [ -94.719058, 38.86912 ], [ -94.723705, 38.869113 ], [ -94.742299, 38.869091 ], [ -94.742356, 38.872604 ], [ -94.742348, 38.876361 ], [ -94.742364, 38.883646 ], [ -94.733168, 38.883658 ], [ -94.728297, 38.883666 ], [ -94.728299, 38.885871 ], [ -94.723713, 38.88731 ], [ -94.717236, 38.886303 ], [ -94.715668, 38.885633 ], [ -94.716358, 38.884613 ], [ -94.716374, 38.88369 ], [ -94.700479, 38.883715 ], [ -94.695942, 38.883722 ], [ -94.695944, 38.886287 ], [ -94.69369, 38.886338 ], [ -94.691189, 38.885577 ], [ -94.686496, 38.886506 ], [ -94.686494, 38.883739 ], [ -94.686494, 38.869173 ], [ -94.686469, 38.863416 ], [ -94.686439, 38.859384 ], [ -94.686392, 38.854587 ], [ -94.686332, 38.84002 ], [ -94.70518, 38.840094 ], [ -94.705216, 38.825509 ], [ -94.705206, 38.821548 ], [ -94.704665, 38.819924 ], [ -94.702355, 38.820122 ], [ -94.699013, 38.818618 ], [ -94.695994, 38.815861 ], [ -94.692224, 38.814527 ], [ -94.691985, 38.813231 ], [ -94.68957, 38.813681 ], [ -94.68641, 38.812168 ], [ -94.686532, 38.810875 ], [ -94.705078, 38.810932 ], [ -94.705033, 38.80365 ], [ -94.715469, 38.803663 ], [ -94.717033, 38.806316 ], [ -94.717058, 38.810966 ], [ -94.723717, 38.810985 ], [ -94.732855, 38.810979 ], [ -94.733795, 38.810898 ], [ -94.734819, 38.810144 ], [ -94.736003, 38.810617 ], [ -94.742373, 38.810996 ], [ -94.742518, 38.825685 ], [ -94.742485, 38.832668 ] ] ] ] } },
{ "type": "Feature", "properties": { "ZCTA5CE20": "66223", "AFFGEOID20": "860Z200US66223", "GEOID20": "66223", "NAME20": "66223", "LSAD20": "Z5", "ALAND20": 16173218.0, "AWATER20": 173505.0, "price_2012": 238041.68940758344, "price_2026": 510219.40879103256, "log_change": 0.76239502260904857, "pct_change": 1.1434035780069463, "dollar_change": 272177.71938344912, "mci": 48853.76794, "plaza": 21117.72556, "pnl": 27393.75223, "legends": 32330.06771, "lees_summit": 25367.49927, "cbd": 24255.738895, "log_population": 10.116459548528841, "median_income": 114855.0, "poverty_rate": 0.048409908271709705, "bachelors_only": 0.35678333815446922, "college_plus": 0.67023430720277699, "no_college": 0.32976569279722301 }, "geometry": { "type": "MultiPolygon", "coordinates": [ [ [ [ -94.686496, 38.886506 ], [ -94.684691, 38.886616 ], [ -94.682692, 38.887742 ], [ -94.681894, 38.886709 ], [ -94.681851, 38.883741 ], [ -94.676558, 38.883746 ], [ -94.67624, 38.883743 ], [ -94.671536, 38.883748 ], [ -94.671537, 38.885289 ], [ -94.669986, 38.885286 ], [ -94.669919, 38.885698 ], [ -94.669447, 38.885691 ], [ -94.669461, 38.885283 ], [ -94.668894, 38.885304 ], [ -94.668947, 38.884953 ], [ -94.669922, 38.884655 ], [ -94.669922, 38.884279 ], [ -94.668483, 38.884262 ], [ -94.668447, 38.883752 ], [ -94.667789, 38.883744 ], [ -94.667802, 38.886639 ], [ -94.664911, 38.886287 ], [ -94.663172, 38.886226 ], [ -94.66315, 38.88374 ], [ -94.658498, 38.883743 ], [ -94.64922, 38.883736 ], [ -94.649221, 38.876462 ], [ -94.64923, 38.872818 ], [ -94.649238, 38.869179 ], [ -94.649153, 38.858283 ], [ -94.649145, 38.854656 ], [ -94.64918, 38.847893 ], [ -94.649171, 38.84621 ], [ -94.649189, 38.84011 ], [ -94.653832, 38.840096 ], [ -94.658473, 38.840078 ], [ -94.661953, 38.840063 ], [ -94.663096, 38.840072 ], [ -94.667712, 38.840072 ], [ -94.676306, 38.839808 ], [ -94.676605, 38.8398 ], [ -94.679356, 38.839846 ], [ -94.679967, 38.838712 ], [ -94.682853, 38.838871 ], [ -94.68313, 38.834431 ], [ -94.682346, 38.830866 ], [ -94.686347, 38.830793 ], [ -94.686332, 38.84002 ], [ -94.686392, 38.854587 ], [ -94.686439, 38.859384 ], [ -94.686469, 38.863416 ], [ -94.686494, 38.869173 ], [ -94.686494, 38.883739 ], [ -94.686496, 38.886506 ] ] ] ] } },
{ "type": "Feature", "properties": { "ZCTA5CE20": "66224", "AFFGEOID20": "860Z200US66224", "GEOID20": "66224", "NAME20": "66224", "LSAD20": "Z5", "ALAND20": 17265749.0, "AWATER20": 156571.0, "price_2012": 406548.5182553237, "price_2026": 808478.40986918425, "log_change": 0.68745069675923531, "pct_change": 0.98863942079709533, "dollar_change": 401929.89161386056, "mci": 49231.36731, "plaza": 20260.85773, "pnl": 26609.97897, "legends": 33934.56565, "lees_summit": 22025.77788, "cbd": 23435.41835, "log_population": 9.4480177930674287, "median_income": 188004.0, "poverty_rate": 0.03737286131041552, "bachelors_only": 0.35757906215921481, "college_plus": 0.70577971646673932, "no_college": 0.29422028353326068 }, "geometry": { "type": "MultiPolygon", "coordinates": [ [ [ [ -94.64923, 38.872818 ], [ -94.649221, 38.876462 ], [ -94.64922, 38.883736 ], [ -94.646858, 38.883739 ], [ -94.644538, 38.88374 ], [ -94.644523, 38.885926 ], [ -94.639853, 38.885941 ], [ -94.639844, 38.883736 ], [ -94.63056, 38.883774 ], [ -94.628934, 38.883768 ], [ -94.628923, 38.884682 ], [ -94.625894, 38.884653 ], [ -94.625935, 38.883774 ], [ -94.608032984062305, 38.883822376370603 ], [ -94.608033, 38.883807 ], [ -94.608033, 38.883491759999899 ], [ -94.608033, 38.869749013333298 ], [ -94.608033, 38.869207 ], [ -94.608033, 38.868107 ], [ -94.608029342248898, 38.868030553002399 ], [ -94.607993, 38.867271 ], [ -94.607995895782906, 38.866831999312502 ], [ -94.608033, 38.861207 ], [ -94.608033, 38.859882 ], [ -94.608033, 38.855007 ], [ -94.608033, 38.850194846153798 ], [ -94.608033, 38.847207 ], [ -94.607843215026506, 38.838068016241003 ], [ -94.611894, 38.838915 ], [ -94.611915, 38.841631 ], [ -94.612099, 38.842044 ], [ -94.612463, 38.842275 ], [ -94.612547, 38.842319 ], [ -94.613107, 38.842605 ], [ -94.61619, 38.840341 ], [ -94.623193, 38.840228 ], [ -94.630484, 38.840199 ], [ -94.649189, 38.84011 ], [ -94.649171, 38.84621 ], [ -94.64918, 38.847893 ], [ -94.649145, 38.854656 ], [ -94.649153, 38.858283 ], [ -94.649238, 38.869179 ], [ -94.64923, 38.872818 ] ] ] ] } },
{ "type": "Feature", "properties": { "ZCTA5CE20": "64730", "AFFGEOID20": "860Z200US64730", "GEOID20": "64730", "NAME20": "64730", "LSAD20": "Z5", "ALAND20": 731151847.0, "AWATER20": 5013839.0, "price_2012": 82365.439494120961, "price_2026": 207396.35440879469, "log_change": 0.92346579273787022, "pct_change": 1.5180021582182917, "dollar_change": 125030.91491467373, "mci": 121457.1345, "plaza": 90897.60454, "pnl": 96683.08711, "legends": 106941.5929, "lees_summit": 73402.17012, "cbd": 93790.345824999997, "log_population": 8.7690408108588027, "median_income": 49883.0, "poverty_rate": 0.207922419460881, "bachelors_only": 0.097676419965576591, "college_plus": 0.16480206540447503, "no_college": 0.83519793459552494 }, "geometry": { "type": "MultiPolygon", "coordinates": [ [ [ [ -94.542687, 38.22609 ], [ -94.53816, 38.228896 ], [ -94.538974, 38.229495 ], [ -94.534781, 38.23279 ], [ -94.534154, 38.234185 ], [ -94.536821, 38.233686 ], [ -94.536814, 38.234834 ], [ -94.53868, 38.236004 ], [ -94.537621, 38.23786 ], [ -94.541266, 38.239352 ], [ -94.515256, 38.2387 ], [ -94.51469, 38.253132 ], [ -94.514209, 38.267624 ], [ -94.513672, 38.282146 ], [ -94.51319, 38.296579 ], [ -94.494693, 38.296122 ], [ -94.494174, 38.310648 ], [ -94.476465, 38.310262 ], [ -94.458086, 38.309809 ], [ -94.457953, 38.324226 ], [ -94.457465, 38.338675 ], [ -94.448402, 38.338408 ], [ -94.445047, 38.33831 ], [ -94.444918, 38.342808 ], [ -94.438946, 38.342602 ], [ -94.439056, 38.338147 ], [ -94.420966, 38.337784 ], [ -94.40247, 38.337417 ], [ -94.383282, 38.337128 ], [ -94.382957, 38.344703 ], [ -94.346146, 38.344083 ], [ -94.345506, 38.365526 ], [ -94.290343, 38.364514 ], [ -94.290088, 38.364529 ], [ -94.289707, 38.375631 ], [ -94.288393, 38.375082 ], [ -94.286048, 38.37651 ], [ -94.286131, 38.378625 ], [ -94.272065, 38.378213 ], [ -94.27308, 38.349318 ], [ -94.23724, 38.34872 ], [ -94.236183, 38.349758 ], [ -94.235043, 38.370341 ], [ -94.234483, 38.37019 ], [ -94.21692, 38.369806 ], [ -94.217596, 38.348135 ], [ -94.180962, 38.347405 ], [ -94.179095, 38.390842 ], [ -94.157581, 38.390345 ], [ -94.132269, 38.389689 ], [ -94.132742, 38.377264 ], [ -94.134588, 38.375688 ], [ -94.140213, 38.375801 ], [ -94.142167, 38.374464 ], [ -94.142607, 38.361423 ], [ -94.103591, 38.36033 ], [ -94.104056, 38.349152 ], [ -94.103475, 38.34818 ], [ -94.100711, 38.345973 ], [ -94.099575, 38.34572 ], [ -94.088901, 38.345378 ], [ -94.088094, 38.344035 ], [ -94.089095, 38.324908 ], [ -94.087893, 38.323673 ], [ -94.084915, 38.323301 ], [ -94.084471, 38.322218 ], [ -94.085071, 38.312762 ], [ -94.095176, 38.312648 ], [ -94.094054, 38.310757 ], [ -94.094428, 38.309607 ], [ -94.094697, 38.302539 ], [ -94.095523, 38.30205 ], [ -94.099449, 38.302036 ], [ -94.10019, 38.299767 ], [ -94.104881, 38.29892 ], [ -94.113411, 38.298528 ], [ -94.113893, 38.287971 ], [ -94.109253, 38.287851 ], [ -94.109718, 38.273282 ], [ -94.132876, 38.273892 ], [ -94.132927, 38.266355 ], [ -94.123898, 38.265394 ], [ -94.121153, 38.265525 ], [ -94.118826, 38.266315 ], [ -94.109956, 38.265978 ], [ -94.110173, 38.26108 ], [ -94.11112, 38.259933 ], [ -94.114296, 38.258973 ], [ -94.115065, 38.25809 ], [ -94.115351, 38.25343 ], [ -94.116245, 38.252324 ], [ -94.113959, 38.25252 ], [ -94.112219, 38.252128 ], [ -94.108546, 38.253168 ], [ -94.101641, 38.25321 ], [ -94.0967, 38.253518 ], [ -94.092436, 38.253318 ], [ -94.091813, 38.254232 ], [ -94.088641, 38.25367 ], [ -94.087949, 38.252254 ], [ -94.088646, 38.225873 ], [ -94.084077, 38.225617 ], [ -94.084386, 38.214674 ], [ -94.126576, 38.215707 ], [ -94.127247, 38.21603 ], [ -94.125744, 38.21884 ], [ -94.125377, 38.23023 ], [ -94.143591, 38.230636 ], [ -94.144034, 38.216101 ], [ -94.161376, 38.216508 ], [ -94.161883, 38.20561 ], [ -94.166504, 38.205531 ], [ -94.166971, 38.204962 ], [ -94.171211, 38.205237 ], [ -94.171378, 38.197935 ], [ -94.162242, 38.197452 ], [ -94.164333, 38.152511 ], [ -94.164422, 38.15049 ], [ -94.178586, 38.15097 ], [ -94.179317, 38.137071 ], [ -94.178472, 38.136325 ], [ -94.17511, 38.13604 ], [ -94.174754, 38.134927 ], [ -94.175313, 38.121647 ], [ -94.184721, 38.121898 ], [ -94.220179, 38.122801 ], [ -94.221365, 38.12574 ], [ -94.220815, 38.129327 ], [ -94.220375, 38.137476 ], [ -94.234061, 38.137652 ], [ -94.234201, 38.137402 ], [ -94.234939, 38.123171 ], [ -94.253117, 38.123648 ], [ -94.252808, 38.130135 ], [ -94.254093, 38.131849 ], [ -94.255626, 38.138247 ], [ -94.275726, 38.138859 ], [ -94.275741, 38.13868 ], [ -94.289702, 38.139232 ], [ -94.294455, 38.138043 ], [ -94.293016, 38.136296 ], [ -94.29529, 38.136544 ], [ -94.297926, 38.135336 ], [ -94.298489, 38.137648 ], [ -94.299712, 38.139546 ], [ -94.300339, 38.139824 ], [ -94.304973, 38.143125 ], [ -94.311954, 38.147345 ], [ -94.318132, 38.150459 ], [ -94.322236, 38.152123 ], [ -94.326069, 38.152947 ], [ -94.329582, 38.153204 ], [ -94.333457, 38.153539 ], [ -94.337339, 38.154631 ], [ -94.341292, 38.156756 ], [ -94.34411, 38.158898 ], [ -94.348444, 38.158853 ], [ -94.34816, 38.162798 ], [ -94.352254, 38.163025 ], [ -94.366717, 38.163416 ], [ -94.367685, 38.164377 ], [ -94.368679, 38.16353 ], [ -94.368992, 38.162849 ], [ -94.368558, 38.15957 ], [ -94.370032, 38.158361 ], [ -94.371015, 38.160722 ], [ -94.372198, 38.161996 ], [ -94.373994, 38.162385 ], [ -94.376728, 38.161223 ], [ -94.38091, 38.160884 ], [ -94.382433, 38.161917 ], [ -94.381524, 38.162927 ], [ -94.378124, 38.164904 ], [ -94.379325, 38.168321 ], [ -94.382579, 38.171508 ], [ -94.383426, 38.173277 ], [ -94.382673, 38.17643 ], [ -94.383854, 38.176835 ], [ -94.385568, 38.175388 ], [ -94.384859, 38.173761 ], [ -94.385542, 38.172487 ], [ -94.388694, 38.172967 ], [ -94.38939, 38.172884 ], [ -94.390602, 38.171188 ], [ -94.393817, 38.170326 ], [ -94.395751, 38.170635 ], [ -94.397171, 38.170514 ], [ -94.397113, 38.17342 ], [ -94.398623, 38.174651 ], [ -94.400877, 38.175366 ], [ -94.405087, 38.175845 ], [ -94.406694, 38.174857 ], [ -94.407335, 38.17289 ], [ -94.409528, 38.171122 ], [ -94.410864, 38.171161 ], [ -94.410884, 38.172617 ], [ -94.409046, 38.174956 ], [ -94.410187, 38.177736 ], [ -94.413081, 38.178006 ], [ -94.415246, 38.176408 ], [ -94.418148, 38.177287 ], [ -94.422546, 38.175645 ], [ -94.423492, 38.176414 ], [ -94.42194, 38.17877 ], [ -94.422531, 38.180177 ], [ -94.425307, 38.181655 ], [ -94.425968, 38.182847 ], [ -94.424479, 38.18489 ], [ -94.425536, 38.187323 ], [ -94.42697, 38.188894 ], [ -94.431278, 38.190197 ], [ -94.431828, 38.191636 ], [ -94.431389, 38.193794 ], [ -94.432015, 38.195514 ], [ -94.433317, 38.195624 ], [ -94.434695, 38.193663 ], [ -94.437131, 38.193102 ], [ -94.436832, 38.196129 ], [ -94.4378, 38.198299 ], [ -94.43931, 38.19921 ], [ -94.44144, 38.199018 ], [ -94.446938, 38.195848 ], [ -94.447732, 38.194453 ], [ -94.446277, 38.191806 ], [ -94.44629, 38.190372 ], [ -94.447689, 38.188784 ], [ -94.450703, 38.189916 ], [ -94.450724, 38.192289 ], [ -94.453362, 38.192107 ], [ -94.457559, 38.193507 ], [ -94.458291, 38.196001 ], [ -94.460888, 38.197489 ], [ -94.462342, 38.196972 ], [ -94.463511, 38.194489 ], [ -94.461262, 38.191639 ], [ -94.460611, 38.189704 ], [ -94.460976, 38.187674 ], [ -94.462147, 38.186796 ], [ -94.464598, 38.18647 ], [ -94.46628, 38.187633 ], [ -94.467605, 38.190434 ], [ -94.470057, 38.192249 ], [ -94.472346, 38.193063 ], [ -94.477091, 38.193264 ], [ -94.479083, 38.192825 ], [ -94.480633, 38.191488 ], [ -94.482191, 38.191971 ], [ -94.480503, 38.194395 ], [ -94.478326, 38.195992 ], [ -94.47769, 38.197769 ], [ -94.480808, 38.200877 ], [ -94.486444, 38.20266 ], [ -94.489992, 38.202775 ], [ -94.492687, 38.201965 ], [ -94.495837, 38.201134 ], [ -94.500588, 38.201484 ], [ -94.502091, 38.202431 ], [ -94.504864, 38.20664 ], [ -94.507278, 38.208169 ], [ -94.510843, 38.209782 ], [ -94.515568, 38.213337 ], [ -94.518995, 38.217233 ], [ -94.521985, 38.219946 ], [ -94.523016, 38.221846 ], [ -94.52354, 38.223049 ], [ -94.524452, 38.223367 ], [ -94.531303, 38.222974 ], [ -94.536923, 38.220981 ], [ -94.538259, 38.223206 ], [ -94.540642, 38.224931 ], [ -94.542687, 38.22609 ] ] ] ] } },
{ "type": "Feature", "properties": { "ZCTA5CE20": "64746", "AFFGEOID20": "860Z200US64746", "GEOID20": "64746", "NAME20": "64746", "LSAD20": "Z5", "ALAND20": 80423656.0, "AWATER20": 862619.0, "price_2012": 127538.56094260352, "price_2026": 323067.96550390846, "log_change": 0.92944396296570453, "pct_change": 1.5331002883849341, "dollar_change": 195529.40456130495, "mci": 78996.05916, "plaza": 48701.81787, "pnl": 54758.43091, "legends": 64093.54617, "lees_summit": 35128.20946, "cbd": 51730.12439, "log_population": 7.3145528323240798, "median_income": 79682.0, "poverty_rate": 0.038640906062624915, "bachelors_only": 0.16558741905642924, "college_plus": 0.21739130434782608, "no_college": 0.78260869565217395 }, "geometry": { "type": "MultiPolygon", "coordinates": [ [ [ [ -94.552366, 38.599384 ], [ -94.551793, 38.610976 ], [ -94.547472, 38.610846 ], [ -94.547035, 38.614255 ], [ -94.54245, 38.614323 ], [ -94.54141, 38.63603 ], [ -94.531044, 38.635896 ], [ -94.531532, 38.639375 ], [ -94.522969, 38.638945 ], [ -94.522621, 38.641896 ], [ -94.522078, 38.653564 ], [ -94.5179, 38.653496 ], [ -94.519847, 38.65565 ], [ -94.519771, 38.657642 ], [ -94.515248, 38.656823 ], [ -94.513314, 38.659249 ], [ -94.515378, 38.661447 ], [ -94.512299, 38.661393 ], [ -94.512252, 38.663815 ], [ -94.513618, 38.664749 ], [ -94.521004, 38.663901 ], [ -94.528403, 38.664756 ], [ -94.532321, 38.667358 ], [ -94.529539, 38.669154 ], [ -94.518235, 38.668651 ], [ -94.50195, 38.668085 ], [ -94.476919, 38.647777 ], [ -94.476734, 38.646892 ], [ -94.473957, 38.645461 ], [ -94.471647, 38.645776 ], [ -94.468602, 38.645172 ], [ -94.467563, 38.644222 ], [ -94.452977, 38.642992 ], [ -94.449222, 38.643035 ], [ -94.449307, 38.639926 ], [ -94.4498, 38.628343 ], [ -94.44079, 38.621817 ], [ -94.440944, 38.612416 ], [ -94.427695, 38.612106 ], [ -94.421281, 38.607424 ], [ -94.421735, 38.604706 ], [ -94.423022, 38.604444 ], [ -94.423355, 38.597772 ], [ -94.427983, 38.597321 ], [ -94.428605, 38.590347 ], [ -94.432966, 38.590466 ], [ -94.43642, 38.589256 ], [ -94.441806, 38.589026 ], [ -94.447393, 38.586939 ], [ -94.451722, 38.587016 ], [ -94.452071, 38.57637 ], [ -94.452192, 38.575609 ], [ -94.452247, 38.571149 ], [ -94.452543, 38.566792 ], [ -94.452568, 38.566292 ], [ -94.45271, 38.561458 ], [ -94.458838, 38.561395 ], [ -94.465412, 38.561738 ], [ -94.465051, 38.569203 ], [ -94.464581, 38.576322 ], [ -94.465961, 38.576164 ], [ -94.466498, 38.572672 ], [ -94.484629, 38.573004 ], [ -94.484522, 38.576063 ], [ -94.485179, 38.576693 ], [ -94.507376, 38.577325 ], [ -94.508147, 38.562595 ], [ -94.516182, 38.562861 ], [ -94.526332, 38.563168 ], [ -94.526529, 38.563263 ], [ -94.526169, 38.570315 ], [ -94.535009, 38.570695 ], [ -94.535504, 38.570553 ], [ -94.544629, 38.570993 ], [ -94.543403, 38.589429 ], [ -94.543486, 38.591609 ], [ -94.544022, 38.592404 ], [ -94.551669, 38.592915 ], [ -94.552654, 38.59351 ], [ -94.552366, 38.599384 ] ] ] ] } },
{ "type": "Feature", "properties": { "ZCTA5CE20": "64734", "AFFGEOID20": "860Z200US64734", "GEOID20": "64734", "NAME20": "64734", "LSAD20": "Z5", "ALAND20": 106836487.0, "AWATER20": 574568.0, "price_2012": 185017.90206288811, "price_2026": 426427.64343127166, "log_change": 0.83499011225683262, "pct_change": 1.3047912589903203, "dollar_change": 241409.74136838355, "mci": 73374.31591, "plaza": 43718.92358, "pnl": 49976.81952, "legends": 57260.46647, "lees_summit": 33868.00935, "cbd": 46847.87155, "log_population": 7.748460023899697, "median_income": 88274.0, "poverty_rate": 0.026315789473684209, "bachelors_only": 0.21967410983705493, "college_plus": 0.27278213639106819, "no_college": 0.72721786360893181 }, "geometry": { "type": "MultiPolygon", "coordinates": [ [ [ [ -94.611908, 38.609272 ], [ -94.611858, 38.620485 ], [ -94.611854714655905, 38.620522835794297 ], [ -94.611847540920195, 38.620605452404199 ], [ -94.611465, 38.625011 ], [ -94.611602, 38.635384 ], [ -94.610843155858305, 38.672624647541397 ], [ -94.610713068494306, 38.679008748579598 ], [ -94.610204273235794, 38.703978124834897 ], [ -94.609842916040193, 38.721711906014498 ], [ -94.609799638385397, 38.723835778096202 ], [ -94.590831, 38.722894 ], [ -94.590324, 38.737617 ], [ -94.585169, 38.73734 ], [ -94.584464, 38.740991 ], [ -94.581008, 38.7408 ], [ -94.58067, 38.748113 ], [ -94.576089, 38.747875 ], [ -94.576278, 38.744256 ], [ -94.573635, 38.744121 ], [ -94.573868, 38.740324 ], [ -94.574752, 38.73823 ], [ -94.571993, 38.73809 ], [ -94.57205, 38.736589 ], [ -94.562699, 38.736187 ], [ -94.562967, 38.721525 ], [ -94.563063, 38.719526 ], [ -94.563231, 38.713762 ], [ -94.554389, 38.70611 ], [ -94.554469, 38.702947 ], [ -94.550459, 38.702754 ], [ -94.549281, 38.701732 ], [ -94.538078, 38.694642 ], [ -94.538207, 38.693003 ], [ -94.540228, 38.690226 ], [ -94.540388, 38.684653 ], [ -94.539887, 38.680099 ], [ -94.540048, 38.673251 ], [ -94.540867, 38.670602 ], [ -94.541234, 38.669847 ], [ -94.540036, 38.669585 ], [ -94.529539, 38.669154 ], [ -94.532321, 38.667358 ], [ -94.528403, 38.664756 ], [ -94.521004, 38.663901 ], [ -94.513618, 38.664749 ], [ -94.512252, 38.663815 ], [ -94.512299, 38.661393 ], [ -94.515378, 38.661447 ], [ -94.513314, 38.659249 ], [ -94.515248, 38.656823 ], [ -94.519771, 38.657642 ], [ -94.519847, 38.65565 ], [ -94.5179, 38.653496 ], [ -94.522078, 38.653564 ], [ -94.522621, 38.641896 ], [ -94.522969, 38.638945 ], [ -94.531532, 38.639375 ], [ -94.531044, 38.635896 ], [ -94.54141, 38.63603 ], [ -94.54245, 38.614323 ], [ -94.547035, 38.614255 ], [ -94.547472, 38.610846 ], [ -94.551793, 38.610976 ], [ -94.552366, 38.599384 ], [ -94.552654, 38.59351 ], [ -94.551669, 38.592915 ], [ -94.544022, 38.592404 ], [ -94.543486, 38.591609 ], [ -94.543403, 38.589429 ], [ -94.544629, 38.570993 ], [ -94.535504, 38.570553 ], [ -94.535009, 38.570695 ], [ -94.526169, 38.570315 ], [ -94.526529, 38.563263 ], [ -94.545029, 38.563824 ], [ -94.562754, 38.564293 ], [ -94.56461, 38.564095 ], [ -94.566067, 38.564333 ], [ -94.575824, 38.564787 ], [ -94.575565, 38.571999 ], [ -94.576646, 38.572344 ], [ -94.576592, 38.574229 ], [ -94.580964, 38.574604 ], [ -94.581442, 38.575651 ], [ -94.584165, 38.575727 ], [ -94.585454, 38.576806 ], [ -94.585527, 38.579253 ], [ -94.611887069156197, 38.580234939400299 ], [ -94.611905562149303, 38.605890004618999 ], [ -94.611908, 38.609272 ] ] ] ] } },
{ "type": "Feature", "properties": { "ZCTA5CE20": "66213", "AFFGEOID20": "860Z200US66213", "GEOID20": "66213", "NAME20": "66213", "LSAD20": "Z5", "ALAND20": 20244102.0, "AWATER20": 58768.0, "price_2012": 268158.99209588481, "price_2026": 561533.44287111971, "log_change": 0.73909127358786719, "pct_change": 1.094031747666824, "dollar_change": 293374.4507752349, "mci": 44560.21243, "plaza": 18715.43495, "pnl": 24674.73753, "legends": 27250.42876, "lees_summit": 27912.22838, "cbd": 21695.08624, "log_population": 10.326759834294158, "median_income": 117706.0, "poverty_rate": 0.045496444561495916, "bachelors_only": 0.41900037091988129, "college_plus": 0.69881305637982194, "no_college": 0.30118694362017806 }, "geometry": { "type": "MultiPolygon", "coordinates": [ [ [ [ -94.742423, 38.912854 ], [ -94.726714, 38.912856 ], [ -94.726333, 38.913792 ], [ -94.72371, 38.913274 ], [ -94.723716, 38.912857 ], [ -94.720098, 38.912842 ], [ -94.719757, 38.913935 ], [ -94.717495, 38.914364 ], [ -94.715931, 38.914091 ], [ -94.71449, 38.91384 ], [ -94.714175, 38.912817 ], [ -94.705117, 38.912842 ], [ -94.698845, 38.912883 ], [ -94.694584, 38.912865 ], [ -94.690242, 38.912878 ], [ -94.686377, 38.912887 ], [ -94.67705, 38.912897 ], [ -94.669762, 38.91292 ], [ -94.668473, 38.915174 ], [ -94.668403, 38.914499 ], [ -94.667739, 38.912866 ], [ -94.667768, 38.905649 ], [ -94.667781, 38.898363 ], [ -94.667793, 38.895573 ], [ -94.667809, 38.888686 ], [ -94.667802, 38.886639 ], [ -94.667789, 38.883744 ], [ -94.668447, 38.883752 ], [ -94.668483, 38.884262 ], [ -94.669922, 38.884279 ], [ -94.669922, 38.884655 ], [ -94.668947, 38.884953 ], [ -94.668894, 38.885304 ], [ -94.669461, 38.885283 ], [ -94.669447, 38.885691 ], [ -94.669919, 38.885698 ], [ -94.669986, 38.885286 ], [ -94.671537, 38.885289 ], [ -94.671536, 38.883748 ], [ -94.67624, 38.883743 ], [ -94.676558, 38.883746 ], [ -94.681851, 38.883741 ], [ -94.681894, 38.886709 ], [ -94.682692, 38.887742 ], [ -94.684691, 38.886616 ], [ -94.686496, 38.886506 ], [ -94.691189, 38.885577 ], [ -94.69369, 38.886338 ], [ -94.695944, 38.886287 ], [ -94.695942, 38.883722 ], [ -94.700479, 38.883715 ], [ -94.716374, 38.88369 ], [ -94.716358, 38.884613 ], [ -94.715668, 38.885633 ], [ -94.717236, 38.886303 ], [ -94.723713, 38.88731 ], [ -94.728299, 38.885871 ], [ -94.728297, 38.883666 ], [ -94.733168, 38.883658 ], [ -94.742364, 38.883646 ], [ -94.742359, 38.887323 ], [ -94.742364, 38.89205 ], [ -94.742359, 38.898247 ], [ -94.742382, 38.900962 ], [ -94.742381, 38.906254 ], [ -94.742381, 38.906489 ], [ -94.742423, 38.912854 ] ] ] ] } },
{ "type": "Feature", "properties": { "ZCTA5CE20": "66215", "AFFGEOID20": "860Z200US66215", "GEOID20": "66215", "NAME20": "66215", "LSAD20": "Z5", "ALAND20": 21049137.0, "AWATER20": 51832.0, "price_2012": 172695.80342714969, "price_2026": 399516.0474361633, "log_change": 0.83872224812849439, "pct_change": 1.3134091246443975, "dollar_change": 226820.24400901361, "mci": 38217.43913, "plaza": 16205.45595, "pnl": 21139.6994, "legends": 20082.73436, "lees_summit": 31461.02671, "cbd": 18672.577675, "log_population": 10.164312170818027, "median_income": 88232.0, "poverty_rate": 0.0590816486444131, "bachelors_only": 0.33652099583288814, "college_plus": 0.51768351319585426, "no_college": 0.48231648680414574 }, "geometry": { "type": "MultiPolygon", "coordinates": [ [ [ [ -94.764918, 38.920063 ], [ -94.760262, 38.925504 ], [ -94.760766, 38.926001 ], [ -94.760818, 38.934667 ], [ -94.760823, 38.941727 ], [ -94.760861, 38.949158 ], [ -94.758532, 38.949177 ], [ -94.759138, 38.954582 ], [ -94.760889, 38.954599 ], [ -94.760897, 38.956448 ], [ -94.760893, 38.956994 ], [ -94.760916, 38.963367 ], [ -94.76098, 38.971053 ], [ -94.761037, 38.978302 ], [ -94.761062, 38.978477 ], [ -94.761094, 38.985592 ], [ -94.749992, 38.985587 ], [ -94.7423, 38.985587 ], [ -94.738393, 38.98559 ], [ -94.734025, 38.985593 ], [ -94.732844, 38.985593 ], [ -94.730126, 38.985594 ], [ -94.723669, 38.985599 ], [ -94.723661, 38.982135 ], [ -94.721885, 38.982061 ], [ -94.717933, 38.980697 ], [ -94.718877, 38.978882 ], [ -94.718891, 38.977688 ], [ -94.721275, 38.977678 ], [ -94.723639, 38.978342 ], [ -94.723648, 38.9711 ], [ -94.719038, 38.971111 ], [ -94.723637, 38.966283 ], [ -94.723633, 38.965438 ], [ -94.723608, 38.963847 ], [ -94.721302, 38.963813 ], [ -94.72129, 38.960179 ], [ -94.723601, 38.960169 ], [ -94.723595, 38.956535 ], [ -94.723592, 38.951902 ], [ -94.723578, 38.949399 ], [ -94.723528, 38.942051 ], [ -94.723609, 38.936724 ], [ -94.723645, 38.935082 ], [ -94.737511, 38.934846 ], [ -94.737508, 38.934753 ], [ -94.741911, 38.935564 ], [ -94.742173, 38.934758 ], [ -94.742128, 38.927432 ], [ -94.74227, 38.920517 ], [ -94.744765, 38.921564 ], [ -94.747648, 38.921146 ], [ -94.751579, 38.921947 ], [ -94.751601, 38.920209 ], [ -94.760865, 38.920039 ], [ -94.763799, 38.920071 ], [ -94.764142, 38.920065 ], [ -94.764918, 38.920063 ] ] ] ] } },
{ "type": "Feature", "properties": { "ZCTA5CE20": "66208", "AFFGEOID20": "860Z200US66208", "GEOID20": "66208", "NAME20": "66208", "LSAD20": "Z5", "ALAND20": 16836411.0, "AWATER20": 2474.0, "price_2012": 201666.29443201379, "price_2026": 498465.48142464407, "log_change": 0.90492001854962645, "pct_change": 1.4717342222633434, "dollar_change": 296799.18699263025, "mci": 34230.98147, "plaza": 5789.373414, "pnl": 11820.88771, "legends": 22227.90522, "lees_summit": 23267.53508, "cbd": 8805.130562, "log_population": 9.9793368648195653, "median_income": 124000.0, "poverty_rate": 0.048457110502972536, "bachelors_only": 0.40003923876790271, "college_plus": 0.73873520371460333, "no_college": 0.26126479628539667 }, "geometry": { "type": "MultiPolygon", "coordinates": [ [ [ [ -94.659286, 38.990968 ], [ -94.658368, 38.993112 ], [ -94.650192, 38.993106 ], [ -94.65022, 38.996731 ], [ -94.649062, 38.996736 ], [ -94.649064, 39.000351 ], [ -94.651409, 39.000353 ], [ -94.651398, 39.004001 ], [ -94.650255, 39.004625 ], [ -94.650255, 39.00717 ], [ -94.649063, 39.00716 ], [ -94.649064, 39.007624 ], [ -94.649064, 39.008124 ], [ -94.647893, 39.008609 ], [ -94.647905, 39.009481 ], [ -94.645569, 39.009487 ], [ -94.645569, 39.011309 ], [ -94.649072, 39.011285 ], [ -94.649003, 39.014893 ], [ -94.642096, 39.014967 ], [ -94.642115, 39.015446 ], [ -94.639775, 39.015473 ], [ -94.638031, 39.015471 ], [ -94.634758, 39.015505 ], [ -94.630404, 39.01563 ], [ -94.630428, 39.015087 ], [ -94.625826, 39.015103 ], [ -94.62526, 39.015106 ], [ -94.624786, 39.017846 ], [ -94.622465, 39.018992 ], [ -94.622948, 39.021957 ], [ -94.621191, 39.024301 ], [ -94.622945, 39.025284 ], [ -94.62333, 39.027952 ], [ -94.620343, 39.026305 ], [ -94.619995, 39.026188 ], [ -94.617525, 39.025759 ], [ -94.616514, 39.024844 ], [ -94.616415, 39.024537 ], [ -94.612222, 39.026445 ], [ -94.610801, 39.027808 ], [ -94.610118, 39.028072 ], [ -94.610028, 39.030834 ], [ -94.607680784170896, 39.031627365116996 ], [ -94.607691961467097, 39.030774862574098 ], [ -94.607723805593196, 39.028346082125303 ], [ -94.607818897374102, 39.021093345551897 ], [ -94.607864227062805, 39.017636008984397 ], [ -94.607896585341095, 39.015168013681802 ], [ -94.607896622028704, 39.015165215486398 ], [ -94.607912971401603, 39.013918233952602 ], [ -94.607913406644798, 39.013885037561202 ], [ -94.607927906469001, 39.012779122781403 ], [ -94.607992364788004, 39.007862828196203 ], [ -94.608004327215596, 39.006950442965703 ], [ -94.608086331840198, 39.000695875694603 ], [ -94.608088182175507, 39.000554748941902 ], [ -94.608093083785803, 39.000180898664603 ], [ -94.608093663377701, 39.000136692665897 ], [ -94.608187153294907, 38.993006131692901 ], [ -94.608187915623006, 38.992947988237901 ], [ -94.608257739496494, 38.987622457930399 ], [ -94.608283832015204, 38.985632357806097 ], [ -94.608284542888597, 38.985578138847401 ], [ -94.613313, 38.98471 ], [ -94.613379, 38.98416 ], [ -94.616449, 38.984163 ], [ -94.619966, 38.98412 ], [ -94.621067, 38.983988 ], [ -94.621059, 38.982341 ], [ -94.625702, 38.982344 ], [ -94.625677, 38.978705 ], [ -94.630319, 38.978704 ], [ -94.630315, 38.977071 ], [ -94.634207, 38.977305 ], [ -94.634341, 38.978683 ], [ -94.63574, 38.978666 ], [ -94.639664, 38.978639 ], [ -94.649005, 38.978595 ], [ -94.658297, 38.978569 ], [ -94.658375, 38.985843 ], [ -94.658377, 38.987673 ], [ -94.659286, 38.990968 ] ] ] ] } },
{ "type": "Feature", "properties": { "ZCTA5CE20": "66210", "AFFGEOID20": "860Z200US66210", "GEOID20": "66210", "NAME20": "66210", "LSAD20": "Z5", "ALAND20": 15674910.0, "AWATER20": 84964.0, "price_2012": 203316.2019452836, "price_2026": 461765.91460521542, "log_change": 0.82029567211152887, "pct_change": 1.2711712602691927, "dollar_change": 258449.71265993183, "mci": 41803.3205, "plaza": 16410.13152, "pnl": 22206.78949, "legends": 24761.44684, "lees_summit": 27830.33851, "cbd": 19308.460505, "log_population": 9.9206887598559028, "median_income": 95636.0, "poverty_rate": 0.049745339464965635, "bachelors_only": 0.38547720747846792, "college_plus": 0.6338491702261746, "no_college": 0.3661508297738254 }, "geometry": { "type": "MultiPolygon", "coordinates": [ [ [ [ -94.742276, 38.920191 ], [ -94.74227, 38.920517 ], [ -94.742128, 38.927432 ], [ -94.742173, 38.934758 ], [ -94.741911, 38.935564 ], [ -94.737508, 38.934753 ], [ -94.737511, 38.934846 ], [ -94.723645, 38.935082 ], [ -94.71377, 38.935117 ], [ -94.712733, 38.935117 ], [ -94.705092, 38.934946 ], [ -94.704748, 38.934949 ], [ -94.698479, 38.935006 ], [ -94.686347, 38.934277 ], [ -94.679453, 38.934105 ], [ -94.672589, 38.93289 ], [ -94.672526, 38.933619 ], [ -94.671732, 38.933387 ], [ -94.667562, 38.934239 ], [ -94.667623, 38.933084 ], [ -94.667685, 38.931928 ], [ -94.667837, 38.928968 ], [ -94.667705, 38.927506 ], [ -94.667447, 38.919468 ], [ -94.667706, 38.917774 ], [ -94.66326, 38.917278 ], [ -94.662558, 38.915183 ], [ -94.66303, 38.912844 ], [ -94.667739, 38.912866 ], [ -94.668403, 38.914499 ], [ -94.668473, 38.915174 ], [ -94.669762, 38.91292 ], [ -94.67705, 38.912897 ], [ -94.686377, 38.912887 ], [ -94.690242, 38.912878 ], [ -94.694584, 38.912865 ], [ -94.698845, 38.912883 ], [ -94.705117, 38.912842 ], [ -94.714175, 38.912817 ], [ -94.71449, 38.91384 ], [ -94.715931, 38.914091 ], [ -94.717495, 38.914364 ], [ -94.719757, 38.913935 ], [ -94.720098, 38.912842 ], [ -94.723716, 38.912857 ], [ -94.72371, 38.913274 ], [ -94.726333, 38.913792 ], [ -94.726714, 38.912856 ], [ -94.742423, 38.912854 ], [ -94.742276, 38.920191 ] ] ] ] } },
{ "type": "Feature", "properties": { "ZCTA5CE20": "66203", "AFFGEOID20": "860Z200US66203", "GEOID20": "66203", "NAME20": "66203", "LSAD20": "Z5", "ALAND20": 16224015.0, "AWATER20": 10652.0, "price_2012": 136019.71844981963, "price_2026": 325474.85964137292, "log_change": 0.87248535871311184, "pct_change": 1.3928505613062789, "dollar_change": 189455.1411915533, "mci": 30943.24233, "plaza": 10120.41413, "pnl": 13780.6583, "legends": 15711.7119, "lees_summit": 30264.46222, "cbd": 11950.536215, "log_population": 9.8751395170206404, "median_income": 75869.0, "poverty_rate": 0.088976664414531476, "bachelors_only": 0.26386029672747924, "college_plus": 0.37701426847448, "no_college": 0.62298573152552006 }, "geometry": { "type": "MultiPolygon", "coordinates": [ [ [ [ -94.723946, 39.029253 ], [ -94.723905, 39.033742 ], [ -94.723374, 39.033742 ], [ -94.723362, 39.03616 ], [ -94.723892, 39.036167 ], [ -94.723888, 39.036562 ], [ -94.723892, 39.043998 ], [ -94.714536, 39.044004 ], [ -94.709315, 39.043998 ], [ -94.705282, 39.043993 ], [ -94.700535, 39.044036 ], [ -94.698189, 39.04402 ], [ -94.695845, 39.044044 ], [ -94.691617, 39.044047 ], [ -94.686504, 39.044054 ], [ -94.675919, 39.044065 ], [ -94.668937, 39.044073 ], [ -94.667772, 39.044073 ], [ -94.667037, 39.044073 ], [ -94.658844, 39.044038 ], [ -94.665465, 39.042376 ], [ -94.67161, 39.041712 ], [ -94.674562, 39.040882 ], [ -94.680643, 39.03853 ], [ -94.684554, 39.036124 ], [ -94.68646, 39.034232 ], [ -94.68646, 39.034144 ], [ -94.686556, 39.034119 ], [ -94.688946, 39.031208 ], [ -94.6896, 39.03 ], [ -94.691109, 39.025836 ], [ -94.69188, 39.022214 ], [ -94.692931, 39.018401 ], [ -94.693286, 39.014911 ], [ -94.694013, 39.007626 ], [ -94.694603, 39.002417 ], [ -94.69565, 38.996474 ], [ -94.698102, 38.993014 ], [ -94.701021, 38.992993 ], [ -94.701592, 38.992992 ], [ -94.701847, 38.993984 ], [ -94.705099, 38.993929 ], [ -94.705099, 38.992965 ], [ -94.714443, 38.992901 ], [ -94.718682, 38.99287 ], [ -94.718684, 38.994389 ], [ -94.720244, 38.99505 ], [ -94.720258, 38.997722 ], [ -94.723748, 38.997694 ], [ -94.723767, 39.000114 ], [ -94.723784, 39.002023 ], [ -94.723786, 39.003212 ], [ -94.72379, 39.003884 ], [ -94.723815, 39.007395 ], [ -94.723837, 39.011023 ], [ -94.718562, 39.011057 ], [ -94.71855, 39.012141 ], [ -94.718196, 39.012595 ], [ -94.718228, 39.014798 ], [ -94.720974, 39.014779 ], [ -94.723861, 39.014756 ], [ -94.723906, 39.02283 ], [ -94.72392, 39.025149 ], [ -94.722735, 39.025167 ], [ -94.722775, 39.027431 ], [ -94.722291, 39.027443 ], [ -94.722291, 39.028184 ], [ -94.722769, 39.028168 ], [ -94.722786, 39.028533 ], [ -94.723941, 39.028526 ], [ -94.723946, 39.029253 ] ] ] ] } },
{ "type": "Feature", "properties": { "ZCTA5CE20": "66204", "AFFGEOID20": "860Z200US66204", "GEOID20": "66204", "NAME20": "66204", "LSAD20": "Z5", "ALAND20": 12824347.0, "AWATER20": 25219.0, "price_2012": 128422.074861815, "price_2026": 313181.9938565183, "log_change": 0.89146217250574189, "pct_change": 1.4386928352739128, "dollar_change": 184759.9189947033, "mci": 34297.68544, "plaza": 9234.923013, "pnl": 14437.09601, "legends": 19712.22136, "lees_summit": 26849.03569, "cbd": 11836.0095115, "log_population": 9.7952339670958732, "median_income": 75889.0, "poverty_rate": 0.095833097755413585, "bachelors_only": 0.31342494714587738, "college_plus": 0.47304439746300209, "no_college": 0.52695560253699791 }, "geometry": { "type": "MultiPolygon", "coordinates": [ [ [ [ -94.705099, 38.993929 ], [ -94.701847, 38.993984 ], [ -94.701592, 38.992992 ], [ -94.701021, 38.992993 ], [ -94.698102, 38.993014 ], [ -94.69565, 38.996474 ], [ -94.694603, 39.002417 ], [ -94.694013, 39.007626 ], [ -94.693866, 39.007628 ], [ -94.690553, 39.007648 ], [ -94.690526, 39.006108 ], [ -94.690012, 39.005772 ], [ -94.688444, 39.005862 ], [ -94.68826, 39.006143 ], [ -94.688264, 39.007669 ], [ -94.686453, 39.007684 ], [ -94.678631, 39.007788 ], [ -94.677068, 39.007756 ], [ -94.672233, 39.007787 ], [ -94.672145, 39.007687 ], [ -94.667695, 39.007688 ], [ -94.658377, 39.007655 ], [ -94.650638, 39.00763 ], [ -94.650255, 39.00717 ], [ -94.650255, 39.004625 ], [ -94.651398, 39.004001 ], [ -94.651409, 39.000353 ], [ -94.649064, 39.000351 ], [ -94.649062, 38.996736 ], [ -94.65022, 38.996731 ], [ -94.650192, 38.993106 ], [ -94.658368, 38.993112 ], [ -94.659286, 38.990968 ], [ -94.658377, 38.987673 ], [ -94.658375, 38.985843 ], [ -94.658297, 38.978569 ], [ -94.658303, 38.978246 ], [ -94.658889, 38.978067 ], [ -94.659464, 38.978566 ], [ -94.667653, 38.978548 ], [ -94.675521, 38.978525 ], [ -94.676924, 38.979007 ], [ -94.677018, 38.978041 ], [ -94.678253, 38.978733 ], [ -94.679349, 38.977911 ], [ -94.67949, 38.978526 ], [ -94.682481, 38.978183 ], [ -94.686354, 38.978137 ], [ -94.686359, 38.978519 ], [ -94.691029, 38.9785 ], [ -94.692395, 38.978498 ], [ -94.692311, 38.978189 ], [ -94.693424, 38.977884 ], [ -94.695144, 38.977593 ], [ -94.69514, 38.978464 ], [ -94.695704, 38.978466 ], [ -94.697451, 38.978728 ], [ -94.70029, 38.977632 ], [ -94.7003, 38.978297 ], [ -94.701941, 38.978392 ], [ -94.703745, 38.978388 ], [ -94.705023, 38.979369 ], [ -94.705045, 38.984823 ], [ -94.705046, 38.985629 ], [ -94.705072, 38.988219 ], [ -94.705099, 38.992965 ], [ -94.705099, 38.993929 ] ] ] ] } },
{ "type": "Feature", "properties": { "ZCTA5CE20": "66205", "AFFGEOID20": "860Z200US66205", "GEOID20": "66205", "NAME20": "66205", "LSAD20": "Z5", "ALAND20": 9667886.0, "AWATER20": 0.0, "price_2012": 169789.02140994114, "price_2026": 396509.14938833233, "log_change": 0.84814250040953709, "pct_change": 1.3353049926060574, "dollar_change": 226720.12797839119, "mci": 30784.16175, "plaza": 3591.443929, "pnl": 8658.610416, "legends": 20158.25024, "lees_summit": 24957.6834, "cbd": 6125.0271725000002, "log_population": 9.5490957146119637, "median_income": 102449.0, "poverty_rate": 0.062921026229038265, "bachelors_only": 0.40391969407265776, "college_plus": 0.69521988527724665, "no_college": 0.30478011472275335 }, "geometry": { "type": "MultiPolygon", "coordinates": [ [ [ [ -94.649141, 39.044029 ], [ -94.64907, 39.044029 ], [ -94.643874, 39.044038 ], [ -94.643776, 39.044041 ], [ -94.639514, 39.044046 ], [ -94.637613, 39.044061 ], [ -94.634043, 39.044068 ], [ -94.629835, 39.044076 ], [ -94.628219, 39.04407 ], [ -94.621224, 39.044064 ], [ -94.611901, 39.044084 ], [ -94.607517440316101, 39.044085749416602 ], [ -94.607534039453995, 39.042819718079102 ], [ -94.607560102038804, 39.040831901045401 ], [ -94.607610761586699, 39.036968051266797 ], [ -94.6076467216309, 39.034225346013002 ], [ -94.607646846178497, 39.0342158466566 ], [ -94.6076513849534, 39.0338696701643 ], [ -94.607658132125707, 39.033355057199003 ], [ -94.607680784170896, 39.031627365116996 ], [ -94.610028, 39.030834 ], [ -94.610118, 39.028072 ], [ -94.610801, 39.027808 ], [ -94.612222, 39.026445 ], [ -94.616415, 39.024537 ], [ -94.616514, 39.024844 ], [ -94.617525, 39.025759 ], [ -94.619995, 39.026188 ], [ -94.620343, 39.026305 ], [ -94.62333, 39.027952 ], [ -94.622945, 39.025284 ], [ -94.621191, 39.024301 ], [ -94.622948, 39.021957 ], [ -94.622465, 39.018992 ], [ -94.624786, 39.017846 ], [ -94.62526, 39.015106 ], [ -94.625826, 39.015103 ], [ -94.630428, 39.015087 ], [ -94.630404, 39.01563 ], [ -94.634758, 39.015505 ], [ -94.638031, 39.015471 ], [ -94.639775, 39.015473 ], [ -94.642115, 39.015446 ], [ -94.642096, 39.014967 ], [ -94.649003, 39.014893 ], [ -94.648986, 39.016068 ], [ -94.648982, 39.017082 ], [ -94.649072, 39.018542 ], [ -94.649062, 39.022289 ], [ -94.649056, 39.024003 ], [ -94.649043, 39.025836 ], [ -94.648289, 39.027809 ], [ -94.648443, 39.028847 ], [ -94.649008, 39.029368 ], [ -94.649018, 39.029488 ], [ -94.64902, 39.029953 ], [ -94.648463, 39.029917 ], [ -94.648491, 39.032741 ], [ -94.64904, 39.032749 ], [ -94.649044, 39.03317 ], [ -94.649055, 39.036786 ], [ -94.649102, 39.039665 ], [ -94.649141, 39.044029 ] ] ] ] } },
{ "type": "Feature", "properties": { "ZCTA5CE20": "64048", "AFFGEOID20": "860Z200US64048", "GEOID20": "64048", "NAME20": "64048", "LSAD20": "Z5", "ALAND20": 118550204.0, "AWATER20": 230273.0, "price_2012": 140514.76804060797, "price_2026": 390977.3422360376, "log_change": 1.0233370162014968, "pct_change": 1.7824644177119331, "dollar_change": 250462.57419542962, "mci": 34471.53021, "plaza": 48793.639, "pnl": 42704.45963, "legends": 53808.30458, "lees_summit": 58775.31455, "cbd": 45749.049314999997, "log_population": 8.3864009011662137, "median_income": 103131.0, "poverty_rate": 0.104242700729927, "bachelors_only": 0.2058920887123469, "college_plus": 0.28136378682555446, "no_college": 0.71863621317444548 }, "geometry": { "type": "MultiPolygon", "coordinates": [ [ [ [ -94.447364, 39.413436 ], [ -94.447342, 39.415262 ], [ -94.444955, 39.418926 ], [ -94.44481, 39.426229 ], [ -94.449549, 39.426239 ], [ -94.449407, 39.443744 ], [ -94.449306, 39.455387 ], [ -94.449176, 39.462741 ], [ -94.444561, 39.463224 ], [ -94.444493, 39.470012 ], [ -94.424784, 39.470102 ], [ -94.424457, 39.484575 ], [ -94.400941, 39.484661 ], [ -94.401247, 39.468708 ], [ -94.399881, 39.467374 ], [ -94.396777, 39.466644 ], [ -94.393421, 39.466423 ], [ -94.389394, 39.465003 ], [ -94.387428, 39.465023 ], [ -94.387055, 39.47225 ], [ -94.382786, 39.471949 ], [ -94.382082, 39.473662 ], [ -94.37565, 39.473673 ], [ -94.373173, 39.477473 ], [ -94.372963, 39.478058 ], [ -94.372928, 39.479895 ], [ -94.3681, 39.480012 ], [ -94.364603, 39.480938 ], [ -94.364434, 39.484566 ], [ -94.358619, 39.484403 ], [ -94.358417, 39.488153 ], [ -94.35373, 39.488451 ], [ -94.353594, 39.491671 ], [ -94.347743, 39.491979 ], [ -94.345318, 39.492085 ], [ -94.345117, 39.499104 ], [ -94.334607, 39.49917 ], [ -94.334864, 39.491971 ], [ -94.330683, 39.492063 ], [ -94.325608, 39.498498 ], [ -94.326844, 39.496464 ], [ -94.326982, 39.494344 ], [ -94.326667, 39.486077 ], [ -94.327278, 39.484798 ], [ -94.327877, 39.483722 ], [ -94.328071, 39.478259 ], [ -94.327746, 39.47762 ], [ -94.323683, 39.477474 ], [ -94.323704, 39.473881 ], [ -94.320113, 39.473918 ], [ -94.319189, 39.472612 ], [ -94.319393, 39.470666 ], [ -94.314328, 39.470541 ], [ -94.305423, 39.484589 ], [ -94.305061, 39.484606 ], [ -94.301292, 39.49068 ], [ -94.299038, 39.49137 ], [ -94.299076, 39.489277 ], [ -94.294415, 39.489307 ], [ -94.294482, 39.48558 ], [ -94.292732, 39.48566 ], [ -94.292752, 39.490183 ], [ -94.285038, 39.490142 ], [ -94.285125, 39.484393 ], [ -94.280454, 39.484337 ], [ -94.256777, 39.48408 ], [ -94.257127, 39.476851 ], [ -94.271303, 39.476869 ], [ -94.272128, 39.474755 ], [ -94.266699, 39.470376 ], [ -94.273143, 39.469719 ], [ -94.273497, 39.466093 ], [ -94.274386, 39.466097 ], [ -94.274504, 39.462459 ], [ -94.275679, 39.462471 ], [ -94.276202, 39.46247 ], [ -94.27634, 39.45528 ], [ -94.285612, 39.455339 ], [ -94.299856, 39.455527 ], [ -94.295675, 39.452277 ], [ -94.294912, 39.450129 ], [ -94.292188, 39.449004 ], [ -94.294267, 39.446032 ], [ -94.295068, 39.42957 ], [ -94.303888, 39.429637 ], [ -94.30395, 39.425999 ], [ -94.299341, 39.425912 ], [ -94.299406, 39.418884 ], [ -94.300119, 39.417786 ], [ -94.302749, 39.41803 ], [ -94.304295, 39.416897 ], [ -94.304271, 39.414857 ], [ -94.305142, 39.4136 ], [ -94.304065, 39.412557 ], [ -94.304586, 39.410718 ], [ -94.3036, 39.410828 ], [ -94.304687, 39.40745 ], [ -94.307181, 39.407435 ], [ -94.307054, 39.404292 ], [ -94.322708, 39.404527 ], [ -94.323237, 39.404539 ], [ -94.341855, 39.404234 ], [ -94.352792, 39.404378 ], [ -94.361172, 39.388846 ], [ -94.362532, 39.390064 ], [ -94.364645, 39.390421 ], [ -94.364952, 39.390737 ], [ -94.365872, 39.392699 ], [ -94.369013, 39.39361 ], [ -94.370349, 39.394726 ], [ -94.370936, 39.39486 ], [ -94.371696, 39.394875 ], [ -94.373274, 39.396226 ], [ -94.374331, 39.399023 ], [ -94.375633, 39.398665 ], [ -94.375405, 39.397459 ], [ -94.378088, 39.395347 ], [ -94.382494, 39.395336 ], [ -94.383192, 39.397364 ], [ -94.386626, 39.397362 ], [ -94.386625, 39.394061 ], [ -94.388222, 39.394628 ], [ -94.398365, 39.394303 ], [ -94.398374, 39.397383 ], [ -94.402983, 39.397394 ], [ -94.402959, 39.398751 ], [ -94.404206, 39.399414 ], [ -94.404262, 39.401913 ], [ -94.407588, 39.401925 ], [ -94.407573, 39.40465 ], [ -94.421474, 39.40476 ], [ -94.42151, 39.406969 ], [ -94.426204, 39.408256 ], [ -94.426214, 39.409736 ], [ -94.423502, 39.409739 ], [ -94.423585, 39.419369 ], [ -94.43429, 39.419355 ], [ -94.434297, 39.412106 ], [ -94.435459, 39.411682 ], [ -94.445732, 39.411309 ], [ -94.449716, 39.410562 ], [ -94.447364, 39.413436 ] ] ] ] } },
{ "type": "Feature", "properties": { "ZCTA5CE20": "64054", "AFFGEOID20": "860Z200US64054", "GEOID20": "64054", "NAME20": "64054", "LSAD20": "Z5", "ALAND20": 7965434.0, "AWATER20": 468216.0, "price_2012": 44291.070748085098, "price_2026": 163274.03570877231, "log_change": 1.304646896352331, "pct_change": 2.6863871871020724, "dollar_change": 118982.96496068721, "mci": 31484.10122, "plaza": 15486.08785, "pnl": 12349.32406, "legends": 33831.22282, "lees_summit": 22848.883, "cbd": 13917.705955000001, "log_population": 8.1738574547736214, "median_income": 59719.0, "poverty_rate": 0.13240714488233626, "bachelors_only": 0.16358024691358025, "college_plus": 0.21103395061728394, "no_college": 0.78896604938271608 }, "geometry": { "type": "MultiPolygon", "coordinates": [ [ [ [ -94.460667, 39.11848 ], [ -94.455432, 39.121544 ], [ -94.455429, 39.123104 ], [ -94.444292, 39.129007 ], [ -94.440642, 39.13078 ], [ -94.431581, 39.137369 ], [ -94.430365, 39.138026 ], [ -94.421497, 39.142359 ], [ -94.419719, 39.141968 ], [ -94.421962, 39.139477 ], [ -94.424518, 39.135348 ], [ -94.424478, 39.13213 ], [ -94.428714, 39.132246 ], [ -94.429606, 39.131665 ], [ -94.430026, 39.126868 ], [ -94.43001, 39.123664 ], [ -94.428729, 39.12362 ], [ -94.428897, 39.11999 ], [ -94.425082, 39.119556 ], [ -94.4269, 39.118364 ], [ -94.425566, 39.116253 ], [ -94.42594, 39.113569 ], [ -94.427092, 39.113396 ], [ -94.427129, 39.112704 ], [ -94.427703, 39.10971 ], [ -94.430909, 39.109801 ], [ -94.431318, 39.102828 ], [ -94.431962, 39.102537 ], [ -94.433295, 39.102584 ], [ -94.432121, 39.102018 ], [ -94.433573, 39.102072 ], [ -94.43619, 39.102153 ], [ -94.436413, 39.094529 ], [ -94.438515, 39.094615 ], [ -94.438491, 39.095471 ], [ -94.441065, 39.095053 ], [ -94.441084, 39.094719 ], [ -94.442845, 39.094788 ], [ -94.444582, 39.09585 ], [ -94.444633, 39.094848 ], [ -94.445668, 39.094873 ], [ -94.447898, 39.094964 ], [ -94.4501, 39.097616 ], [ -94.450116, 39.099678 ], [ -94.4512, 39.102679 ], [ -94.452386, 39.102725 ], [ -94.452839, 39.103266 ], [ -94.452491, 39.109928 ], [ -94.453407, 39.10996 ], [ -94.453241, 39.113566 ], [ -94.452553, 39.113544 ], [ -94.452412, 39.116026 ], [ -94.453126, 39.116053 ], [ -94.453135, 39.117014 ], [ -94.456282, 39.116876 ], [ -94.45646, 39.115418 ], [ -94.458599, 39.116864 ], [ -94.460732, 39.116856 ], [ -94.460667, 39.11848 ] ] ] ] } },
{ "type": "Feature", "properties": { "ZCTA5CE20": "64055", "AFFGEOID20": "860Z200US64055", "GEOID20": "64055", "NAME20": "64055", "LSAD20": "Z5", "ALAND20": 32369628.0, "AWATER20": 78561.0, "price_2012": 96773.610217465044, "price_2026": 228876.82405373585, "log_change": 0.86080963721924597, "pct_change": 1.3650747713081568, "dollar_change": 132103.21383627079, "mci": 39085.83082, "plaza": 16754.01088, "pnl": 16681.36305, "legends": 38300.16265, "lees_summit": 15085.20188, "cbd": 16717.686965000001, "log_population": 10.490162488585556, "median_income": 62439.0, "poverty_rate": 0.13136339492885299, "bachelors_only": 0.16077518757773943, "college_plus": 0.25113349115275047, "no_college": 0.74886650884724948 }, "geometry": { "type": "MultiPolygon", "coordinates": [ [ [ [ -94.474982, 39.061438 ], [ -94.474714, 39.06534 ], [ -94.469791, 39.064159 ], [ -94.471211, 39.061949 ], [ -94.472279, 39.059674 ], [ -94.471638, 39.059623 ], [ -94.467973, 39.059472 ], [ -94.468127, 39.058191 ], [ -94.462858, 39.056082 ], [ -94.461185, 39.056283 ], [ -94.461217, 39.055424 ], [ -94.456681, 39.053579 ], [ -94.456572, 39.053535 ], [ -94.451834, 39.051528 ], [ -94.447553, 39.049464 ], [ -94.442778, 39.047239 ], [ -94.433702, 39.04686 ], [ -94.433671, 39.047605 ], [ -94.434288, 39.047593 ], [ -94.434353, 39.05084 ], [ -94.433974, 39.054163 ], [ -94.433893, 39.058033 ], [ -94.433797, 39.05921 ], [ -94.433641, 39.063482 ], [ -94.433999, 39.065299 ], [ -94.432929, 39.065257 ], [ -94.432828, 39.067407 ], [ -94.430859, 39.0675 ], [ -94.426528, 39.069586 ], [ -94.424062, 39.069845 ], [ -94.423466, 39.069664 ], [ -94.422015, 39.070279 ], [ -94.422278, 39.070708 ], [ -94.423415, 39.071884 ], [ -94.427976, 39.07574 ], [ -94.429866, 39.079706 ], [ -94.421923, 39.079372 ], [ -94.413892, 39.079106 ], [ -94.406908, 39.078904 ], [ -94.405747, 39.078849 ], [ -94.399958, 39.07864 ], [ -94.390667, 39.078302 ], [ -94.379232, 39.077843 ], [ -94.379282, 39.076269 ], [ -94.379093, 39.074319 ], [ -94.380721, 39.074346 ], [ -94.380984, 39.071985 ], [ -94.379693, 39.072131 ], [ -94.377932, 39.069936 ], [ -94.3769, 39.067788 ], [ -94.377208, 39.065889 ], [ -94.376951, 39.065066 ], [ -94.374085, 39.063379 ], [ -94.372124, 39.06088 ], [ -94.367961, 39.05783 ], [ -94.366951, 39.055715 ], [ -94.366766, 39.053998 ], [ -94.366467, 39.053975 ], [ -94.366017, 39.051701 ], [ -94.363699, 39.048162 ], [ -94.36318, 39.047115 ], [ -94.362354, 39.041907 ], [ -94.349825, 39.040201 ], [ -94.349114, 39.038333 ], [ -94.348996, 39.038335 ], [ -94.348727, 39.036774 ], [ -94.348759, 39.036191 ], [ -94.348998, 39.035714 ], [ -94.351103, 39.034831 ], [ -94.351505, 39.033989 ], [ -94.351278, 39.033084 ], [ -94.35136, 39.03262 ], [ -94.351961, 39.031997 ], [ -94.353241, 39.031692 ], [ -94.354526, 39.031997 ], [ -94.355609, 39.031213 ], [ -94.353209, 39.03029 ], [ -94.354575, 39.027883 ], [ -94.354575, 39.026137 ], [ -94.357872, 39.026148 ], [ -94.360341, 39.026221 ], [ -94.36353, 39.026178 ], [ -94.365275, 39.024033 ], [ -94.369874, 39.023962 ], [ -94.37219, 39.022854 ], [ -94.373529, 39.023212 ], [ -94.3744, 39.02271 ], [ -94.374564, 39.019647 ], [ -94.375458, 39.019655 ], [ -94.378439, 39.019703 ], [ -94.381137, 39.020702 ], [ -94.382375, 39.020367 ], [ -94.383044, 39.019503 ], [ -94.384513, 39.018077 ], [ -94.385364, 39.017811 ], [ -94.386924, 39.017632 ], [ -94.386937, 39.017679 ], [ -94.387554, 39.017369 ], [ -94.387974, 39.017978 ], [ -94.388463, 39.018704 ], [ -94.388498, 39.018756 ], [ -94.38876, 39.019449 ], [ -94.38891, 39.020355 ], [ -94.388278, 39.02638 ], [ -94.3875, 39.026348 ], [ -94.387102, 39.03437 ], [ -94.388035, 39.034417 ], [ -94.387997, 39.035298 ], [ -94.401003, 39.035838 ], [ -94.401709, 39.03587 ], [ -94.414531, 39.036488 ], [ -94.41466, 39.03558 ], [ -94.415684, 39.035048 ], [ -94.425029, 39.035205 ], [ -94.425375, 39.026309 ], [ -94.429995, 39.026444 ], [ -94.437686, 39.026777 ], [ -94.437636, 39.029236 ], [ -94.437412, 39.034515 ], [ -94.436819, 39.035238 ], [ -94.436685, 39.035941 ], [ -94.435933, 39.036422 ], [ -94.43566, 39.039815 ], [ -94.433527, 39.039744 ], [ -94.433316, 39.041693 ], [ -94.43888, 39.044864 ], [ -94.443504, 39.047115 ], [ -94.44454, 39.047532 ], [ -94.447586, 39.048753 ], [ -94.448552, 39.048979 ], [ -94.452592, 39.05096 ], [ -94.456686, 39.052789 ], [ -94.461263, 39.054522 ], [ -94.463186, 39.0553 ], [ -94.463467, 39.055107 ], [ -94.46589, 39.055217 ], [ -94.465859, 39.05638 ], [ -94.468176, 39.057316 ], [ -94.468158, 39.058029 ], [ -94.470113, 39.058114 ], [ -94.472529, 39.0591 ], [ -94.472609, 39.059145 ], [ -94.474983, 39.060647 ], [ -94.474982, 39.061438 ] ] ] ] } },
{ "type": "Feature", "properties": { "ZCTA5CE20": "64015", "AFFGEOID20": "860Z200US64015", "GEOID20": "64015", "NAME20": "64015", "LSAD20": "Z5", "ALAND20": 50660127.0, "AWATER20": 2481525.0, "price_2012": 141234.59777378617, "price_2026": 311460.96524479595, "log_change": 0.79085169638800679, "pct_change": 1.2052738504177241, "dollar_change": 170226.36747100978, "mci": 47540.31211, "plaza": 25327.98102, "pnl": 25776.22017, "legends": 47313.52561, "lees_summit": 13791.67073, "cbd": 25552.100595, "log_population": 10.381118271444478, "median_income": 84518.0, "poverty_rate": 0.052005385265662667, "bachelors_only": 0.23299632352941177, "college_plus": 0.359375, "no_college": 0.640625 }, "geometry": { "type": "MultiPolygon", "coordinates": [ [ [ [ -94.352569, 39.031122 ], [ -94.341223, 39.037511 ], [ -94.341159, 39.038854 ], [ -94.341151, 39.039019 ], [ -94.340952, 39.044456 ], [ -94.340946, 39.044587 ], [ -94.337695, 39.045017 ], [ -94.337349, 39.047367 ], [ -94.337188, 39.047362 ], [ -94.332466, 39.047111 ], [ -94.331384, 39.048028 ], [ -94.326531, 39.049178 ], [ -94.320614, 39.051749 ], [ -94.31971, 39.053159 ], [ -94.318045, 39.053743 ], [ -94.319561, 39.054207 ], [ -94.319478, 39.056126 ], [ -94.316831, 39.055771 ], [ -94.316479, 39.061401 ], [ -94.316279, 39.062257 ], [ -94.316039, 39.068696 ], [ -94.312788, 39.068562 ], [ -94.312231, 39.070558 ], [ -94.312094, 39.074669 ], [ -94.310982, 39.078037 ], [ -94.309229, 39.079587 ], [ -94.308953, 39.086027 ], [ -94.306385, 39.084856 ], [ -94.305564, 39.082296 ], [ -94.306383, 39.078301 ], [ -94.304968, 39.074806 ], [ -94.305654, 39.073686 ], [ -94.30521, 39.070616 ], [ -94.303656, 39.069763 ], [ -94.303489, 39.068161 ], [ -94.293304, 39.068047 ], [ -94.293229, 39.071654 ], [ -94.29504, 39.071707 ], [ -94.294834, 39.075365 ], [ -94.292506, 39.075309 ], [ -94.292552, 39.074465 ], [ -94.289799, 39.074007 ], [ -94.290235, 39.071633 ], [ -94.287965, 39.071571 ], [ -94.283451, 39.068704 ], [ -94.278759, 39.068607 ], [ -94.27855, 39.06649 ], [ -94.278526, 39.066305 ], [ -94.27827, 39.064301 ], [ -94.277816, 39.063583 ], [ -94.272743, 39.058393 ], [ -94.270961, 39.05635 ], [ -94.270791, 39.053412 ], [ -94.270813, 39.052824 ], [ -94.271033, 39.047795 ], [ -94.271132, 39.04579 ], [ -94.271483, 39.038297 ], [ -94.272623, 39.038363 ], [ -94.272508, 39.035543 ], [ -94.271599, 39.035517 ], [ -94.271803, 39.030147 ], [ -94.272064, 39.023737 ], [ -94.272342, 39.018214 ], [ -94.272407, 39.016526 ], [ -94.273635, 39.016565 ], [ -94.273749, 39.013348 ], [ -94.273721, 39.012947 ], [ -94.272528, 39.012903 ], [ -94.272628, 39.009261 ], [ -94.272638, 39.009134 ], [ -94.272926, 39.001944 ], [ -94.272951, 39.000954 ], [ -94.273186, 38.995805 ], [ -94.273282, 38.993337 ], [ -94.273447, 38.989537 ], [ -94.273552, 38.987479 ], [ -94.273613, 38.986558 ], [ -94.273738, 38.983934 ], [ -94.273843, 38.982014 ], [ -94.273931, 38.980255 ], [ -94.274078, 38.974527 ], [ -94.274151, 38.973076 ], [ -94.274492, 38.965714 ], [ -94.274862, 38.958466 ], [ -94.27494, 38.958468 ], [ -94.275849, 38.958499 ], [ -94.279912, 38.958568 ], [ -94.298162, 38.959027 ], [ -94.297869, 38.966482 ], [ -94.297723, 38.970002 ], [ -94.297696, 38.970449 ], [ -94.29756, 38.972603 ], [ -94.297677, 38.973425 ], [ -94.299359, 38.97369 ], [ -94.298338, 38.975814 ], [ -94.298951, 38.979566 ], [ -94.30016, 38.980928 ], [ -94.303082, 38.982328 ], [ -94.305319, 38.984232 ], [ -94.306807, 38.982429 ], [ -94.306287, 38.985172 ], [ -94.308145, 38.983796 ], [ -94.309355, 38.984126 ], [ -94.308085, 38.985673 ], [ -94.310322, 38.987597 ], [ -94.311073, 38.989224 ], [ -94.312841, 38.98828 ], [ -94.31426, 38.985676 ], [ -94.314107, 38.982943 ], [ -94.314934, 38.984714 ], [ -94.317217, 38.983475 ], [ -94.319235, 38.981388 ], [ -94.330381, 38.981759 ], [ -94.329652, 38.981131 ], [ -94.331753, 38.980315 ], [ -94.334539, 38.980766 ], [ -94.334486, 38.981745 ], [ -94.334384, 38.983845 ], [ -94.33426, 38.986408 ], [ -94.334183, 38.988024 ], [ -94.333418, 38.988191 ], [ -94.330897, 38.988363 ], [ -94.329488, 38.988791 ], [ -94.326283, 38.988953 ], [ -94.318628, 38.991439 ], [ -94.316154, 38.993983 ], [ -94.314851, 38.994019 ], [ -94.312016, 38.995622 ], [ -94.312193, 38.997335 ], [ -94.314144, 38.996677 ], [ -94.31155, 39.000323 ], [ -94.315968, 39.001786 ], [ -94.317221, 39.002848 ], [ -94.319595, 39.002556 ], [ -94.321175, 39.003694 ], [ -94.326146, 39.003571 ], [ -94.327859, 39.004124 ], [ -94.329159, 39.005453 ], [ -94.328971, 39.006167 ], [ -94.32615, 39.006879 ], [ -94.330085, 39.00812 ], [ -94.329858, 39.01136 ], [ -94.330941, 39.013548 ], [ -94.329316, 39.014904 ], [ -94.331628, 39.014921 ], [ -94.332981, 39.015693 ], [ -94.332743, 39.02149 ], [ -94.3328, 39.021925 ], [ -94.339066, 39.023454 ], [ -94.343626, 39.025482 ], [ -94.343493, 39.02573 ], [ -94.343491, 39.025882 ], [ -94.343482, 39.026976 ], [ -94.345346, 39.027291 ], [ -94.349056, 39.029204 ], [ -94.353209, 39.03029 ], [ -94.352569, 39.031122 ] ] ] ] } },
{ "type": "Feature", "properties": { "ZCTA5CE20": "64017", "AFFGEOID20": "860Z200US64017", "GEOID20": "64017", "NAME20": "64017", "LSAD20": "Z5", "ALAND20": 54804125.0, "AWATER20": 1220469.0, "price_2012": 50164.158036588677, "price_2026": 232451.33295041963, "log_change": 1.5333800941181224, "pct_change": 3.6338131057811141, "dollar_change": 182287.17491383094, "mci": 60456.6524, "plaza": 51643.75426, "pnl": 48959.70147, "legends": 69788.79416, "lees_summit": 43982.32077, "cbd": 50301.727865000001, "log_population": 5.8141305318250662, "median_income": 68239.0, "poverty_rate": 0.13134328358208955, "bachelors_only": 0.13148788927335639, "college_plus": 0.15570934256055363, "no_college": 0.84429065743944642 }, "geometry": { "type": "MultiPolygon", "coordinates": [ [ [ [ -94.100105, 39.227641 ], [ -94.097458, 39.230452 ], [ -94.089059, 39.24246 ], [ -94.08848, 39.242274 ], [ -94.087313, 39.242601 ], [ -94.078273, 39.242572 ], [ -94.076531, 39.242292 ], [ -94.071461, 39.242673 ], [ -94.066812, 39.242343 ], [ -94.066878, 39.241068 ], [ -94.066956, 39.235116 ], [ -94.062636, 39.235018 ], [ -94.050974, 39.234831 ], [ -94.050147, 39.234375 ], [ -94.047885, 39.232174 ], [ -94.047759, 39.22757 ], [ -94.032775, 39.22728 ], [ -94.032697, 39.22708 ], [ -94.032581, 39.225638 ], [ -94.032229, 39.225427 ], [ -94.031136, 39.225535 ], [ -94.030651, 39.225718 ], [ -94.029614, 39.226989 ], [ -94.028761, 39.227607 ], [ -94.028413, 39.229498 ], [ -94.024351, 39.229224 ], [ -94.022399, 39.225736 ], [ -94.020991, 39.226008 ], [ -94.019871, 39.223496 ], [ -94.020447, 39.222792 ], [ -94.017759, 39.221496 ], [ -94.016624, 39.221672 ], [ -94.016608, 39.219976 ], [ -94.014784, 39.217832 ], [ -94.012352, 39.21716 ], [ -94.012224, 39.21604 ], [ -94.010624, 39.214984 ], [ -94.011232, 39.214183 ], [ -94.006432, 39.210791 ], [ -94.005425, 39.208872 ], [ -94.004845, 39.209909 ], [ -94.002665, 39.210315 ], [ -93.999352, 39.212377 ], [ -93.997777, 39.21288 ], [ -93.991172, 39.213812 ], [ -93.987525, 39.213737 ], [ -93.978371, 39.217031 ], [ -93.977271, 39.217753 ], [ -93.976932, 39.217273 ], [ -93.997147, 39.209893 ], [ -94.005342, 39.206458 ], [ -94.00899, 39.204362 ], [ -94.007105, 39.202259 ], [ -94.00721, 39.199823 ], [ -94.005396, 39.197698 ], [ -94.001214, 39.198618 ], [ -94.000222, 39.198473 ], [ -93.994661, 39.200251 ], [ -93.988664, 39.201639 ], [ -93.980088, 39.205874 ], [ -93.978963, 39.206046 ], [ -93.977402, 39.205491 ], [ -93.971971, 39.202176 ], [ -93.968047, 39.199284 ], [ -93.964544, 39.195987 ], [ -93.961779, 39.19212 ], [ -93.961479, 39.187525 ], [ -93.962632, 39.183084 ], [ -93.967863, 39.178134 ], [ -93.975348, 39.172737 ], [ -93.981175, 39.170284 ], [ -93.983361, 39.168524 ], [ -93.98626, 39.161261 ], [ -93.986692, 39.155817 ], [ -93.988892, 39.152786 ], [ -93.994273, 39.156385 ], [ -94.000494, 39.158265 ], [ -94.006601, 39.159213 ], [ -94.012482, 39.158726 ], [ -94.018229, 39.157198 ], [ -94.024206, 39.154537 ], [ -94.024751, 39.160696 ], [ -94.025711, 39.165001 ], [ -94.026896, 39.166938 ], [ -94.032911, 39.174253 ], [ -94.034069, 39.175569 ], [ -94.035004, 39.174862 ], [ -94.050064, 39.174502 ], [ -94.051104, 39.176134 ], [ -94.051184, 39.177942 ], [ -94.055898, 39.178132 ], [ -94.055815, 39.178592 ], [ -94.056432, 39.193152 ], [ -94.056432, 39.196419 ], [ -94.061214, 39.199256 ], [ -94.062654, 39.199176 ], [ -94.062686, 39.203112 ], [ -94.070096, 39.203217 ], [ -94.07008, 39.201792 ], [ -94.075846, 39.205493 ], [ -94.077034, 39.20646 ], [ -94.080342, 39.205534 ], [ -94.081493, 39.204004 ], [ -94.087089, 39.205303 ], [ -94.086654, 39.20623 ], [ -94.086894, 39.20855 ], [ -94.087614, 39.21007 ], [ -94.087998, 39.213126 ], [ -94.09035, 39.215062 ], [ -94.093374, 39.218214 ], [ -94.09547, 39.219478 ], [ -94.09731, 39.219798 ], [ -94.099248, 39.220996 ], [ -94.098906, 39.222012 ], [ -94.099046, 39.226544 ], [ -94.100105, 39.227641 ] ] ] ] } },
{ "type": "Feature", "properties": { "ZCTA5CE20": "64037", "AFFGEOID20": "860Z200US64037", "GEOID20": "64037", "NAME20": "64037", "LSAD20": "Z5", "ALAND20": 279168370.0, "AWATER20": 2743797.0, "price_2012": 75448.301868377515, "price_2026": 219399.098739785, "log_change": 1.0674447617462501, "pct_change": 1.9079395202629639, "dollar_change": 143950.79687140748, "mci": 89391.87944, "plaza": 74273.64738, "pnl": 73503.25721, "legends": 95276.31795, "lees_summit": 58318.9444, "cbd": 73888.452294999996, "log_population": 8.7733845967766477, "median_income": 91843.0, "poverty_rate": 0.052813038708666354, "bachelors_only": 0.19077356970185336, "college_plus": 0.29794520547945208, "no_college": 0.70205479452054798 }, "geometry": { "type": "MultiPolygon", "coordinates": [ [ [ [ -93.828967, 39.085607 ], [ -93.828809, 39.089187 ], [ -93.828386, 39.097701 ], [ -93.828269, 39.097753 ], [ -93.824324, 39.097644 ], [ -93.823833, 39.10828 ], [ -93.819865, 39.108738 ], [ -93.819714, 39.112745 ], [ -93.79632, 39.113257 ], [ -93.795901, 39.125834 ], [ -93.795671, 39.126017 ], [ -93.793745, 39.126161 ], [ -93.791206, 39.127191 ], [ -93.790792, 39.136578 ], [ -93.789126, 39.135786 ], [ -93.76755, 39.129161 ], [ -93.767232, 39.141298 ], [ -93.764435, 39.14691 ], [ -93.75272, 39.14662 ], [ -93.752637, 39.149805 ], [ -93.750039, 39.149632 ], [ -93.749582, 39.152402 ], [ -93.748183, 39.15265 ], [ -93.745424, 39.151426 ], [ -93.746429, 39.153691 ], [ -93.747599, 39.154644 ], [ -93.750167, 39.154582 ], [ -93.749554, 39.155725 ], [ -93.747813, 39.156874 ], [ -93.747151, 39.158385 ], [ -93.744469, 39.157837 ], [ -93.743941, 39.158711 ], [ -93.74462, 39.160963 ], [ -93.741883, 39.162239 ], [ -93.741871, 39.163941 ], [ -93.739162, 39.165618 ], [ -93.738444, 39.167988 ], [ -93.704213, 39.16745 ], [ -93.70422, 39.171106 ], [ -93.705117, 39.171988 ], [ -93.703714, 39.172902 ], [ -93.703086, 39.170914 ], [ -93.701964, 39.170519 ], [ -93.701597, 39.17148 ], [ -93.699487, 39.170574 ], [ -93.698075, 39.170607 ], [ -93.6967, 39.171854 ], [ -93.696685, 39.170723 ], [ -93.694258, 39.170607 ], [ -93.693482, 39.172102 ], [ -93.692049, 39.17186 ], [ -93.690977, 39.173288 ], [ -93.687738, 39.17353 ], [ -93.686848, 39.174695 ], [ -93.685846, 39.173267 ], [ -93.684047, 39.172465 ], [ -93.67627, 39.173651 ], [ -93.675205, 39.174277 ], [ -93.672805, 39.174085 ], [ -93.671782, 39.172195 ], [ -93.670018, 39.170706 ], [ -93.667598, 39.170667 ], [ -93.666504, 39.169546 ], [ -93.666335, 39.16797 ], [ -93.664748, 39.16703 ], [ -93.660231, 39.166857 ], [ -93.658432, 39.166242 ], [ -93.656931, 39.165992 ], [ -93.656645, 39.16201 ], [ -93.657027, 39.152253 ], [ -93.65738, 39.14979 ], [ -93.658692, 39.119884 ], [ -93.655054, 39.119476 ], [ -93.658631, 39.116323 ], [ -93.658408, 39.115426 ], [ -93.677687, 39.114001 ], [ -93.677862, 39.108933 ], [ -93.678348, 39.096951 ], [ -93.678666, 39.095343 ], [ -93.679207, 39.095087 ], [ -93.675694, 39.092233 ], [ -93.665957, 39.096203 ], [ -93.664177, 39.096487 ], [ -93.648883, 39.096949 ], [ -93.644604, 39.097665 ], [ -93.64472, 39.096688 ], [ -93.6434, 39.0967 ], [ -93.643475, 39.093862 ], [ -93.641084, 39.093907 ], [ -93.641395, 39.086621 ], [ -93.660142, 39.086973 ], [ -93.660438, 39.079762 ], [ -93.65586, 39.079661 ], [ -93.657002, 39.05958 ], [ -93.659302, 39.058435 ], [ -93.660395, 39.056276 ], [ -93.661685, 39.05553 ], [ -93.665602, 39.054734 ], [ -93.667413, 39.052487 ], [ -93.668266, 39.049719 ], [ -93.667238, 39.049197 ], [ -93.666774, 39.047137 ], [ -93.66409, 39.046724 ], [ -93.662886, 39.045461 ], [ -93.663823, 39.043077 ], [ -93.662471, 39.041857 ], [ -93.663085, 39.040528 ], [ -93.659993, 39.037698 ], [ -93.658789, 39.037764 ], [ -93.657234, 39.034319 ], [ -93.655678, 39.032934 ], [ -93.653981, 39.031747 ], [ -93.653652, 39.031582 ], [ -93.654044, 39.031282 ], [ -93.655521, 39.031016 ], [ -93.655819, 39.030985 ], [ -93.658013, 39.030036 ], [ -93.657589, 39.02981 ], [ -93.659342, 39.029211 ], [ -93.662257, 39.029134 ], [ -93.663863, 39.029305 ], [ -93.665349, 39.028608 ], [ -93.666476, 39.028295 ], [ -93.667652, 39.028031 ], [ -93.66935, 39.027883 ], [ -93.67073, 39.027515 ], [ -93.67135, 39.024944 ], [ -93.669176, 39.021126 ], [ -93.673052, 39.021095 ], [ -93.673392, 39.013801 ], [ -93.677368, 39.013973 ], [ -93.677423, 39.013361 ], [ -93.682613, 39.013483 ], [ -93.682594, 39.014154 ], [ -93.683428, 39.006722 ], [ -93.692338, 39.006645 ], [ -93.692603, 39.001102 ], [ -93.697342, 39.001058 ], [ -93.697498, 38.998156 ], [ -93.697821, 38.997855 ], [ -93.701627, 38.997921 ], [ -93.702071, 38.998112 ], [ -93.702545, 38.998272 ], [ -93.711889, 38.998067 ], [ -93.7132, 38.998125 ], [ -93.713653, 38.99809 ], [ -93.714568, 38.997934 ], [ -93.71682, 38.99684 ], [ -93.717125, 38.99597 ], [ -93.717149, 38.995768 ], [ -93.716529, 38.995517 ], [ -93.711641, 38.993689 ], [ -93.712157, 38.985209 ], [ -93.688987, 38.984906 ], [ -93.689235, 38.977863 ], [ -93.691539, 38.977497 ], [ -93.691795, 38.970697 ], [ -93.694731, 38.970249 ], [ -93.694763, 38.963115 ], [ -93.711108, 38.963386 ], [ -93.711262, 38.956558 ], [ -93.713197, 38.956041 ], [ -93.713301, 38.953581 ], [ -93.713483, 38.948898 ], [ -93.685698, 38.948359 ], [ -93.686234, 38.933823 ], [ -93.687191, 38.911956 ], [ -93.691495, 38.912038 ], [ -93.691896, 38.910698 ], [ -93.691966, 38.904947 ], [ -93.690818, 38.904803 ], [ -93.694553, 38.904803 ], [ -93.694692, 38.904971 ], [ -93.696701, 38.907244 ], [ -93.699197, 38.908985 ], [ -93.700462, 38.908111 ], [ -93.703451, 38.910281 ], [ -93.704794, 38.911456 ], [ -93.704893, 38.913752 ], [ -93.707565, 38.915784 ], [ -93.708164, 38.917421 ], [ -93.711574, 38.918431 ], [ -93.711251, 38.920008 ], [ -93.714676, 38.920877 ], [ -93.715067, 38.912592 ], [ -93.724444, 38.912796 ], [ -93.723733, 38.934485 ], [ -93.735885, 38.934684 ], [ -93.77902, 38.935836 ], [ -93.792884, 38.936253 ], [ -93.794121, 38.938955 ], [ -93.795761, 38.940541 ], [ -93.797733, 38.943821 ], [ -93.797044, 38.965748 ], [ -93.802067, 38.965911 ], [ -93.800033, 38.969062 ], [ -93.799076, 38.973923 ], [ -93.800152, 38.974407 ], [ -93.802742, 38.974215 ], [ -93.808146, 38.971842 ], [ -93.810968, 38.974006 ], [ -93.814578, 38.973556 ], [ -93.814733, 38.972666 ], [ -93.81479, 38.994134 ], [ -93.814249, 38.994983 ], [ -93.810721, 38.995766 ], [ -93.809972, 38.996689 ], [ -93.809744, 39.002744 ], [ -93.791179, 39.002132 ], [ -93.791187, 39.00239 ], [ -93.806246, 39.00295 ], [ -93.80979, 39.004099 ], [ -93.810063, 39.007869 ], [ -93.809633, 39.009801 ], [ -93.808743, 39.024425 ], [ -93.805186, 39.024339 ], [ -93.802546, 39.0251 ], [ -93.800848, 39.024535 ], [ -93.79029, 39.023924 ], [ -93.789396, 39.043351 ], [ -93.785878, 39.043822 ], [ -93.784835, 39.044569 ], [ -93.784478, 39.052901 ], [ -93.779745, 39.052775 ], [ -93.779522, 39.059462 ], [ -93.778349, 39.059927 ], [ -93.775162, 39.059899 ], [ -93.774579, 39.067135 ], [ -93.777329, 39.067167 ], [ -93.777551, 39.072037 ], [ -93.778843, 39.072748 ], [ -93.779371, 39.074752 ], [ -93.779663, 39.074972 ], [ -93.780164, 39.074805 ], [ -93.78084, 39.074738 ], [ -93.790167, 39.074798 ], [ -93.825578, 39.075851 ], [ -93.828522, 39.075775 ], [ -93.827795, 39.077233 ], [ -93.828851, 39.083196 ], [ -93.829042, 39.084221 ], [ -93.828967, 39.085607 ] ] ] ] } },
{ "type": "Feature", "properties": { "ZCTA5CE20": "64021", "AFFGEOID20": "860Z200US64021", "GEOID20": "64021", "NAME20": "64021", "LSAD20": "Z5", "ALAND20": 110267676.0, "AWATER20": 300418.0, "price_2012": 67177.538485394733, "price_2026": 190958.25354372719, "log_change": 1.044715893397008, "pct_change": 1.8425908101000752, "dollar_change": 123780.71505833245, "mci": 96671.97933, "plaza": 84128.03109, "pnl": 82800.68526, "legends": 104397.4662, "lees_summit": 69458.97537, "cbd": 83464.358175000001, "log_population": 6.3508857167147399, "median_income": 97188.0, "poverty_rate": 0.1, "bachelors_only": 0.094182825484764546, "college_plus": 0.16897506925207756, "no_college": 0.8310249307479225 }, "geometry": { "type": "MultiPolygon", "coordinates": [ [ [ [ -93.678666, 39.095343 ], [ -93.678348, 39.096951 ], [ -93.677862, 39.108933 ], [ -93.677687, 39.114001 ], [ -93.658408, 39.115426 ], [ -93.658631, 39.116323 ], [ -93.655054, 39.119476 ], [ -93.658692, 39.119884 ], [ -93.65738, 39.14979 ], [ -93.657027, 39.152253 ], [ -93.656645, 39.16201 ], [ -93.656931, 39.165992 ], [ -93.658432, 39.166242 ], [ -93.660231, 39.166857 ], [ -93.664748, 39.16703 ], [ -93.666335, 39.16797 ], [ -93.666504, 39.169546 ], [ -93.667598, 39.170667 ], [ -93.670018, 39.170706 ], [ -93.671782, 39.172195 ], [ -93.672805, 39.174085 ], [ -93.675205, 39.174277 ], [ -93.675102, 39.18075 ], [ -93.675952, 39.181522 ], [ -93.665451, 39.181435 ], [ -93.665241, 39.19594 ], [ -93.64076, 39.19559 ], [ -93.635814, 39.195022 ], [ -93.625064, 39.193494 ], [ -93.61395, 39.193693 ], [ -93.612419, 39.194024 ], [ -93.613236, 39.18065 ], [ -93.599507, 39.180615 ], [ -93.599246, 39.180428 ], [ -93.600066, 39.166087 ], [ -93.600433, 39.159894 ], [ -93.579146, 39.159029 ], [ -93.578874, 39.158134 ], [ -93.57479, 39.157771 ], [ -93.574613, 39.154307 ], [ -93.566131, 39.153691 ], [ -93.56782, 39.152752 ], [ -93.570748, 39.150675 ], [ -93.573605, 39.148373 ], [ -93.575008, 39.145467 ], [ -93.573956, 39.140633 ], [ -93.572037, 39.139085 ], [ -93.571924, 39.137805 ], [ -93.573948, 39.135673 ], [ -93.575556, 39.131998 ], [ -93.575308, 39.128405 ], [ -93.575584, 39.123508 ], [ -93.574912, 39.120473 ], [ -93.590787, 39.119901 ], [ -93.591526, 39.107698 ], [ -93.587051, 39.107505 ], [ -93.587592, 39.097955 ], [ -93.588512, 39.095483 ], [ -93.589501, 39.078502 ], [ -93.589614, 39.078175 ], [ -93.589739, 39.078092 ], [ -93.590117, 39.070854 ], [ -93.580553, 39.070472 ], [ -93.581416, 39.055869 ], [ -93.581608, 39.053075 ], [ -93.582773, 39.052264 ], [ -93.586202, 39.05252 ], [ -93.58659, 39.047793 ], [ -93.587194, 39.034277 ], [ -93.587389, 39.030779 ], [ -93.588322, 39.031439 ], [ -93.601711, 39.031939 ], [ -93.60163, 39.034086 ], [ -93.603806, 39.036071 ], [ -93.603643, 39.041461 ], [ -93.605911, 39.042383 ], [ -93.606338, 39.035184 ], [ -93.620331, 39.035168 ], [ -93.620586, 39.031441 ], [ -93.625242, 39.031347 ], [ -93.62459, 39.04236 ], [ -93.638438, 39.042518 ], [ -93.639184, 39.043269 ], [ -93.638556, 39.056308 ], [ -93.639376, 39.05703 ], [ -93.642115, 39.057135 ], [ -93.652463, 39.057295 ], [ -93.65347, 39.039192 ], [ -93.648843, 39.038503 ], [ -93.649225, 39.031534 ], [ -93.649459, 39.031303 ], [ -93.649303, 39.0297 ], [ -93.649611, 39.028945 ], [ -93.652179, 39.031044 ], [ -93.653652, 39.031582 ], [ -93.653981, 39.031747 ], [ -93.655678, 39.032934 ], [ -93.657234, 39.034319 ], [ -93.658789, 39.037764 ], [ -93.659993, 39.037698 ], [ -93.663085, 39.040528 ], [ -93.662471, 39.041857 ], [ -93.663823, 39.043077 ], [ -93.662886, 39.045461 ], [ -93.66409, 39.046724 ], [ -93.666774, 39.047137 ], [ -93.667238, 39.049197 ], [ -93.668266, 39.049719 ], [ -93.667413, 39.052487 ], [ -93.665602, 39.054734 ], [ -93.661685, 39.05553 ], [ -93.660395, 39.056276 ], [ -93.659302, 39.058435 ], [ -93.657002, 39.05958 ], [ -93.65586, 39.079661 ], [ -93.660438, 39.079762 ], [ -93.660142, 39.086973 ], [ -93.641395, 39.086621 ], [ -93.641084, 39.093907 ], [ -93.643475, 39.093862 ], [ -93.6434, 39.0967 ], [ -93.64472, 39.096688 ], [ -93.644604, 39.097665 ], [ -93.648883, 39.096949 ], [ -93.664177, 39.096487 ], [ -93.665957, 39.096203 ], [ -93.675694, 39.092233 ], [ -93.679207, 39.095087 ], [ -93.678666, 39.095343 ] ] ] ] } },
{ "type": "Feature", "properties": { "ZCTA5CE20": "64035", "AFFGEOID20": "860Z200US64035", "GEOID20": "64035", "NAME20": "64035", "LSAD20": "Z5", "ALAND20": 166908775.0, "AWATER20": 2929813.0, "price_2012": 42091.14809308316, "price_2026": 195527.69394855303, "log_change": 1.5358645669097193, "pct_change": 3.6453400015639894, "dollar_change": 153436.54585546989, "mci": 77476.79338, "plaza": 72082.11917000001, "pnl": 69041.29079, "legends": 89243.96598, "lees_summit": 63994.05813, "cbd": 70561.70498000001, "log_population": 7.0808678966907816, "median_income": 86756.0, "poverty_rate": 0.089150546677880568, "bachelors_only": 0.098360655737704916, "college_plus": 0.1424968474148802, "no_college": 0.85750315258511978 }, "geometry": { "type": "MultiPolygon", "coordinates": [ [ [ [ -93.890202, 39.249134 ], [ -93.886817, 39.250451 ], [ -93.875998, 39.254661 ], [ -93.875962, 39.257994 ], [ -93.87145, 39.257498 ], [ -93.871539, 39.273735 ], [ -93.871546, 39.279897 ], [ -93.869242, 39.279874 ], [ -93.869234, 39.280373 ], [ -93.866756, 39.280411 ], [ -93.86708, 39.293941 ], [ -93.865693, 39.295547 ], [ -93.863544, 39.296029 ], [ -93.857149, 39.291363 ], [ -93.858414, 39.28857 ], [ -93.855233, 39.286809 ], [ -93.854261, 39.287038 ], [ -93.853378, 39.287908 ], [ -93.853763, 39.290769 ], [ -93.851379, 39.293356 ], [ -93.85356, 39.296468 ], [ -93.855241, 39.30061 ], [ -93.855154, 39.303699 ], [ -93.853536, 39.30814 ], [ -93.849973, 39.309354 ], [ -93.845996, 39.309241 ], [ -93.843021, 39.311096 ], [ -93.842061, 39.312454 ], [ -93.841884, 39.329637 ], [ -93.843428, 39.330465 ], [ -93.859192, 39.330408 ], [ -93.860535, 39.33097 ], [ -93.860717, 39.331618 ], [ -93.860577, 39.351872 ], [ -93.856924, 39.351901 ], [ -93.856701, 39.357218 ], [ -93.855651, 39.358537 ], [ -93.856317, 39.360658 ], [ -93.856292, 39.362503 ], [ -93.855346, 39.363695 ], [ -93.856172, 39.3661 ], [ -93.857937, 39.366278 ], [ -93.858707, 39.367353 ], [ -93.858899, 39.369872 ], [ -93.860842, 39.370258 ], [ -93.863244, 39.374118 ], [ -93.865864, 39.375258 ], [ -93.867182, 39.37739 ], [ -93.8703, 39.378851 ], [ -93.870217, 39.391364 ], [ -93.870822, 39.391894 ], [ -93.874274, 39.392013 ], [ -93.874892, 39.392993 ], [ -93.874961, 39.401731 ], [ -93.875466, 39.402544 ], [ -93.880088, 39.402574 ], [ -93.881343, 39.403551 ], [ -93.881156, 39.409026 ], [ -93.881518, 39.409656 ], [ -93.87066, 39.409968 ], [ -93.864847, 39.4098 ], [ -93.85719, 39.409458 ], [ -93.851363, 39.409671 ], [ -93.842251, 39.409549 ], [ -93.84223, 39.395335 ], [ -93.8155, 39.395242 ], [ -93.814519, 39.395067 ], [ -93.814275, 39.373344 ], [ -93.795943, 39.372948 ], [ -93.795948, 39.366532 ], [ -93.795668, 39.36377 ], [ -93.795988, 39.358554 ], [ -93.785026, 39.358402 ], [ -93.781848, 39.356809 ], [ -93.778773, 39.35632 ], [ -93.777202, 39.355303 ], [ -93.77732, 39.350983 ], [ -93.77712, 39.350088 ], [ -93.795317, 39.347046 ], [ -93.795355, 39.333429 ], [ -93.786085, 39.333284 ], [ -93.786096, 39.322491 ], [ -93.776957, 39.322313 ], [ -93.777139, 39.312259 ], [ -93.772635, 39.312468 ], [ -93.772946, 39.264291 ], [ -93.758891, 39.264219 ], [ -93.742193, 39.264064 ], [ -93.742305, 39.246897 ], [ -93.741951, 39.242797 ], [ -93.74229, 39.24205 ], [ -93.742224, 39.236287 ], [ -93.741863, 39.234945 ], [ -93.741398, 39.222736 ], [ -93.743586, 39.222508 ], [ -93.746643, 39.222985 ], [ -93.751408, 39.222997 ], [ -93.757173, 39.222723 ], [ -93.758707, 39.222942 ], [ -93.758463, 39.207021 ], [ -93.760358, 39.206637 ], [ -93.768834, 39.203783 ], [ -93.774095, 39.201682 ], [ -93.778523, 39.200574 ], [ -93.78181, 39.20019 ], [ -93.784391, 39.200209 ], [ -93.788494, 39.20103 ], [ -93.794502, 39.202984 ], [ -93.799775, 39.205206 ], [ -93.802519, 39.207271 ], [ -93.810917, 39.210937 ], [ -93.818513, 39.213655 ], [ -93.824172, 39.214897 ], [ -93.828992, 39.215257 ], [ -93.840147, 39.215467 ], [ -93.84648, 39.214949 ], [ -93.848971, 39.214541 ], [ -93.855434, 39.212874 ], [ -93.861249, 39.210749 ], [ -93.872089, 39.205937 ], [ -93.873678, 39.205047 ], [ -93.87522, 39.20408 ], [ -93.885122, 39.196075 ], [ -93.878587, 39.222143 ], [ -93.881194, 39.223453 ], [ -93.881193, 39.223765 ], [ -93.88769, 39.227245 ], [ -93.886617, 39.228721 ], [ -93.889949, 39.228448 ], [ -93.890027, 39.235636 ], [ -93.89019, 39.242796 ], [ -93.890579, 39.243116 ], [ -93.890202, 39.249134 ] ] ] ] } },
{ "type": "Feature", "properties": { "ZCTA5CE20": "64075", "AFFGEOID20": "860Z200US64075", "GEOID20": "64075", "NAME20": "64075", "LSAD20": "Z5", "ALAND20": 127684404.0, "AWATER20": 346641.0, "price_2012": 117438.7405576582, "price_2026": 301295.81034151674, "log_change": 0.94217570009315743, "pct_change": 1.5655572335910002, "dollar_change": 183857.06978385855, "mci": 59795.03008, "plaza": 38972.55106, "pnl": 39356.17054, "legends": 60981.82908, "lees_summit": 22609.2251, "cbd": 39164.3608, "log_population": 9.4026947644705121, "median_income": 81573.0, "poverty_rate": 0.080984153461217678, "bachelors_only": 0.15340156532209512, "college_plus": 0.20469596628537026, "no_college": 0.79530403371462977 }, "geometry": { "type": "MultiPolygon", "coordinates": [ [ [ [ -94.226806, 38.964276 ], [ -94.214564, 38.963867 ], [ -94.20748, 38.963047 ], [ -94.207015, 38.963831 ], [ -94.200657, 38.970116 ], [ -94.200268, 38.970818 ], [ -94.199994, 38.971687 ], [ -94.199563, 38.981035 ], [ -94.199358, 38.985229 ], [ -94.20861, 38.985502 ], [ -94.208419, 38.989136 ], [ -94.202393, 38.98887 ], [ -94.202327, 38.990236 ], [ -94.199673, 38.990152 ], [ -94.199095, 38.99121 ], [ -94.199039, 38.992414 ], [ -94.199031, 38.992603 ], [ -94.180674, 38.991846 ], [ -94.180409, 38.999084 ], [ -94.179787, 39.001069 ], [ -94.182975, 39.00306 ], [ -94.185889, 39.003037 ], [ -94.185919, 39.010031 ], [ -94.186186, 39.013371 ], [ -94.186046, 39.015147 ], [ -94.182532, 39.018171 ], [ -94.182601, 39.018343 ], [ -94.182678, 39.018457 ], [ -94.182716, 39.018865 ], [ -94.182781, 39.020333 ], [ -94.182784, 39.020524 ], [ -94.18279, 39.020705 ], [ -94.183282, 39.021229 ], [ -94.183428, 39.021364 ], [ -94.183911, 39.021424 ], [ -94.183977, 39.021415 ], [ -94.184576, 39.021819 ], [ -94.182956, 39.024482 ], [ -94.181193, 39.025304 ], [ -94.179864, 39.024749 ], [ -94.178263, 39.028143 ], [ -94.176513, 39.027138 ], [ -94.17569, 39.028152 ], [ -94.177202, 39.030177 ], [ -94.177194, 39.031832 ], [ -94.176075, 39.032626 ], [ -94.174186, 39.032158 ], [ -94.174069, 39.035273 ], [ -94.188114, 39.035518 ], [ -94.187828, 39.044406 ], [ -94.184858, 39.043885 ], [ -94.183479, 39.042752 ], [ -94.173745, 39.042563 ], [ -94.173626, 39.045823 ], [ -94.170043, 39.045738 ], [ -94.169886, 39.051019 ], [ -94.168742, 39.051014 ], [ -94.168471, 39.059533 ], [ -94.16442, 39.059115 ], [ -94.163737, 39.060235 ], [ -94.163658, 39.064224 ], [ -94.163609, 39.070193 ], [ -94.163022, 39.07882 ], [ -94.1588, 39.078731 ], [ -94.158902, 39.075045 ], [ -94.154335, 39.075433 ], [ -94.149584, 39.075354 ], [ -94.149444, 39.078356 ], [ -94.154146, 39.078846 ], [ -94.154038, 39.081329 ], [ -94.149471, 39.081188 ], [ -94.149172, 39.08589 ], [ -94.150672, 39.085934 ], [ -94.150497, 39.08963 ], [ -94.149168, 39.089607 ], [ -94.146602, 39.089516 ], [ -94.146504, 39.091548 ], [ -94.144303, 39.091859 ], [ -94.134839, 39.091516 ], [ -94.134786, 39.092546 ], [ -94.116096, 39.09207 ], [ -94.115474, 39.10947 ], [ -94.106286, 39.109169 ], [ -94.106056, 39.108747 ], [ -94.106764, 39.091703 ], [ -94.10742, 39.076201 ], [ -94.108145, 39.06233 ], [ -94.108822, 39.04526 ], [ -94.10886, 39.044342 ], [ -94.109106, 39.038424 ], [ -94.109325, 39.033189 ], [ -94.109664, 39.017146 ], [ -94.110005, 39.015087 ], [ -94.110005, 39.014987 ], [ -94.109988, 39.01434 ], [ -94.110136, 39.010383 ], [ -94.110215, 39.00796 ], [ -94.110289, 39.005548 ], [ -94.110319, 39.004557 ], [ -94.101383, 39.004293 ], [ -94.101469, 39.000523 ], [ -94.101696, 38.995731 ], [ -94.106886, 38.995755 ], [ -94.106309, 38.98559 ], [ -94.107152, 38.985622 ], [ -94.107441, 38.984792 ], [ -94.106908, 38.982636 ], [ -94.107216, 38.975281 ], [ -94.111867, 38.975369 ], [ -94.112268, 38.968179 ], [ -94.107517, 38.968052 ], [ -94.107701, 38.964414 ], [ -94.109998, 38.96448 ], [ -94.110179, 38.960859 ], [ -94.107977, 38.960792 ], [ -94.108055, 38.958994 ], [ -94.105711, 38.958927 ], [ -94.105778, 38.957116 ], [ -94.102155, 38.956952 ], [ -94.10184, 38.953483 ], [ -94.09902, 38.953411 ], [ -94.099187, 38.949718 ], [ -94.095653, 38.949619 ], [ -94.09482, 38.948528 ], [ -94.092925, 38.947968 ], [ -94.091892, 38.946798 ], [ -94.089661, 38.945875 ], [ -94.090388, 38.941397 ], [ -94.08663, 38.941348 ], [ -94.086765, 38.938525 ], [ -94.088113, 38.938568 ], [ -94.088319, 38.934971 ], [ -94.087185, 38.934928 ], [ -94.087382, 38.931312 ], [ -94.081608, 38.93112 ], [ -94.081803, 38.927524 ], [ -94.091077, 38.927846 ], [ -94.091298, 38.924259 ], [ -94.077438, 38.923786 ], [ -94.077567, 38.916583 ], [ -94.110187, 38.917608 ], [ -94.113306, 38.917481 ], [ -94.114175, 38.917304 ], [ -94.11418, 38.917995 ], [ -94.133118, 38.918635 ], [ -94.135512, 38.91938 ], [ -94.135328, 38.921919 ], [ -94.137283, 38.921985 ], [ -94.137173, 38.923872 ], [ -94.135317, 38.923803 ], [ -94.13496, 38.930719 ], [ -94.132585, 38.930673 ], [ -94.132476, 38.932824 ], [ -94.132642, 38.933425 ], [ -94.137166, 38.936229 ], [ -94.14169, 38.937632 ], [ -94.146748, 38.937671 ], [ -94.15207, 38.94044 ], [ -94.153941, 38.940717 ], [ -94.161291, 38.940667 ], [ -94.169317, 38.940959 ], [ -94.168368, 38.958119 ], [ -94.170196, 38.956758 ], [ -94.174937, 38.956231 ], [ -94.178473, 38.954323 ], [ -94.18062, 38.954289 ], [ -94.182519, 38.952973 ], [ -94.183014, 38.941404 ], [ -94.192324, 38.941692 ], [ -94.192547, 38.938117 ], [ -94.199401, 38.938273 ], [ -94.199561, 38.935359 ], [ -94.201099, 38.931303 ], [ -94.201714, 38.931122 ], [ -94.20216, 38.931036 ], [ -94.202189, 38.928921 ], [ -94.20311, 38.920639 ], [ -94.203209, 38.920209 ], [ -94.207601, 38.920329 ], [ -94.216483, 38.920525 ], [ -94.215475, 38.9416 ], [ -94.215448, 38.942408 ], [ -94.215363, 38.943983 ], [ -94.217756, 38.944059 ], [ -94.217339, 38.949634 ], [ -94.215036, 38.949569 ], [ -94.214679, 38.956377 ], [ -94.216418, 38.955749 ], [ -94.218687, 38.956131 ], [ -94.218516, 38.957735 ], [ -94.217415, 38.95763 ], [ -94.218682, 38.96079 ], [ -94.220035, 38.959061 ], [ -94.222439, 38.958998 ], [ -94.2258, 38.959713 ], [ -94.227418, 38.962134 ], [ -94.226806, 38.964276 ] ] ] ] } },
{ "type": "Feature", "properties": { "ZCTA5CE20": "64076", "AFFGEOID20": "860Z200US64076", "GEOID20": "64076", "NAME20": "64076", "LSAD20": "Z5", "ALAND20": 322006233.0, "AWATER20": 2652624.0, "price_2012": 100966.53654959278, "price_2026": 269713.17611132422, "log_change": 0.98256994299656597, "pct_change": 1.6713125489735541, "dollar_change": 168746.63956173143, "mci": 75564.40728, "plaza": 56395.10384, "pnl": 56563.73445, "legends": 78287.52484, "lees_summit": 38733.06502, "cbd": 56479.419145000007, "log_population": 9.171911345356401, "median_income": 93008.0, "poverty_rate": 0.073249738766980141, "bachelors_only": 0.16360832690824981, "college_plus": 0.274325366229761, "no_college": 0.725674633770239 }, "geometry": { "type": "MultiPolygon", "coordinates": [ [ [ [ -94.05552, 38.996067 ], [ -94.055521, 38.996547 ], [ -94.055377, 38.996542 ], [ -94.05514, 39.001494 ], [ -94.055142, 39.002388 ], [ -94.05511, 39.003324 ], [ -94.03533, 39.002526 ], [ -94.034994, 39.010646 ], [ -94.034381, 39.024421 ], [ -94.043069, 39.025163 ], [ -94.044988, 39.024859 ], [ -94.053721, 39.02524 ], [ -94.053906, 39.031931 ], [ -94.053366, 39.032541 ], [ -94.048456, 39.032548 ], [ -94.04816, 39.039296 ], [ -94.043439, 39.039399 ], [ -94.042887, 39.051051 ], [ -94.04462, 39.052471 ], [ -94.045166, 39.05583 ], [ -94.044467, 39.057399 ], [ -94.044851, 39.060349 ], [ -94.045591, 39.06144 ], [ -94.037769, 39.060953 ], [ -94.037402, 39.068398 ], [ -94.032755, 39.071608 ], [ -94.032227, 39.071777 ], [ -94.032068, 39.075181 ], [ -94.031673, 39.082353 ], [ -94.022357, 39.08222 ], [ -94.021803, 39.087922 ], [ -94.022172, 39.090848 ], [ -94.021699, 39.092999 ], [ -94.017876, 39.091592 ], [ -94.009304, 39.091587 ], [ -94.007578, 39.090728 ], [ -94.007657, 39.092061 ], [ -94.004514, 39.092513 ], [ -94.002542, 39.092389 ], [ -94.001273, 39.090473 ], [ -93.999443, 39.089479 ], [ -93.997006, 39.091859 ], [ -93.996117, 39.091074 ], [ -93.997371, 39.089551 ], [ -93.996052, 39.088162 ], [ -93.996952, 39.085998 ], [ -93.999637, 39.085606 ], [ -94.001896, 39.084511 ], [ -94.001768, 39.083274 ], [ -94.002961, 39.082615 ], [ -94.001428, 39.081262 ], [ -94.001599, 39.07768 ], [ -93.999573, 39.076949 ], [ -93.999987, 39.075977 ], [ -94.001761, 39.07598 ], [ -94.001722, 39.074294 ], [ -93.980769, 39.073816 ], [ -93.976, 39.073678 ], [ -93.966682, 39.074307 ], [ -93.964209, 39.074788 ], [ -93.962309, 39.075869 ], [ -93.959013, 39.078591 ], [ -93.955045, 39.08002 ], [ -93.953895, 39.080112 ], [ -93.938332, 39.07954 ], [ -93.938401, 39.076404 ], [ -93.937495, 39.075815 ], [ -93.931073, 39.075499 ], [ -93.930663, 39.072332 ], [ -93.926881, 39.071935 ], [ -93.917258, 39.07163 ], [ -93.916921, 39.078846 ], [ -93.903101, 39.078373 ], [ -93.884348, 39.077744 ], [ -93.884414, 39.075749 ], [ -93.888217, 39.064405 ], [ -93.889861, 39.061853 ], [ -93.890465, 39.059308 ], [ -93.890274, 39.056729 ], [ -93.889136, 39.054013 ], [ -93.887978, 39.052408 ], [ -93.888163, 39.048678 ], [ -93.886255, 39.043431 ], [ -93.88618, 39.038805 ], [ -93.876858, 39.038379 ], [ -93.877706, 39.019379 ], [ -93.849972, 39.018383 ], [ -93.850285, 39.011088 ], [ -93.850514, 39.005528 ], [ -93.847284, 39.005232 ], [ -93.844204, 39.004403 ], [ -93.812165, 39.003162 ], [ -93.80979, 39.004099 ], [ -93.806246, 39.00295 ], [ -93.791187, 39.00239 ], [ -93.791179, 39.002132 ], [ -93.809744, 39.002744 ], [ -93.887885, 39.005736 ], [ -93.887998, 39.004094 ], [ -93.884825, 39.005041 ], [ -93.862931, 39.004275 ], [ -93.858105, 39.003335 ], [ -93.853611, 39.003115 ], [ -93.850607, 39.003658 ], [ -93.851015, 38.995014 ], [ -93.850058, 38.994379 ], [ -93.850371, 38.989276 ], [ -93.85852, 38.989505 ], [ -93.858343, 38.988361 ], [ -93.856913, 38.986785 ], [ -93.854097, 38.986374 ], [ -93.85304, 38.983408 ], [ -93.853355, 38.981216 ], [ -93.85277, 38.980002 ], [ -93.850533, 38.979943 ], [ -93.848006, 38.979169 ], [ -93.846273, 38.976154 ], [ -93.842192, 38.976575 ], [ -93.842541, 38.967237 ], [ -93.833784, 38.967054 ], [ -93.82875, 38.966746 ], [ -93.827756, 38.966194 ], [ -93.829318, 38.964815 ], [ -93.832948, 38.963348 ], [ -93.836063, 38.95893 ], [ -93.838292, 38.955134 ], [ -93.838941, 38.945366 ], [ -93.81629, 38.944625 ], [ -93.816661, 38.937196 ], [ -93.834719, 38.937909 ], [ -93.836319, 38.908709 ], [ -93.849987, 38.909057 ], [ -93.850071, 38.90891 ], [ -93.85158, 38.882849 ], [ -93.863177, 38.883183 ], [ -93.864973, 38.886236 ], [ -93.864152, 38.88823 ], [ -93.868975, 38.890008 ], [ -93.869454, 38.891387 ], [ -93.872118, 38.891945 ], [ -93.872675, 38.894335 ], [ -93.872269, 38.895725 ], [ -93.873943, 38.896927 ], [ -93.875531, 38.899773 ], [ -93.879487, 38.902005 ], [ -93.880624, 38.903181 ], [ -93.885418, 38.903897 ], [ -93.887435, 38.905486 ], [ -93.887364, 38.910312 ], [ -93.911622, 38.911234 ], [ -93.912162, 38.899894 ], [ -93.916346, 38.900131 ], [ -93.917987, 38.879647 ], [ -93.918424, 38.880948 ], [ -93.920493, 38.88238 ], [ -93.922566, 38.883094 ], [ -93.922964, 38.882709 ], [ -93.92303, 38.882051 ], [ -93.923987, 38.881854 ], [ -93.924304, 38.881167 ], [ -93.924213, 38.87892 ], [ -93.92344, 38.877102 ], [ -93.922632, 38.876344 ], [ -93.922613, 38.874802 ], [ -93.927098, 38.874852 ], [ -93.928127, 38.874874 ], [ -93.928073, 38.87571 ], [ -93.930903, 38.87685 ], [ -93.93486, 38.875542 ], [ -93.938802, 38.877718 ], [ -93.939399, 38.879789 ], [ -93.941852, 38.880959 ], [ -93.943749, 38.880085 ], [ -93.945057, 38.881326 ], [ -93.9437, 38.883458 ], [ -93.945598, 38.885821 ], [ -93.946263, 38.875432 ], [ -93.946585, 38.871767 ], [ -93.947397, 38.87189 ], [ -93.964682, 38.871963 ], [ -93.979067, 38.872429 ], [ -93.980466, 38.872735 ], [ -93.979843, 38.873616 ], [ -93.979093, 38.885874 ], [ -93.977535, 38.887109 ], [ -93.973841, 38.886982 ], [ -93.974258, 38.887544 ], [ -93.973979, 38.892547 ], [ -93.977903, 38.892651 ], [ -93.977637, 38.898024 ], [ -93.983306, 38.898307 ], [ -93.983095, 38.902247 ], [ -94.020638, 38.903737 ], [ -94.020359, 38.910239 ], [ -94.013103, 38.910763 ], [ -94.012821, 38.914486 ], [ -94.03594, 38.915144 ], [ -94.035582, 38.921322 ], [ -94.034132, 38.922383 ], [ -94.03093, 38.92231 ], [ -94.029892, 38.944121 ], [ -94.029531, 38.951223 ], [ -94.028069, 38.952965 ], [ -94.024985, 38.952915 ], [ -94.024723, 38.955207 ], [ -94.025256, 38.9558 ], [ -94.024685, 38.958041 ], [ -94.025831, 38.960283 ], [ -94.027604, 38.960415 ], [ -94.029313, 38.962222 ], [ -94.031767, 38.963844 ], [ -94.031577, 38.964563 ], [ -94.033088, 38.970144 ], [ -94.03139, 38.973308 ], [ -94.042436, 38.973742 ], [ -94.04213, 38.979539 ], [ -94.041572, 38.980904 ], [ -94.039882, 38.981711 ], [ -94.037051, 38.985317 ], [ -94.036958, 38.987145 ], [ -94.039235, 38.988087 ], [ -94.039456, 38.988133 ], [ -94.055746, 38.988745 ], [ -94.05552, 38.996067 ] ] ] ] } },
{ "type": "Feature", "properties": { "ZCTA5CE20": "64077", "AFFGEOID20": "860Z200US64077", "GEOID20": "64077", "NAME20": "64077", "LSAD20": "Z5", "ALAND20": 177439884.0, "AWATER20": 5103793.0, "price_2012": 56678.820958681303, "price_2026": 231528.21034245999, "log_change": 1.4073011121436689, "pct_change": 3.0849157838206156, "dollar_change": 174849.38938377867, "mci": 50696.86512, "plaza": 43970.56759, "pnl": 40606.9403, "legends": 60819.76772, "lees_summit": 40167.12609, "cbd": 42288.753945000004, "log_population": 7.4175804024145444, "median_income": 75956.0, "poverty_rate": 0.055923030667468433, "bachelors_only": 0.07177814029363784, "college_plus": 0.13621533442088091, "no_college": 0.86378466557911904 }, "geometry": { "type": "MultiPolygon", "coordinates": [ [ [ [ -94.278225, 39.24506 ], [ -94.278086, 39.252069 ], [ -94.277948, 39.258607 ], [ -94.274392, 39.25893 ], [ -94.270268, 39.258838 ], [ -94.263932, 39.25956 ], [ -94.259126, 39.261215 ], [ -94.258292, 39.264044 ], [ -94.255441, 39.264644 ], [ -94.249483, 39.264988 ], [ -94.244616, 39.264992 ], [ -94.241159, 39.264393 ], [ -94.234709, 39.259736 ], [ -94.231671, 39.255462 ], [ -94.230734, 39.253132 ], [ -94.230716, 39.250932 ], [ -94.232528, 39.25064 ], [ -94.233109, 39.248061 ], [ -94.235087, 39.245721 ], [ -94.239766, 39.242141 ], [ -94.243534, 39.240447 ], [ -94.245628, 39.238433 ], [ -94.2341, 39.238135 ], [ -94.226279, 39.237356 ], [ -94.226264, 39.244009 ], [ -94.221672, 39.243926 ], [ -94.221633, 39.256732 ], [ -94.216663, 39.254684 ], [ -94.212112, 39.254388 ], [ -94.212129, 39.265455 ], [ -94.204075, 39.265284 ], [ -94.198763, 39.263844 ], [ -94.196795, 39.264164 ], [ -94.196844, 39.262307 ], [ -94.198684, 39.260867 ], [ -94.195179, 39.260979 ], [ -94.194043, 39.262803 ], [ -94.192443, 39.261811 ], [ -94.192524, 39.260195 ], [ -94.19142, 39.259715 ], [ -94.186779, 39.260835 ], [ -94.184347, 39.259284 ], [ -94.181803, 39.258644 ], [ -94.180699, 39.260212 ], [ -94.180635, 39.26266 ], [ -94.179419, 39.261476 ], [ -94.176971, 39.260772 ], [ -94.175611, 39.259572 ], [ -94.174075, 39.259396 ], [ -94.172779, 39.261268 ], [ -94.171659, 39.261252 ], [ -94.172537, 39.261885 ], [ -94.17889, 39.262115 ], [ -94.18074, 39.263118 ], [ -94.185678, 39.26418 ], [ -94.18591, 39.265132 ], [ -94.186352, 39.26543 ], [ -94.189837, 39.265556 ], [ -94.192628, 39.266702 ], [ -94.192903, 39.267154 ], [ -94.192898, 39.272653 ], [ -94.190695, 39.276151 ], [ -94.18349, 39.287534 ], [ -94.183344, 39.288096 ], [ -94.183379, 39.288487 ], [ -94.181915, 39.289013 ], [ -94.181643, 39.291829 ], [ -94.179931, 39.291109 ], [ -94.177499, 39.292613 ], [ -94.175835, 39.294981 ], [ -94.174715, 39.295141 ], [ -94.172251, 39.293893 ], [ -94.170747, 39.294565 ], [ -94.170635, 39.293461 ], [ -94.167515, 39.294757 ], [ -94.167451, 39.295925 ], [ -94.165179, 39.296325 ], [ -94.165595, 39.298597 ], [ -94.164156, 39.298917 ], [ -94.162121, 39.301387 ], [ -94.150101, 39.301529 ], [ -94.150063, 39.307374 ], [ -94.149571, 39.308193 ], [ -94.135802, 39.308171 ], [ -94.135956, 39.297164 ], [ -94.12798, 39.299078 ], [ -94.124996, 39.300218 ], [ -94.112689, 39.303056 ], [ -94.112333, 39.308543 ], [ -94.106791, 39.305373 ], [ -94.104915, 39.305076 ], [ -94.103417, 39.305899 ], [ -94.098498, 39.30711 ], [ -94.098717, 39.304317 ], [ -94.098567, 39.303738 ], [ -94.098484, 39.300672 ], [ -94.095429, 39.299243 ], [ -94.085786, 39.29941 ], [ -94.085799, 39.297367 ], [ -94.079456, 39.293148 ], [ -94.079443, 39.291676 ], [ -94.07644, 39.289564 ], [ -94.089903, 39.289614 ], [ -94.092165, 39.289185 ], [ -94.092175, 39.286024 ], [ -94.093357, 39.284681 ], [ -94.097213, 39.281637 ], [ -94.097595, 39.279142 ], [ -94.098153, 39.276349 ], [ -94.097093, 39.275845 ], [ -94.096797, 39.273465 ], [ -94.094353, 39.271979 ], [ -94.092026, 39.269805 ], [ -94.09438, 39.266463 ], [ -94.096146, 39.266257 ], [ -94.097738, 39.264689 ], [ -94.099501, 39.263029 ], [ -94.098176, 39.261702 ], [ -94.099, 39.26042 ], [ -94.098615, 39.257765 ], [ -94.099734, 39.256689 ], [ -94.100586, 39.254446 ], [ -94.099849, 39.253302 ], [ -94.099422, 39.24927 ], [ -94.101182, 39.248582 ], [ -94.098878, 39.243878 ], [ -94.097374, 39.243398 ], [ -94.09811, 39.241254 ], [ -94.099326, 39.24119 ], [ -94.099463, 39.239768 ], [ -94.092021, 39.243315 ], [ -94.089059, 39.24246 ], [ -94.097458, 39.230452 ], [ -94.100105, 39.227641 ], [ -94.099046, 39.226544 ], [ -94.098906, 39.222012 ], [ -94.099248, 39.220996 ], [ -94.09731, 39.219798 ], [ -94.09547, 39.219478 ], [ -94.093374, 39.218214 ], [ -94.09035, 39.215062 ], [ -94.087998, 39.213126 ], [ -94.087614, 39.21007 ], [ -94.086894, 39.20855 ], [ -94.086654, 39.20623 ], [ -94.087089, 39.205303 ], [ -94.081493, 39.204004 ], [ -94.080342, 39.205534 ], [ -94.077034, 39.20646 ], [ -94.075846, 39.205493 ], [ -94.07008, 39.201792 ], [ -94.070096, 39.203217 ], [ -94.062686, 39.203112 ], [ -94.062654, 39.199176 ], [ -94.061214, 39.199256 ], [ -94.056432, 39.196419 ], [ -94.056432, 39.193152 ], [ -94.055815, 39.178592 ], [ -94.055898, 39.178132 ], [ -94.051184, 39.177942 ], [ -94.051104, 39.176134 ], [ -94.050064, 39.174502 ], [ -94.035004, 39.174862 ], [ -94.034069, 39.175569 ], [ -94.032911, 39.174253 ], [ -94.026896, 39.166938 ], [ -94.025711, 39.165001 ], [ -94.024751, 39.160696 ], [ -94.024206, 39.154537 ], [ -94.025662, 39.153881 ], [ -94.027379, 39.152853 ], [ -94.028708, 39.152132 ], [ -94.036782, 39.14732 ], [ -94.042958, 39.14252 ], [ -94.045566, 39.14084 ], [ -94.051166, 39.13804 ], [ -94.056638, 39.135544 ], [ -94.059118, 39.134801 ], [ -94.062463, 39.13428 ], [ -94.072991, 39.134024 ], [ -94.078607, 39.134247 ], [ -94.084559, 39.135047 ], [ -94.087135, 39.135543 ], [ -94.092047, 39.137191 ], [ -94.096815, 39.139159 ], [ -94.103391, 39.142423 ], [ -94.104823, 39.143507 ], [ -94.114032, 39.149714 ], [ -94.122223, 39.159307 ], [ -94.124303, 39.163287 ], [ -94.126367, 39.165783 ], [ -94.129919, 39.168903 ], [ -94.133664, 39.171239 ], [ -94.136863, 39.172567 ], [ -94.147152, 39.175175 ], [ -94.154016, 39.176263 ], [ -94.169056, 39.177766 ], [ -94.176831, 39.178118 ], [ -94.179984, 39.178793 ], [ -94.184576, 39.180262 ], [ -94.18584, 39.18103 ], [ -94.187184, 39.183333 ], [ -94.187174, 39.183843 ], [ -94.185735, 39.188029 ], [ -94.184015, 39.190439 ], [ -94.181519, 39.192613 ], [ -94.176447, 39.196038 ], [ -94.175327, 39.19719 ], [ -94.170239, 39.204486 ], [ -94.169423, 39.210614 ], [ -94.170495, 39.21231 ], [ -94.173519, 39.213829 ], [ -94.176143, 39.214149 ], [ -94.184703, 39.214293 ], [ -94.188895, 39.213461 ], [ -94.193391, 39.211541 ], [ -94.199551, 39.208197 ], [ -94.204916, 39.206531 ], [ -94.207254, 39.206324 ], [ -94.212515, 39.207086 ], [ -94.216816, 39.208004 ], [ -94.217744, 39.208452 ], [ -94.221275, 39.210134 ], [ -94.226855, 39.213381 ], [ -94.229561, 39.215356 ], [ -94.232453, 39.218449 ], [ -94.235456, 39.224428 ], [ -94.238429, 39.228219 ], [ -94.243311, 39.232004 ], [ -94.250046, 39.234845 ], [ -94.255424, 39.236219 ], [ -94.262938, 39.235822 ], [ -94.2674, 39.235396 ], [ -94.27387, 39.235723 ], [ -94.278325, 39.236159 ], [ -94.278225, 39.24506 ] ] ] ] } },
{ "type": "Feature", "properties": { "ZCTA5CE20": "64078", "AFFGEOID20": "860Z200US64078", "GEOID20": "64078", "NAME20": "64078", "LSAD20": "Z5", "ALAND20": 138094958.0, "AWATER20": 388447.0, "price_2012": 161454.55685840256, "price_2026": 361407.7536040612, "log_change": 0.8057831108977016, "pct_change": 1.2384487662433699, "dollar_change": 199953.19674565864, "mci": 69415.25394, "plaza": 38843.54704, "pnl": 44676.81792, "legends": 56173.49588, "lees_summit": 24120.89363, "cbd": 41760.18248, "log_population": 9.1955312563224751, "median_income": 103922.0, "poverty_rate": 0.034507401735579375, "bachelors_only": 0.17697907188353049, "college_plus": 0.29193205944798301, "no_college": 0.70806794055201694 }, "geometry": { "type": "MultiPolygon", "coordinates": [ [ [ [ -94.563063, 38.719526 ], [ -94.562967, 38.721525 ], [ -94.553872, 38.721177 ], [ -94.553615, 38.7285 ], [ -94.537349, 38.727659 ], [ -94.534799, 38.727528 ], [ -94.533073, 38.727426 ], [ -94.533044, 38.728489 ], [ -94.53029, 38.728348 ], [ -94.530064, 38.734517 ], [ -94.521194, 38.733964 ], [ -94.521197, 38.735359 ], [ -94.515967, 38.735358 ], [ -94.515902, 38.737701 ], [ -94.506512, 38.737471 ], [ -94.506608, 38.743573 ], [ -94.510704, 38.743599 ], [ -94.510603, 38.754564 ], [ -94.498671, 38.754007 ], [ -94.488602, 38.754261 ], [ -94.482472, 38.75402 ], [ -94.48111, 38.753908 ], [ -94.480422, 38.753841 ], [ -94.478156, 38.753622 ], [ -94.459576, 38.753033 ], [ -94.455785, 38.7529 ], [ -94.44959, 38.752717 ], [ -94.449099, 38.750706 ], [ -94.448429, 38.750926 ], [ -94.447138, 38.750077 ], [ -94.445365, 38.749438 ], [ -94.441727, 38.752493 ], [ -94.441074, 38.752476 ], [ -94.44035, 38.767081 ], [ -94.403051, 38.7662 ], [ -94.40396, 38.751764 ], [ -94.403545, 38.751751 ], [ -94.376141, 38.750891 ], [ -94.37617, 38.7489 ], [ -94.376293, 38.743609 ], [ -94.376471, 38.73154 ], [ -94.37484, 38.72899 ], [ -94.378113, 38.729124 ], [ -94.37919, 38.727893 ], [ -94.379409, 38.721659 ], [ -94.395678, 38.722417 ], [ -94.39598, 38.715404 ], [ -94.399493, 38.713912 ], [ -94.400931, 38.711928 ], [ -94.402671, 38.710636 ], [ -94.405259, 38.713239 ], [ -94.40569, 38.700773 ], [ -94.400873, 38.700643 ], [ -94.40116, 38.697612 ], [ -94.402019, 38.697666 ], [ -94.401976, 38.696844 ], [ -94.399696, 38.696065 ], [ -94.401361, 38.693937 ], [ -94.39913, 38.691454 ], [ -94.397791, 38.691894 ], [ -94.396316, 38.690077 ], [ -94.396462, 38.688469 ], [ -94.397826, 38.686045 ], [ -94.396151, 38.684063 ], [ -94.394884, 38.684341 ], [ -94.394423, 38.682944 ], [ -94.394914, 38.681115 ], [ -94.396897, 38.679247 ], [ -94.39475, 38.676229 ], [ -94.39509, 38.674466 ], [ -94.391531, 38.674009 ], [ -94.392175, 38.671682 ], [ -94.394525, 38.672556 ], [ -94.398608, 38.666324 ], [ -94.4057, 38.669354 ], [ -94.407143, 38.670422 ], [ -94.409129, 38.670753 ], [ -94.409573, 38.670332 ], [ -94.416142, 38.674774 ], [ -94.420471, 38.678046 ], [ -94.4249, 38.685572 ], [ -94.424842, 38.680207 ], [ -94.425645, 38.676028 ], [ -94.425953, 38.665156 ], [ -94.429873, 38.665301 ], [ -94.430651, 38.641294 ], [ -94.435613, 38.641442 ], [ -94.439366, 38.639112 ], [ -94.444664, 38.639825 ], [ -94.449307, 38.639926 ], [ -94.449222, 38.643035 ], [ -94.452977, 38.642992 ], [ -94.467563, 38.644222 ], [ -94.468602, 38.645172 ], [ -94.471647, 38.645776 ], [ -94.473957, 38.645461 ], [ -94.476734, 38.646892 ], [ -94.476919, 38.647777 ], [ -94.50195, 38.668085 ], [ -94.518235, 38.668651 ], [ -94.529539, 38.669154 ], [ -94.540036, 38.669585 ], [ -94.541234, 38.669847 ], [ -94.540867, 38.670602 ], [ -94.540048, 38.673251 ], [ -94.539887, 38.680099 ], [ -94.540388, 38.684653 ], [ -94.540228, 38.690226 ], [ -94.538207, 38.693003 ], [ -94.538078, 38.694642 ], [ -94.549281, 38.701732 ], [ -94.550459, 38.702754 ], [ -94.554469, 38.702947 ], [ -94.554389, 38.70611 ], [ -94.563231, 38.713762 ], [ -94.563063, 38.719526 ] ] ] ] } },
{ "type": "Feature", "properties": { "ZCTA5CE20": "64429", "AFFGEOID20": "860Z200US64429", "GEOID20": "64429", "NAME20": "64429", "LSAD20": "Z5", "ALAND20": 391379991.0, "AWATER20": 3127740.0, "price_2012": 92728.506768940584, "price_2026": 245945.34168436789, "log_change": 0.97543338128607537, "pct_change": 1.6523164262443111, "dollar_change": 153216.83491542732, "mci": 64364.16743, "plaza": 83428.73903, "pnl": 77269.74283, "legends": 85769.54469, "lees_summit": 92429.22124, "cbd": 80349.24093, "log_population": 9.3456576689238116, "median_income": 68708.0, "poverty_rate": 0.11545027742210841, "bachelors_only": 0.099533437013996889, "college_plus": 0.15049647086972126, "no_college": 0.84950352913027871 }, "geometry": { "type": "MultiPolygon", "coordinates": [ [ [ [ -94.338361, 39.790476 ], [ -94.324436, 39.790395 ], [ -94.323748, 39.793046 ], [ -94.321567, 39.793343 ], [ -94.321456, 39.794494 ], [ -94.322716, 39.798768 ], [ -94.325325, 39.801684 ], [ -94.327032, 39.805024 ], [ -94.33822, 39.805136 ], [ -94.338345, 39.819745 ], [ -94.319483, 39.81946 ], [ -94.319513, 39.834036 ], [ -94.299645, 39.833986 ], [ -94.299501, 39.833984 ], [ -94.299531, 39.839613 ], [ -94.297237, 39.839008 ], [ -94.294688, 39.840935 ], [ -94.29383, 39.842993 ], [ -94.291584, 39.844905 ], [ -94.290432, 39.844436 ], [ -94.291443, 39.845956 ], [ -94.294612, 39.846401 ], [ -94.29509, 39.847494 ], [ -94.299577, 39.848675 ], [ -94.289343, 39.848604 ], [ -94.289383, 39.852082 ], [ -94.263041, 39.851903 ], [ -94.261915, 39.853625 ], [ -94.261793, 39.871433 ], [ -94.25765, 39.871767 ], [ -94.252688, 39.872864 ], [ -94.252573, 39.872918 ], [ -94.243637, 39.872857 ], [ -94.243225, 39.875742 ], [ -94.242914, 39.876182 ], [ -94.224356, 39.875999 ], [ -94.224511, 39.865124 ], [ -94.210303, 39.865023 ], [ -94.210296, 39.86251 ], [ -94.207655, 39.861488 ], [ -94.205571, 39.861491 ], [ -94.205561, 39.847281 ], [ -94.205575, 39.832529 ], [ -94.191941, 39.831937 ], [ -94.196257, 39.825383 ], [ -94.199831, 39.813574 ], [ -94.204601, 39.805542 ], [ -94.203144, 39.804366 ], [ -94.199049, 39.803842 ], [ -94.193217, 39.816946 ], [ -94.192133, 39.816444 ], [ -94.190206, 39.81701 ], [ -94.188083, 39.815648 ], [ -94.186385, 39.814403 ], [ -94.186382, 39.817436 ], [ -94.184818, 39.817393 ], [ -94.185663, 39.81448 ], [ -94.184401, 39.81356 ], [ -94.183988, 39.811675 ], [ -94.180647, 39.809448 ], [ -94.176417, 39.808463 ], [ -94.174295, 39.807074 ], [ -94.171932, 39.806472 ], [ -94.170074, 39.806976 ], [ -94.16965, 39.805862 ], [ -94.167852, 39.805398 ], [ -94.167853, 39.816841 ], [ -94.138339, 39.816045 ], [ -94.136203, 39.81922 ], [ -94.133642, 39.821962 ], [ -94.133536, 39.823125 ], [ -94.130481, 39.823058 ], [ -94.120971, 39.822808 ], [ -94.121098, 39.80237 ], [ -94.121684, 39.801135 ], [ -94.130417, 39.801336 ], [ -94.130484, 39.786862 ], [ -94.129656, 39.786841 ], [ -94.129679, 39.774982 ], [ -94.131096, 39.773935 ], [ -94.134663, 39.774048 ], [ -94.135205, 39.772701 ], [ -94.134622, 39.769817 ], [ -94.135288, 39.768154 ], [ -94.137308, 39.765899 ], [ -94.141253, 39.763662 ], [ -94.14319, 39.763716 ], [ -94.142423, 39.762167 ], [ -94.141329, 39.761107 ], [ -94.142276, 39.759654 ], [ -94.142107, 39.757982 ], [ -94.129675, 39.757397 ], [ -94.129664, 39.742958 ], [ -94.127534, 39.742883 ], [ -94.125526, 39.740556 ], [ -94.123852, 39.739805 ], [ -94.12153, 39.736696 ], [ -94.122174, 39.735774 ], [ -94.121954, 39.733124 ], [ -94.121144, 39.731561 ], [ -94.121758, 39.730055 ], [ -94.121144, 39.7282 ], [ -94.122031, 39.725235 ], [ -94.120693, 39.724428 ], [ -94.121844, 39.722891 ], [ -94.121162, 39.721186 ], [ -94.125004, 39.721384 ], [ -94.131569, 39.721171 ], [ -94.134532, 39.722457 ], [ -94.134616, 39.715505 ], [ -94.13283, 39.714115 ], [ -94.1307, 39.713774 ], [ -94.129972, 39.712819 ], [ -94.130048, 39.700744 ], [ -94.130418, 39.69965 ], [ -94.126996, 39.699528 ], [ -94.127053, 39.696672 ], [ -94.127612, 39.69617 ], [ -94.126774, 39.694351 ], [ -94.124166, 39.694333 ], [ -94.124096, 39.692256 ], [ -94.1227, 39.689861 ], [ -94.122798, 39.688391 ], [ -94.119342, 39.688651 ], [ -94.114917, 39.687266 ], [ -94.111712, 39.683143 ], [ -94.110202, 39.683375 ], [ -94.109055, 39.682457 ], [ -94.107586, 39.682711 ], [ -94.107927, 39.684784 ], [ -94.105997, 39.68602 ], [ -94.106967, 39.687836 ], [ -94.104438, 39.686883 ], [ -94.102959, 39.68785 ], [ -94.101865, 39.687661 ], [ -94.101309, 39.685322 ], [ -94.097421, 39.68447 ], [ -94.097136, 39.682103 ], [ -94.093204, 39.682005 ], [ -94.09324, 39.681895 ], [ -94.093294, 39.679175 ], [ -94.093331, 39.678562 ], [ -94.093328, 39.672573 ], [ -94.09335, 39.670647 ], [ -94.094053, 39.670352 ], [ -94.116702, 39.671121 ], [ -94.131505, 39.671181 ], [ -94.13159, 39.663978 ], [ -94.149079, 39.664309 ], [ -94.149182, 39.649706 ], [ -94.149751, 39.639489 ], [ -94.146281, 39.638644 ], [ -94.146687, 39.63541 ], [ -94.147051, 39.633816 ], [ -94.149402, 39.632925 ], [ -94.14924, 39.631599 ], [ -94.150602, 39.629933 ], [ -94.152459, 39.630048 ], [ -94.153653, 39.629281 ], [ -94.153677, 39.627722 ], [ -94.156198, 39.626319 ], [ -94.158157, 39.626015 ], [ -94.159581, 39.624784 ], [ -94.161021, 39.625587 ], [ -94.161317, 39.624472 ], [ -94.163566, 39.624144 ], [ -94.165723, 39.621661 ], [ -94.168865, 39.62052 ], [ -94.168872, 39.618864 ], [ -94.171016, 39.616439 ], [ -94.171053, 39.615895 ], [ -94.170765, 39.613926 ], [ -94.189716, 39.614127 ], [ -94.188578, 39.612998 ], [ -94.189962, 39.612616 ], [ -94.193135, 39.608251 ], [ -94.197398, 39.606087 ], [ -94.201659, 39.605344 ], [ -94.202439, 39.604703 ], [ -94.202511, 39.599318 ], [ -94.20701, 39.599593 ], [ -94.206795, 39.610534 ], [ -94.225501, 39.610847 ], [ -94.225522, 39.6142 ], [ -94.228965, 39.6148 ], [ -94.228747, 39.616686 ], [ -94.229899, 39.618432 ], [ -94.22985, 39.620968 ], [ -94.238629, 39.621766 ], [ -94.238501, 39.632826 ], [ -94.238278, 39.643807 ], [ -94.261685, 39.644054 ], [ -94.261171, 39.65011 ], [ -94.261528, 39.654962 ], [ -94.266102, 39.655009 ], [ -94.266091, 39.658591 ], [ -94.271553, 39.658654 ], [ -94.280409, 39.658715 ], [ -94.281073, 39.662951 ], [ -94.281071, 39.665142 ], [ -94.285012, 39.66517 ], [ -94.285011, 39.666099 ], [ -94.295115, 39.666197 ], [ -94.295133, 39.66251 ], [ -94.299132, 39.66252 ], [ -94.299179, 39.658906 ], [ -94.317074, 39.658837 ], [ -94.320037, 39.659501 ], [ -94.327397, 39.659638 ], [ -94.327414, 39.688579 ], [ -94.326999, 39.688991 ], [ -94.336846, 39.688999 ], [ -94.337066, 39.703508 ], [ -94.337067, 39.703573 ], [ -94.337444, 39.732618 ], [ -94.323071, 39.732664 ], [ -94.325215, 39.73399 ], [ -94.325767, 39.735826 ], [ -94.324036, 39.735915 ], [ -94.32433, 39.737357 ], [ -94.322589, 39.739156 ], [ -94.321185, 39.737952 ], [ -94.318842, 39.738789 ], [ -94.317228, 39.739001 ], [ -94.316704, 39.739467 ], [ -94.317327, 39.741093 ], [ -94.317083, 39.741399 ], [ -94.316716, 39.742153 ], [ -94.317691, 39.743819 ], [ -94.318805, 39.744553 ], [ -94.318986, 39.745218 ], [ -94.321391, 39.746097 ], [ -94.321819, 39.747268 ], [ -94.323205, 39.747191 ], [ -94.32276, 39.747966 ], [ -94.326194, 39.749564 ], [ -94.325739, 39.750108 ], [ -94.329934, 39.75154 ], [ -94.332659, 39.754345 ], [ -94.337884, 39.754591 ], [ -94.338361, 39.790476 ] ] ] ] } },
{ "type": "Feature", "properties": { "ZCTA5CE20": "64071", "AFFGEOID20": "860Z200US64071", "GEOID20": "64071", "NAME20": "64071", "LSAD20": "Z5", "ALAND20": 89681351.0, "AWATER20": 679698.0, "price_2012": 75788.314215265593, "price_2026": 237276.82840177955, "log_change": 1.1412833970829368, "pct_change": 2.1307838267497217, "dollar_change": 161488.51418651396, "mci": 82080.51508, "plaza": 65645.48645, "pnl": 65133.52177, "legends": 86935.89365, "lees_summit": 49349.17201, "cbd": 65389.50411, "log_population": 6.5903010481966859, "median_income": 124375.0, "poverty_rate": 0.098870056497175146, "bachelors_only": 0.16287878787878787, "college_plus": 0.21022727272727273, "no_college": 0.78977272727272729 }, "geometry": { "type": "MultiPolygon", "coordinates": [ [ [ [ -93.887885, 39.005736 ], [ -93.809744, 39.002744 ], [ -93.809972, 38.996689 ], [ -93.810721, 38.995766 ], [ -93.814249, 38.994983 ], [ -93.81479, 38.994134 ], [ -93.814733, 38.972666 ], [ -93.814578, 38.973556 ], [ -93.810968, 38.974006 ], [ -93.808146, 38.971842 ], [ -93.802742, 38.974215 ], [ -93.800152, 38.974407 ], [ -93.799076, 38.973923 ], [ -93.800033, 38.969062 ], [ -93.802067, 38.965911 ], [ -93.797044, 38.965748 ], [ -93.797733, 38.943821 ], [ -93.795761, 38.940541 ], [ -93.794121, 38.938955 ], [ -93.792884, 38.936253 ], [ -93.798027, 38.936458 ], [ -93.816661, 38.937196 ], [ -93.81629, 38.944625 ], [ -93.838941, 38.945366 ], [ -93.838292, 38.955134 ], [ -93.836063, 38.95893 ], [ -93.832948, 38.963348 ], [ -93.829318, 38.964815 ], [ -93.827756, 38.966194 ], [ -93.82875, 38.966746 ], [ -93.833784, 38.967054 ], [ -93.842541, 38.967237 ], [ -93.842192, 38.976575 ], [ -93.846273, 38.976154 ], [ -93.848006, 38.979169 ], [ -93.850533, 38.979943 ], [ -93.85277, 38.980002 ], [ -93.853355, 38.981216 ], [ -93.85304, 38.983408 ], [ -93.854097, 38.986374 ], [ -93.856913, 38.986785 ], [ -93.858343, 38.988361 ], [ -93.85852, 38.989505 ], [ -93.850371, 38.989276 ], [ -93.850058, 38.994379 ], [ -93.851015, 38.995014 ], [ -93.850607, 39.003658 ], [ -93.853611, 39.003115 ], [ -93.858105, 39.003335 ], [ -93.862931, 39.004275 ], [ -93.884825, 39.005041 ], [ -93.887998, 39.004094 ], [ -93.887885, 39.005736 ] ] ], [ [ [ -93.903313, 39.086242 ], [ -93.901757, 39.08602 ], [ -93.901711, 39.085607 ], [ -93.88423, 39.085251 ], [ -93.845289, 39.083871 ], [ -93.843668, 39.087 ], [ -93.841575, 39.08839 ], [ -93.842534, 39.089538 ], [ -93.841513, 39.091318 ], [ -93.842458, 39.092664 ], [ -93.841028, 39.093422 ], [ -93.841754, 39.09429 ], [ -93.838907, 39.095548 ], [ -93.836412, 39.095725 ], [ -93.8357, 39.09673 ], [ -93.832042, 39.0985 ], [ -93.830498, 39.097638 ], [ -93.828346, 39.099021 ], [ -93.828386, 39.097701 ], [ -93.828809, 39.089187 ], [ -93.828967, 39.085607 ], [ -93.829042, 39.084221 ], [ -93.828851, 39.083196 ], [ -93.827795, 39.077233 ], [ -93.828522, 39.075775 ], [ -93.825578, 39.075851 ], [ -93.790167, 39.074798 ], [ -93.78084, 39.074738 ], [ -93.780164, 39.074805 ], [ -93.779663, 39.074972 ], [ -93.779371, 39.074752 ], [ -93.778843, 39.072748 ], [ -93.777551, 39.072037 ], [ -93.777329, 39.067167 ], [ -93.774579, 39.067135 ], [ -93.775162, 39.059899 ], [ -93.778349, 39.059927 ], [ -93.779522, 39.059462 ], [ -93.779745, 39.052775 ], [ -93.784478, 39.052901 ], [ -93.784835, 39.044569 ], [ -93.785878, 39.043822 ], [ -93.789396, 39.043351 ], [ -93.79029, 39.023924 ], [ -93.800848, 39.024535 ], [ -93.802546, 39.0251 ], [ -93.805186, 39.024339 ], [ -93.808743, 39.024425 ], [ -93.809633, 39.009801 ], [ -93.810063, 39.007869 ], [ -93.80979, 39.004099 ], [ -93.812165, 39.003162 ], [ -93.844204, 39.004403 ], [ -93.847284, 39.005232 ], [ -93.850514, 39.005528 ], [ -93.850285, 39.011088 ], [ -93.849972, 39.018383 ], [ -93.877706, 39.019379 ], [ -93.876858, 39.038379 ], [ -93.88618, 39.038805 ], [ -93.886255, 39.043431 ], [ -93.888163, 39.048678 ], [ -93.887978, 39.052408 ], [ -93.889136, 39.054013 ], [ -93.890274, 39.056729 ], [ -93.890465, 39.059308 ], [ -93.889861, 39.061853 ], [ -93.888217, 39.064405 ], [ -93.884414, 39.075749 ], [ -93.884348, 39.077744 ], [ -93.903101, 39.078373 ], [ -93.902908, 39.085646 ], [ -93.903331, 39.085661 ], [ -93.903313, 39.086242 ] ] ] ] } },
{ "type": "Feature", "properties": { "ZCTA5CE20": "64060", "AFFGEOID20": "860Z200US64060", "GEOID20": "64060", "NAME20": "64060", "LSAD20": "Z5", "ALAND20": 151792149.0, "AWATER20": 1842786.0, "price_2012": 175989.10452217227, "price_2026": 397282.21779182786, "log_change": 0.81422481718657025, "pct_change": 1.2574250767994311, "dollar_change": 221293.11326965559, "mci": 31143.88078, "plaza": 41311.80859, "pnl": 35385.9039, "legends": 48496.35654, "lees_summit": 50655.82318, "cbd": 38348.856245000003, "log_population": 9.7103881225702953, "median_income": 112683.0, "poverty_rate": 0.036384690394929302, "bachelors_only": 0.25610577732861717, "college_plus": 0.41923530402560216, "no_college": 0.58076469597439784 }, "geometry": { "type": "MultiPolygon", "coordinates": [ [ [ [ -94.500056, 39.410077 ], [ -94.496732, 39.413764 ], [ -94.493419, 39.415972 ], [ -94.490719, 39.417039 ], [ -94.485929, 39.417697 ], [ -94.480757, 39.417865 ], [ -94.46951, 39.417651 ], [ -94.46376, 39.417031 ], [ -94.463762, 39.418882 ], [ -94.45938, 39.412639 ], [ -94.459188, 39.411861 ], [ -94.455639, 39.409865 ], [ -94.452351, 39.409664 ], [ -94.451078, 39.407621 ], [ -94.451374, 39.409145 ], [ -94.449716, 39.410562 ], [ -94.445732, 39.411309 ], [ -94.435459, 39.411682 ], [ -94.434297, 39.412106 ], [ -94.43429, 39.419355 ], [ -94.423585, 39.419369 ], [ -94.423502, 39.409739 ], [ -94.426214, 39.409736 ], [ -94.426204, 39.408256 ], [ -94.42151, 39.406969 ], [ -94.421474, 39.40476 ], [ -94.407573, 39.40465 ], [ -94.407588, 39.401925 ], [ -94.404262, 39.401913 ], [ -94.404206, 39.399414 ], [ -94.402959, 39.398751 ], [ -94.402983, 39.397394 ], [ -94.398374, 39.397383 ], [ -94.398365, 39.394303 ], [ -94.388222, 39.394628 ], [ -94.386625, 39.394061 ], [ -94.386626, 39.397362 ], [ -94.383192, 39.397364 ], [ -94.382494, 39.395336 ], [ -94.378088, 39.395347 ], [ -94.375405, 39.397459 ], [ -94.375633, 39.398665 ], [ -94.374331, 39.399023 ], [ -94.373274, 39.396226 ], [ -94.371696, 39.394875 ], [ -94.370936, 39.39486 ], [ -94.370349, 39.394726 ], [ -94.369013, 39.39361 ], [ -94.365872, 39.392699 ], [ -94.364952, 39.390737 ], [ -94.364645, 39.390421 ], [ -94.362532, 39.390064 ], [ -94.361172, 39.388846 ], [ -94.352792, 39.404378 ], [ -94.341855, 39.404234 ], [ -94.323237, 39.404539 ], [ -94.322708, 39.404527 ], [ -94.307054, 39.404292 ], [ -94.307181, 39.407435 ], [ -94.304687, 39.40745 ], [ -94.3036, 39.410828 ], [ -94.304586, 39.410718 ], [ -94.304065, 39.412557 ], [ -94.305142, 39.4136 ], [ -94.304271, 39.414857 ], [ -94.304295, 39.416897 ], [ -94.302749, 39.41803 ], [ -94.300119, 39.417786 ], [ -94.299406, 39.418884 ], [ -94.299341, 39.425912 ], [ -94.30395, 39.425999 ], [ -94.303888, 39.429637 ], [ -94.295068, 39.42957 ], [ -94.294267, 39.446032 ], [ -94.292188, 39.449004 ], [ -94.294912, 39.450129 ], [ -94.295675, 39.452277 ], [ -94.299856, 39.455527 ], [ -94.285612, 39.455339 ], [ -94.27634, 39.45528 ], [ -94.267018, 39.455238 ], [ -94.26709, 39.444524 ], [ -94.267426, 39.440678 ], [ -94.266575, 39.440655 ], [ -94.26697, 39.418766 ], [ -94.266731, 39.418762 ], [ -94.266792, 39.406323 ], [ -94.266806, 39.403467 ], [ -94.26681, 39.402516 ], [ -94.26716, 39.397026 ], [ -94.266837, 39.397022 ], [ -94.249549, 39.396801 ], [ -94.248637, 39.396818 ], [ -94.248558, 39.40706 ], [ -94.246411, 39.408804 ], [ -94.244202, 39.409383 ], [ -94.243802, 39.404201 ], [ -94.239537, 39.40398 ], [ -94.239135, 39.401156 ], [ -94.236887, 39.399789 ], [ -94.236225, 39.398093 ], [ -94.238556, 39.39732 ], [ -94.239, 39.396777 ], [ -94.23908, 39.396685 ], [ -94.241007, 39.39506 ], [ -94.241872, 39.39536 ], [ -94.243965, 39.393026 ], [ -94.243909, 39.391866 ], [ -94.245937, 39.39031 ], [ -94.248183, 39.389827 ], [ -94.248356, 39.386312 ], [ -94.249619, 39.385322 ], [ -94.250324, 39.381322 ], [ -94.252557, 39.381309 ], [ -94.253342, 39.379718 ], [ -94.255802, 39.380551 ], [ -94.256637, 39.37982 ], [ -94.255843, 39.37902 ], [ -94.257051, 39.378195 ], [ -94.261615, 39.378064 ], [ -94.262749, 39.378642 ], [ -94.264665, 39.378886 ], [ -94.266992, 39.378158 ], [ -94.268983, 39.377379 ], [ -94.272001, 39.37766 ], [ -94.271676, 39.380174 ], [ -94.270293, 39.382205 ], [ -94.271149, 39.383188 ], [ -94.269696, 39.384418 ], [ -94.271172, 39.385637 ], [ -94.280802, 39.389255 ], [ -94.287156, 39.375084 ], [ -94.304294, 39.375148 ], [ -94.304984, 39.360651 ], [ -94.304995, 39.355207 ], [ -94.312225, 39.353396 ], [ -94.323218, 39.353167 ], [ -94.323226, 39.35136 ], [ -94.323292, 39.35136 ], [ -94.322904, 39.347655 ], [ -94.321968, 39.346447 ], [ -94.323436, 39.346134 ], [ -94.32335, 39.338936 ], [ -94.323187, 39.326262 ], [ -94.323481, 39.324659 ], [ -94.336797, 39.3247 ], [ -94.342011, 39.324851 ], [ -94.356084, 39.324731 ], [ -94.361241, 39.322619 ], [ -94.361276, 39.313587 ], [ -94.364341, 39.312895 ], [ -94.364069, 39.314822 ], [ -94.364433, 39.315176 ], [ -94.366229, 39.314489 ], [ -94.368564, 39.310006 ], [ -94.365011, 39.310475 ], [ -94.361308, 39.310814 ], [ -94.361032, 39.310837 ], [ -94.361039, 39.29928 ], [ -94.369957, 39.296469 ], [ -94.371966, 39.295833 ], [ -94.374623, 39.295629 ], [ -94.376115, 39.295616 ], [ -94.372274, 39.302848 ], [ -94.380848, 39.302711 ], [ -94.381381, 39.299807 ], [ -94.383626, 39.298903 ], [ -94.380643, 39.295659 ], [ -94.389254, 39.294989 ], [ -94.40722, 39.295161 ], [ -94.410638, 39.295356 ], [ -94.41161, 39.295075 ], [ -94.416238, 39.286379 ], [ -94.416563, 39.287055 ], [ -94.416706, 39.295384 ], [ -94.416693, 39.297108 ], [ -94.421333, 39.29711 ], [ -94.421314, 39.300368 ], [ -94.42592, 39.300376 ], [ -94.425909, 39.302683 ], [ -94.431052, 39.302705 ], [ -94.431, 39.309027 ], [ -94.432661, 39.3099 ], [ -94.436116, 39.309889 ], [ -94.436102, 39.310747 ], [ -94.431946, 39.311509 ], [ -94.430366, 39.314451 ], [ -94.427674, 39.314512 ], [ -94.427451, 39.317286 ], [ -94.425818, 39.31737 ], [ -94.423829, 39.319263 ], [ -94.421788, 39.3224 ], [ -94.423239, 39.322615 ], [ -94.423561, 39.325574 ], [ -94.427683, 39.326074 ], [ -94.427741, 39.32869 ], [ -94.429927, 39.329591 ], [ -94.43071, 39.328938 ], [ -94.433384, 39.328967 ], [ -94.435012, 39.33205 ], [ -94.434098, 39.334519 ], [ -94.434887, 39.336351 ], [ -94.435956, 39.336534 ], [ -94.43595, 39.338738 ], [ -94.435925, 39.353342 ], [ -94.41262, 39.353285 ], [ -94.412345, 39.353779 ], [ -94.411927, 39.359502 ], [ -94.418315, 39.363256 ], [ -94.422057, 39.368047 ], [ -94.435269, 39.368144 ], [ -94.440512, 39.367869 ], [ -94.459148, 39.36789 ], [ -94.459213, 39.36789 ], [ -94.463846, 39.367902 ], [ -94.463915, 39.382612 ], [ -94.463864, 39.393404 ], [ -94.467966, 39.393403 ], [ -94.468851, 39.396959 ], [ -94.476687, 39.396999 ], [ -94.47778, 39.396994 ], [ -94.487643, 39.396992 ], [ -94.495583, 39.397004 ], [ -94.495544, 39.399747 ], [ -94.491672, 39.399718 ], [ -94.491647, 39.402652 ], [ -94.500028, 39.402624 ], [ -94.500056, 39.410077 ] ] ] ] } },
{ "type": "Feature", "properties": { "ZCTA5CE20": "64062", "AFFGEOID20": "860Z200US64062", "GEOID20": "64062", "NAME20": "64062", "LSAD20": "Z5", "ALAND20": 223113681.0, "AWATER20": 622262.0, "price_2012": 99663.02409955184, "price_2026": 306985.66103183321, "log_change": 1.1250063032011397, "pct_change": 2.0802362642055696, "dollar_change": 207322.63693228137, "mci": 50036.03298, "plaza": 58412.79957, "pnl": 52995.28504, "legends": 67703.71013000001, "lees_summit": 62685.37527, "cbd": 55704.042305000003, "log_population": 8.8490835185323391, "median_income": 92277.0, "poverty_rate": 0.084537572254335266, "bachelors_only": 0.14944567627494457, "college_plus": 0.20332594235033261, "no_college": 0.79667405764966737 }, "geometry": { "type": "MultiPolygon", "coordinates": [ [ [ [ -94.276202, 39.46247 ], [ -94.275679, 39.462471 ], [ -94.274504, 39.462459 ], [ -94.274386, 39.466097 ], [ -94.273497, 39.466093 ], [ -94.273143, 39.469719 ], [ -94.266699, 39.470376 ], [ -94.272128, 39.474755 ], [ -94.271303, 39.476869 ], [ -94.257127, 39.476851 ], [ -94.256777, 39.48408 ], [ -94.252324, 39.484373 ], [ -94.252272, 39.484481 ], [ -94.252126, 39.489392 ], [ -94.236792, 39.489441 ], [ -94.236417, 39.512923 ], [ -94.209004, 39.512743 ], [ -94.208423, 39.5272 ], [ -94.200273, 39.526987 ], [ -94.200702, 39.528767 ], [ -94.199836, 39.530533 ], [ -94.200425, 39.533214 ], [ -94.198404, 39.535635 ], [ -94.198498, 39.53789 ], [ -94.195395, 39.539447 ], [ -94.194412, 39.541242 ], [ -94.191565, 39.541585 ], [ -94.188922, 39.542714 ], [ -94.187847, 39.541946 ], [ -94.185634, 39.543725 ], [ -94.185448, 39.543019 ], [ -94.18225, 39.543297 ], [ -94.180616, 39.54244 ], [ -94.178963, 39.543609 ], [ -94.175871, 39.543707 ], [ -94.176063, 39.538042 ], [ -94.174674, 39.538015 ], [ -94.169417, 39.534159 ], [ -94.168438, 39.531646 ], [ -94.166562, 39.531884 ], [ -94.16468, 39.533148 ], [ -94.163302, 39.533058 ], [ -94.162869, 39.53437 ], [ -94.161494, 39.534948 ], [ -94.160434, 39.538383 ], [ -94.15968, 39.539297 ], [ -94.158491, 39.53905 ], [ -94.158692, 39.536433 ], [ -94.154556, 39.534856 ], [ -94.156398, 39.531998 ], [ -94.154666, 39.530282 ], [ -94.155249, 39.527727 ], [ -94.153448, 39.527735 ], [ -94.153327, 39.526229 ], [ -94.096992, 39.525949 ], [ -94.096729, 39.525947 ], [ -94.091875, 39.525883 ], [ -94.091919, 39.519181 ], [ -94.087081, 39.51911 ], [ -94.08715, 39.515487 ], [ -94.082451, 39.515417 ], [ -94.082499, 39.511794 ], [ -94.090188, 39.511907 ], [ -94.090313, 39.508231 ], [ -94.087288, 39.508177 ], [ -94.087428, 39.500817 ], [ -94.082741, 39.500728 ], [ -94.083022, 39.489796 ], [ -94.081607, 39.48978 ], [ -94.08143, 39.483819 ], [ -94.084671, 39.483948 ], [ -94.085497, 39.481522 ], [ -94.087032, 39.480607 ], [ -94.084935, 39.479806 ], [ -94.08402, 39.477312 ], [ -94.085377, 39.477014 ], [ -94.089394, 39.478409 ], [ -94.09022, 39.477539 ], [ -94.089393, 39.475686 ], [ -94.091608, 39.477287 ], [ -94.095476, 39.477286 ], [ -94.096963, 39.477866 ], [ -94.096938, 39.482639 ], [ -94.102056, 39.482681 ], [ -94.101886, 39.475593 ], [ -94.097239, 39.468511 ], [ -94.097322, 39.460259 ], [ -94.092542, 39.460302 ], [ -94.09173, 39.460302 ], [ -94.090064, 39.460304 ], [ -94.090044, 39.458957 ], [ -94.093121, 39.45877 ], [ -94.098741, 39.457357 ], [ -94.100729, 39.456397 ], [ -94.100248, 39.455429 ], [ -94.10023, 39.453763 ], [ -94.09883, 39.4525 ], [ -94.100482, 39.450829 ], [ -94.099389, 39.449342 ], [ -94.09747, 39.448473 ], [ -94.098857, 39.448084 ], [ -94.101306, 39.446023 ], [ -94.101099, 39.445245 ], [ -94.09915, 39.444674 ], [ -94.097999, 39.443392 ], [ -94.09425, 39.441929 ], [ -94.091533, 39.439046 ], [ -94.097671, 39.439243 ], [ -94.097853, 39.424714 ], [ -94.091345, 39.425288 ], [ -94.08796, 39.427755 ], [ -94.082367, 39.427808 ], [ -94.076682, 39.427405 ], [ -94.075061, 39.42767 ], [ -94.073824, 39.426874 ], [ -94.072083, 39.427057 ], [ -94.070519, 39.425707 ], [ -94.070755, 39.424768 ], [ -94.072408, 39.423555 ], [ -94.071994, 39.42058 ], [ -94.070755, 39.42026 ], [ -94.06866, 39.418315 ], [ -94.068483, 39.416438 ], [ -94.069043, 39.414586 ], [ -94.066004, 39.414746 ], [ -94.065621, 39.413121 ], [ -94.063496, 39.411931 ], [ -94.062523, 39.412091 ], [ -94.062877, 39.41438 ], [ -94.06149, 39.415707 ], [ -94.060694, 39.413922 ], [ -94.059338, 39.414403 ], [ -94.059279, 39.41605 ], [ -94.058331, 39.416033 ], [ -94.058485, 39.409343 ], [ -94.063001, 39.409205 ], [ -94.064772, 39.40782 ], [ -94.066621, 39.407879 ], [ -94.068257, 39.406346 ], [ -94.070227, 39.406081 ], [ -94.073171, 39.402126 ], [ -94.073483, 39.401899 ], [ -94.073687, 39.401864 ], [ -94.074538, 39.401831 ], [ -94.074902, 39.401856 ], [ -94.075843, 39.402105 ], [ -94.077059, 39.402339 ], [ -94.077022, 39.409551 ], [ -94.098035, 39.409462 ], [ -94.098244, 39.395545 ], [ -94.098262, 39.395756 ], [ -94.125226, 39.395194 ], [ -94.127073, 39.395753 ], [ -94.128211, 39.394385 ], [ -94.133048, 39.394731 ], [ -94.135586, 39.393656 ], [ -94.1359, 39.392608 ], [ -94.135842, 39.389526 ], [ -94.13575, 39.384613 ], [ -94.141148, 39.384509 ], [ -94.141217, 39.381289 ], [ -94.144844, 39.381315 ], [ -94.146355, 39.380493 ], [ -94.145179, 39.376282 ], [ -94.145161, 39.374288 ], [ -94.154502, 39.374205 ], [ -94.154563, 39.367054 ], [ -94.165721, 39.367126 ], [ -94.168329, 39.367078 ], [ -94.171946, 39.363974 ], [ -94.173273, 39.363253 ], [ -94.173393, 39.365255 ], [ -94.174308, 39.367077 ], [ -94.182697, 39.367118 ], [ -94.182229, 39.368887 ], [ -94.182561, 39.369584 ], [ -94.180586, 39.371302 ], [ -94.179034, 39.369958 ], [ -94.177401, 39.37191 ], [ -94.178322, 39.376342 ], [ -94.1767, 39.381537 ], [ -94.177903, 39.381696 ], [ -94.178351, 39.381527 ], [ -94.183359, 39.381574 ], [ -94.182944, 39.383107 ], [ -94.186253, 39.384467 ], [ -94.187019, 39.385771 ], [ -94.186636, 39.387373 ], [ -94.18873, 39.388632 ], [ -94.193035, 39.387579 ], [ -94.19681, 39.389363 ], [ -94.198314, 39.390782 ], [ -94.198757, 39.392361 ], [ -94.200704, 39.393962 ], [ -94.20038, 39.395564 ], [ -94.201359, 39.396221 ], [ -94.211274, 39.396417 ], [ -94.211337, 39.395638 ], [ -94.211266, 39.394858 ], [ -94.211331, 39.393239 ], [ -94.203377, 39.393204 ], [ -94.20342, 39.386478 ], [ -94.208683, 39.386513 ], [ -94.21159, 39.385805 ], [ -94.211425, 39.389377 ], [ -94.212053, 39.3894 ], [ -94.214947, 39.391125 ], [ -94.215249, 39.391337 ], [ -94.216111, 39.390796 ], [ -94.216084, 39.39275 ], [ -94.216029, 39.396697 ], [ -94.234598, 39.396767 ], [ -94.236225, 39.398093 ], [ -94.236887, 39.399789 ], [ -94.239135, 39.401156 ], [ -94.239537, 39.40398 ], [ -94.243802, 39.404201 ], [ -94.244202, 39.409383 ], [ -94.246411, 39.408804 ], [ -94.248558, 39.40706 ], [ -94.248637, 39.396818 ], [ -94.249549, 39.396801 ], [ -94.266837, 39.397022 ], [ -94.26716, 39.397026 ], [ -94.26681, 39.402516 ], [ -94.266806, 39.403467 ], [ -94.266792, 39.406323 ], [ -94.266731, 39.418762 ], [ -94.26697, 39.418766 ], [ -94.266575, 39.440655 ], [ -94.267426, 39.440678 ], [ -94.26709, 39.444524 ], [ -94.267018, 39.455238 ], [ -94.27634, 39.45528 ], [ -94.276202, 39.46247 ] ] ] ] } },
{ "type": "Feature", "properties": { "ZCTA5CE20": "64064", "AFFGEOID20": "860Z200US64064", "GEOID20": "64064", "NAME20": "64064", "LSAD20": "Z5", "ALAND20": 49102353.0, "AWATER20": 5028263.0, "price_2012": 227211.45870349449, "price_2026": 461752.4444813896, "log_change": 0.70914779300566799, "pct_change": 1.0322586154599072, "dollar_change": 234540.98577789511, "mci": 47916.49267, "plaza": 22573.67293, "pnl": 24360.81973, "legends": 45098.65173, "lees_summit": 8251.053014, "cbd": 23467.24633, "log_population": 9.9059844327347157, "median_income": 117674.0, "poverty_rate": 0.047878238080838624, "bachelors_only": 0.31425406203840472, "college_plus": 0.54025110782865582, "no_college": 0.45974889217134418 }, "geometry": { "type": "MultiPolygon", "coordinates": [ [ [ [ -94.389998, 38.976267 ], [ -94.389415, 38.976231 ], [ -94.388439, 38.981481 ], [ -94.388429, 38.983405 ], [ -94.389196, 38.983462 ], [ -94.389196, 38.98349 ], [ -94.389495, 38.993428 ], [ -94.389495, 38.994492 ], [ -94.389417, 38.997933 ], [ -94.38872, 39.001166 ], [ -94.388967, 39.005376 ], [ -94.388285, 39.006692 ], [ -94.387191, 39.012577 ], [ -94.386654, 39.015556 ], [ -94.386764, 39.016094 ], [ -94.387554, 39.017369 ], [ -94.386937, 39.017679 ], [ -94.386924, 39.017632 ], [ -94.385364, 39.017811 ], [ -94.384513, 39.018077 ], [ -94.383044, 39.019503 ], [ -94.382375, 39.020367 ], [ -94.381137, 39.020702 ], [ -94.378439, 39.019703 ], [ -94.375458, 39.019655 ], [ -94.374564, 39.019647 ], [ -94.3744, 39.02271 ], [ -94.373529, 39.023212 ], [ -94.37219, 39.022854 ], [ -94.369874, 39.023962 ], [ -94.365275, 39.024033 ], [ -94.36353, 39.026178 ], [ -94.360341, 39.026221 ], [ -94.357872, 39.026148 ], [ -94.354575, 39.026137 ], [ -94.354575, 39.027883 ], [ -94.353209, 39.03029 ], [ -94.349056, 39.029204 ], [ -94.345346, 39.027291 ], [ -94.343482, 39.026976 ], [ -94.343491, 39.025882 ], [ -94.343493, 39.02573 ], [ -94.343626, 39.025482 ], [ -94.339066, 39.023454 ], [ -94.3328, 39.021925 ], [ -94.332743, 39.02149 ], [ -94.332981, 39.015693 ], [ -94.331628, 39.014921 ], [ -94.329316, 39.014904 ], [ -94.330941, 39.013548 ], [ -94.329858, 39.01136 ], [ -94.330085, 39.00812 ], [ -94.32615, 39.006879 ], [ -94.328971, 39.006167 ], [ -94.329159, 39.005453 ], [ -94.327859, 39.004124 ], [ -94.326146, 39.003571 ], [ -94.321175, 39.003694 ], [ -94.319595, 39.002556 ], [ -94.317221, 39.002848 ], [ -94.315968, 39.001786 ], [ -94.31155, 39.000323 ], [ -94.314144, 38.996677 ], [ -94.312193, 38.997335 ], [ -94.312016, 38.995622 ], [ -94.314851, 38.994019 ], [ -94.316154, 38.993983 ], [ -94.318628, 38.991439 ], [ -94.326283, 38.988953 ], [ -94.329488, 38.988791 ], [ -94.330897, 38.988363 ], [ -94.333418, 38.988191 ], [ -94.334183, 38.988024 ], [ -94.33426, 38.986408 ], [ -94.334384, 38.983845 ], [ -94.334486, 38.981745 ], [ -94.334539, 38.980766 ], [ -94.331753, 38.980315 ], [ -94.329652, 38.981131 ], [ -94.330381, 38.981759 ], [ -94.319235, 38.981388 ], [ -94.317217, 38.983475 ], [ -94.314934, 38.984714 ], [ -94.314107, 38.982943 ], [ -94.31426, 38.985676 ], [ -94.312841, 38.98828 ], [ -94.311073, 38.989224 ], [ -94.310322, 38.987597 ], [ -94.308085, 38.985673 ], [ -94.309355, 38.984126 ], [ -94.308145, 38.983796 ], [ -94.306287, 38.985172 ], [ -94.306807, 38.982429 ], [ -94.305319, 38.984232 ], [ -94.303082, 38.982328 ], [ -94.30016, 38.980928 ], [ -94.298951, 38.979566 ], [ -94.298338, 38.975814 ], [ -94.299359, 38.97369 ], [ -94.297677, 38.973425 ], [ -94.29756, 38.972603 ], [ -94.297696, 38.970449 ], [ -94.297723, 38.970002 ], [ -94.297869, 38.966482 ], [ -94.298162, 38.959027 ], [ -94.279912, 38.958568 ], [ -94.275849, 38.958499 ], [ -94.27494, 38.958468 ], [ -94.274862, 38.958466 ], [ -94.274492, 38.965714 ], [ -94.264347, 38.965452 ], [ -94.264072, 38.958173 ], [ -94.265544, 38.95824 ], [ -94.265704, 38.954613 ], [ -94.262968, 38.954514 ], [ -94.262821, 38.95756 ], [ -94.261116, 38.957369 ], [ -94.261286, 38.952782 ], [ -94.261076, 38.952776 ], [ -94.261115, 38.951913 ], [ -94.259601, 38.952023 ], [ -94.256435, 38.954996 ], [ -94.25663, 38.950741 ], [ -94.261161, 38.950913 ], [ -94.261335, 38.95092 ], [ -94.26138, 38.949776 ], [ -94.26153, 38.945972 ], [ -94.261618, 38.943722 ], [ -94.27061, 38.943943 ], [ -94.270617, 38.943817 ], [ -94.275466, 38.943954 ], [ -94.27554, 38.943957 ], [ -94.277755, 38.944061 ], [ -94.282138, 38.944055 ], [ -94.28962, 38.944259 ], [ -94.305054, 38.944672 ], [ -94.311179, 38.944865 ], [ -94.311031, 38.948437 ], [ -94.312541, 38.948475 ], [ -94.312114, 38.959423 ], [ -94.314465, 38.959507 ], [ -94.314242, 38.960845 ], [ -94.316505, 38.966769 ], [ -94.320606, 38.967126 ], [ -94.320562, 38.970564 ], [ -94.324903, 38.970709 ], [ -94.325047, 38.967242 ], [ -94.332334, 38.967471 ], [ -94.333763, 38.970283 ], [ -94.335073, 38.970148 ], [ -94.335233, 38.96756 ], [ -94.33571, 38.958473 ], [ -94.342696, 38.961543 ], [ -94.343334, 38.961543 ], [ -94.347209, 38.960432 ], [ -94.357723, 38.960666 ], [ -94.358847, 38.960031 ], [ -94.359216, 38.956804 ], [ -94.35953, 38.946141 ], [ -94.361038, 38.946189 ], [ -94.361357, 38.946193 ], [ -94.364324, 38.946272 ], [ -94.364584, 38.946284 ], [ -94.378133, 38.946622 ], [ -94.381575, 38.94671 ], [ -94.382773, 38.946629 ], [ -94.382562, 38.950392 ], [ -94.387109, 38.95052 ], [ -94.386099, 38.958146 ], [ -94.386017, 38.959862 ], [ -94.385564, 38.968784 ], [ -94.388478, 38.968863 ], [ -94.390195, 38.973132 ], [ -94.389998, 38.976267 ] ] ] ] } },
{ "type": "Feature", "properties": { "ZCTA5CE20": "64067", "AFFGEOID20": "860Z200US64067", "GEOID20": "64067", "NAME20": "64067", "LSAD20": "Z5", "ALAND20": 189424911.0, "AWATER20": 6662032.0, "price_2012": 63852.869866008754, "price_2026": 201523.1927663676, "log_change": 1.1493229468712975, "pct_change": 2.1560553689951822, "dollar_change": 137670.32290035885, "mci": 77669.77908, "plaza": 66459.33506, "pnl": 64610.87739, "legends": 85982.66422000001, "lees_summit": 54348.55311, "cbd": 65535.106224999996, "log_population": 8.6958413428438828, "median_income": 69546.0, "poverty_rate": 0.13475788385317938, "bachelors_only": 0.1334841628959276, "college_plus": 0.21669180492709905, "no_college": 0.78330819507290095 }, "geometry": { "type": "MultiPolygon", "coordinates": [ [ [ [ -93.950458, 39.150845 ], [ -93.948345, 39.152661 ], [ -93.942411, 39.158083 ], [ -93.944128, 39.161889 ], [ -93.944358, 39.170222 ], [ -93.943323, 39.173825 ], [ -93.941451, 39.174973 ], [ -93.940718, 39.178743 ], [ -93.940043, 39.17969 ], [ -93.937674, 39.180679 ], [ -93.935648, 39.182085 ], [ -93.932291, 39.183757 ], [ -93.92783, 39.184386 ], [ -93.92583, 39.184346 ], [ -93.925203, 39.184336 ], [ -93.917854, 39.183306 ], [ -93.909131, 39.182504 ], [ -93.904311, 39.183465 ], [ -93.901461, 39.184502 ], [ -93.899417, 39.184539 ], [ -93.896551, 39.186879 ], [ -93.890151, 39.192012 ], [ -93.887053, 39.194514 ], [ -93.885122, 39.196075 ], [ -93.87522, 39.20408 ], [ -93.873678, 39.205047 ], [ -93.872089, 39.205937 ], [ -93.861249, 39.210749 ], [ -93.855434, 39.212874 ], [ -93.848971, 39.214541 ], [ -93.84648, 39.214949 ], [ -93.840147, 39.215467 ], [ -93.828992, 39.215257 ], [ -93.824172, 39.214897 ], [ -93.818513, 39.213655 ], [ -93.810917, 39.210937 ], [ -93.802519, 39.207271 ], [ -93.799775, 39.205206 ], [ -93.794502, 39.202984 ], [ -93.788494, 39.20103 ], [ -93.784391, 39.200209 ], [ -93.78181, 39.20019 ], [ -93.778523, 39.200574 ], [ -93.774095, 39.201682 ], [ -93.768834, 39.203783 ], [ -93.760358, 39.206637 ], [ -93.758463, 39.207021 ], [ -93.746, 39.209487 ], [ -93.738956, 39.209655 ], [ -93.728851, 39.208437 ], [ -93.722891, 39.207098 ], [ -93.719246, 39.206396 ], [ -93.71121, 39.206262 ], [ -93.70781, 39.206895 ], [ -93.700057, 39.209725 ], [ -93.698499, 39.207388 ], [ -93.698576, 39.207115 ], [ -93.695527, 39.20574 ], [ -93.693248, 39.203982 ], [ -93.689828, 39.203502 ], [ -93.688626, 39.202452 ], [ -93.688555, 39.198343 ], [ -93.687981, 39.197253 ], [ -93.691562, 39.197248 ], [ -93.694659, 39.196641 ], [ -93.694538, 39.192939 ], [ -93.696899, 39.192722 ], [ -93.705154, 39.190673 ], [ -93.70564, 39.172678 ], [ -93.705117, 39.171988 ], [ -93.70422, 39.171106 ], [ -93.704213, 39.16745 ], [ -93.738444, 39.167988 ], [ -93.739162, 39.165618 ], [ -93.741871, 39.163941 ], [ -93.741883, 39.162239 ], [ -93.74462, 39.160963 ], [ -93.743941, 39.158711 ], [ -93.744469, 39.157837 ], [ -93.747151, 39.158385 ], [ -93.747813, 39.156874 ], [ -93.749554, 39.155725 ], [ -93.750167, 39.154582 ], [ -93.747599, 39.154644 ], [ -93.746429, 39.153691 ], [ -93.745424, 39.151426 ], [ -93.748183, 39.15265 ], [ -93.749582, 39.152402 ], [ -93.750039, 39.149632 ], [ -93.752637, 39.149805 ], [ -93.75272, 39.14662 ], [ -93.764435, 39.14691 ], [ -93.767232, 39.141298 ], [ -93.76755, 39.129161 ], [ -93.789126, 39.135786 ], [ -93.790792, 39.136578 ], [ -93.791206, 39.127191 ], [ -93.793745, 39.126161 ], [ -93.795671, 39.126017 ], [ -93.795901, 39.125834 ], [ -93.79632, 39.113257 ], [ -93.819714, 39.112745 ], [ -93.819865, 39.108738 ], [ -93.823833, 39.10828 ], [ -93.824324, 39.097644 ], [ -93.828269, 39.097753 ], [ -93.828386, 39.097701 ], [ -93.828346, 39.099021 ], [ -93.830498, 39.097638 ], [ -93.832042, 39.0985 ], [ -93.8357, 39.09673 ], [ -93.836412, 39.095725 ], [ -93.838907, 39.095548 ], [ -93.841754, 39.09429 ], [ -93.841028, 39.093422 ], [ -93.842458, 39.092664 ], [ -93.841513, 39.091318 ], [ -93.842534, 39.089538 ], [ -93.841575, 39.08839 ], [ -93.843668, 39.087 ], [ -93.845289, 39.083871 ], [ -93.88423, 39.085251 ], [ -93.901711, 39.085607 ], [ -93.901757, 39.08602 ], [ -93.903313, 39.086242 ], [ -93.904118, 39.086191 ], [ -93.905181, 39.08695 ], [ -93.905456, 39.086829 ], [ -93.906612, 39.087818 ], [ -93.906795, 39.088637 ], [ -93.907387, 39.088587 ], [ -93.908184, 39.088088 ], [ -93.908402, 39.088609 ], [ -93.90812, 39.089087 ], [ -93.907552, 39.089336 ], [ -93.909212, 39.090763 ], [ -93.910278, 39.090074 ], [ -93.910403, 39.090055 ], [ -93.910544, 39.089956 ], [ -93.91072, 39.089698 ], [ -93.910748, 39.089533 ], [ -93.910735, 39.089258 ], [ -93.910573, 39.08895 ], [ -93.910402, 39.088777 ], [ -93.911341, 39.088319 ], [ -93.913172, 39.087964 ], [ -93.913726, 39.091449 ], [ -93.912778, 39.092087 ], [ -93.911061, 39.090626 ], [ -93.910424, 39.09105 ], [ -93.911241, 39.093026 ], [ -93.911183, 39.095108 ], [ -93.912798, 39.095103 ], [ -93.915264, 39.099001 ], [ -93.915148, 39.100815 ], [ -93.916531, 39.102766 ], [ -93.918702, 39.103937 ], [ -93.922137, 39.10438 ], [ -93.924342, 39.105212 ], [ -93.923743, 39.106283 ], [ -93.921585, 39.106854 ], [ -93.921966, 39.108062 ], [ -93.924003, 39.10737 ], [ -93.924553, 39.107788 ], [ -93.924299, 39.1092 ], [ -93.925194, 39.109694 ], [ -93.926174, 39.108667 ], [ -93.929581, 39.109902 ], [ -93.930912, 39.109711 ], [ -93.934317, 39.112177 ], [ -93.93529, 39.112836 ], [ -93.936367, 39.1148 ], [ -93.939436, 39.114671 ], [ -93.939344, 39.116182 ], [ -93.941897, 39.117681 ], [ -93.94428, 39.119878 ], [ -93.94593, 39.119927 ], [ -93.947115, 39.121388 ], [ -93.945466, 39.123652 ], [ -93.945501, 39.124613 ], [ -93.943195, 39.124404 ], [ -93.942395, 39.125397 ], [ -93.940385, 39.12566 ], [ -93.941652, 39.128399 ], [ -93.940227, 39.128367 ], [ -93.939888, 39.130388 ], [ -93.937684, 39.130644 ], [ -93.936799, 39.131486 ], [ -93.938647, 39.132124 ], [ -93.937852, 39.13473 ], [ -93.939445, 39.135451 ], [ -93.937901, 39.137673 ], [ -93.940601, 39.136807 ], [ -93.941405, 39.138407 ], [ -93.942925, 39.139486 ], [ -93.941453, 39.14034 ], [ -93.944555, 39.141158 ], [ -93.9443, 39.142629 ], [ -93.946018, 39.143051 ], [ -93.947236, 39.142465 ], [ -93.947585, 39.140623 ], [ -93.949237, 39.140932 ], [ -93.949474, 39.14214 ], [ -93.948471, 39.143916 ], [ -93.950031, 39.145933 ], [ -93.949106, 39.14863 ], [ -93.949311, 39.149563 ], [ -93.950458, 39.150845 ] ] ] ] } },
{ "type": "Feature", "properties": { "ZCTA5CE20": "64110", "AFFGEOID20": "860Z200US64110", "GEOID20": "64110", "NAME20": "64110", "LSAD20": "Z5", "ALAND20": 7735932.0, "AWATER20": 0.0, "price_2012": 74642.34865867834, "price_2026": 254348.20961093533, "log_change": 1.2259962096354524, "pct_change": 2.4075590356087138, "dollar_change": 179705.860952257, "mci": 32047.51489, "plaza": 1875.3087, "pnl": 7195.706978, "legends": 24468.92784, "lees_summit": 21031.53007, "cbd": 4535.507839, "log_population": 9.7337662777179119, "median_income": 63044.0, "poverty_rate": 0.21876005922873881, "bachelors_only": 0.29060479269684292, "college_plus": 0.49343856979840245, "no_college": 0.5065614302015975 }, "geometry": { "type": "MultiPolygon", "coordinates": [ [ [ [ -94.583796, 39.013667 ], [ -94.583202, 39.013636 ], [ -94.583028, 39.016967 ], [ -94.582878, 39.019987 ], [ -94.583496, 39.020005 ], [ -94.583487, 39.020267 ], [ -94.583463, 39.020698 ], [ -94.582848, 39.02068 ], [ -94.582662, 39.023867 ], [ -94.582556, 39.026279 ], [ -94.583106, 39.026889 ], [ -94.583071, 39.027508 ], [ -94.582978, 39.029142 ], [ -94.582813, 39.032224 ], [ -94.582689, 39.034709 ], [ -94.582477, 39.038679 ], [ -94.5787, 39.038607 ], [ -94.578487, 39.040594 ], [ -94.580024, 39.040639 ], [ -94.579951, 39.041878 ], [ -94.579938, 39.042095 ], [ -94.578695, 39.041936 ], [ -94.579707, 39.044341 ], [ -94.579735, 39.0461 ], [ -94.582054, 39.046179 ], [ -94.582012, 39.046889 ], [ -94.581244, 39.048666 ], [ -94.581884, 39.049246 ], [ -94.581858, 39.049658 ], [ -94.581268, 39.049515 ], [ -94.581174, 39.050992 ], [ -94.580344, 39.055287 ], [ -94.581451, 39.056403 ], [ -94.58, 39.056349 ], [ -94.574469, 39.056167 ], [ -94.57212, 39.05608 ], [ -94.567486, 39.055915 ], [ -94.562865, 39.055749 ], [ -94.562051, 39.055721 ], [ -94.561461, 39.055702 ], [ -94.561679, 39.052118 ], [ -94.561896, 39.048511 ], [ -94.56242, 39.048533 ], [ -94.562246, 39.046597 ], [ -94.561688, 39.044897 ], [ -94.563461, 39.044956 ], [ -94.563553, 39.0434 ], [ -94.561075, 39.043306 ], [ -94.56028, 39.041035 ], [ -94.563694, 39.04103 ], [ -94.563867, 39.037731 ], [ -94.563268, 39.037706 ], [ -94.56381, 39.034129 ], [ -94.563582, 39.032298 ], [ -94.564187, 39.032372 ], [ -94.564262, 39.0305 ], [ -94.563693, 39.030479 ], [ -94.563896, 39.026838 ], [ -94.564127, 39.023221 ], [ -94.564343, 39.019609 ], [ -94.564725, 39.019622 ], [ -94.565544, 39.017246 ], [ -94.563382, 39.014957 ], [ -94.564775, 39.012854 ], [ -94.568156, 39.012999 ], [ -94.568858, 39.013026 ], [ -94.570454, 39.013089 ], [ -94.574554, 39.01325 ], [ -94.576885, 39.013355 ], [ -94.576949, 39.012141 ], [ -94.579242, 39.012254 ], [ -94.581344, 39.012566 ], [ -94.583866, 39.012419 ], [ -94.583796, 39.013667 ] ] ] ] } },
{ "type": "Feature", "properties": { "ZCTA5CE20": "64111", "AFFGEOID20": "860Z200US64111", "GEOID20": "64111", "NAME20": "64111", "LSAD20": "Z5", "ALAND20": 7017110.0, "AWATER20": 0.0, "price_2012": 134797.00994559436, "price_2026": 309039.46155360865, "log_change": 0.82969895921740466, "pct_change": 1.2926284617020851, "dollar_change": 174242.45160801429, "mci": 29025.26891, "plaza": 1644.914268, "pnl": 4777.479254, "legends": 21821.0272, "lees_summit": 24055.02913, "cbd": 3211.196761, "log_population": 9.7342993741321369, "median_income": 61729.0, "poverty_rate": 0.13907325092857578, "bachelors_only": 0.38352251371871005, "college_plus": 0.6548898744644065, "no_college": 0.3451101255355935 }, "geometry": { "type": "MultiPolygon", "coordinates": [ [ [ [ -94.607486485204404, 39.046446723923403 ], [ -94.607436799270999, 39.050236315233398 ], [ -94.607436783844307, 39.050237491837997 ], [ -94.607382659580495, 39.054365598650001 ], [ -94.607369223468197, 39.055390383153501 ], [ -94.607343791930205, 39.057330069669398 ], [ -94.607343702392598, 39.057336898781003 ], [ -94.607301380890306, 39.060564798235397 ], [ -94.6072837323903, 39.061910865379701 ], [ -94.607234, 39.065704 ], [ -94.607275304036506, 39.0723126458441 ], [ -94.605702, 39.071775 ], [ -94.603947, 39.071713 ], [ -94.594608, 39.071411 ], [ -94.594482, 39.071405 ], [ -94.58532, 39.071032 ], [ -94.580043, 39.070835 ], [ -94.580492, 39.068279 ], [ -94.585447, 39.068327 ], [ -94.58558, 39.065754 ], [ -94.584306, 39.064945 ], [ -94.580931, 39.064641 ], [ -94.580996, 39.063616 ], [ -94.580432, 39.063591 ], [ -94.580542, 39.061791 ], [ -94.581002, 39.06181 ], [ -94.580567, 39.061414 ], [ -94.580708, 39.056752 ], [ -94.580343, 39.056676 ], [ -94.58, 39.056349 ], [ -94.581451, 39.056403 ], [ -94.580344, 39.055287 ], [ -94.581174, 39.050992 ], [ -94.581268, 39.049515 ], [ -94.581858, 39.049658 ], [ -94.581884, 39.049246 ], [ -94.581244, 39.048666 ], [ -94.582012, 39.046889 ], [ -94.582054, 39.046179 ], [ -94.579735, 39.0461 ], [ -94.579707, 39.044341 ], [ -94.578695, 39.041936 ], [ -94.579938, 39.042095 ], [ -94.579951, 39.041878 ], [ -94.580024, 39.040639 ], [ -94.578487, 39.040594 ], [ -94.5787, 39.038607 ], [ -94.582477, 39.038679 ], [ -94.5823, 39.041964 ], [ -94.58229, 39.042151 ], [ -94.582493, 39.042141 ], [ -94.583522, 39.043049 ], [ -94.586844, 39.04356 ], [ -94.586799, 39.042215 ], [ -94.586735, 39.042101 ], [ -94.588037, 39.042149 ], [ -94.588032, 39.042257 ], [ -94.588212, 39.043187 ], [ -94.590294, 39.044059 ], [ -94.590412, 39.044437 ], [ -94.591145, 39.044463 ], [ -94.591157, 39.04409 ], [ -94.591455, 39.044101 ], [ -94.592332, 39.044129 ], [ -94.593731, 39.04418 ], [ -94.593753, 39.0445 ], [ -94.594206, 39.044552 ], [ -94.594204, 39.0442 ], [ -94.594566, 39.044216 ], [ -94.596105, 39.04425 ], [ -94.598427, 39.044341 ], [ -94.599084, 39.044358 ], [ -94.600727, 39.044418 ], [ -94.600738, 39.044218 ], [ -94.601361, 39.043983 ], [ -94.607510149528494, 39.044641824411599 ], [ -94.607486485204404, 39.046446723923403 ] ] ] ] } },
{ "type": "Feature", "properties": { "ZCTA5CE20": "66007", "AFFGEOID20": "860Z200US66007", "GEOID20": "66007", "NAME20": "66007", "LSAD20": "Z5", "ALAND20": 81290763.0, "AWATER20": 412549.0, "price_2012": 201513.09697187177, "price_2026": 442908.79964058031, "log_change": 0.78750950231168382, "pct_change": 1.1979157002505092, "dollar_change": 241395.70266870855, "mci": 26480.47578, "plaza": 32479.91374, "pnl": 31848.2334, "legends": 10056.74874, "lees_summit": 54669.59532, "cbd": 32164.07357, "log_population": 9.2252289844699327, "median_income": 121266.0, "poverty_rate": 0.054838068746274587, "bachelors_only": 0.25585768006942433, "college_plus": 0.42377784205958924, "no_college": 0.57622215794041076 }, "geometry": { "type": "MultiPolygon", "coordinates": [ [ [ [ -94.994083, 39.166472 ], [ -94.992838, 39.16645 ], [ -94.989742, 39.167784 ], [ -94.992112, 39.16956 ], [ -94.990975, 39.172316 ], [ -94.989123, 39.173305 ], [ -94.986835, 39.173379 ], [ -94.988564, 39.175488 ], [ -94.988138, 39.176937 ], [ -94.989381, 39.177538 ], [ -94.988329, 39.179243 ], [ -94.984975, 39.179301 ], [ -94.981769, 39.184576 ], [ -94.980359, 39.18516 ], [ -94.976805, 39.189585 ], [ -94.975416, 39.189791 ], [ -94.975321, 39.190742 ], [ -94.975351, 39.193765 ], [ -94.956546, 39.193798 ], [ -94.956581, 39.186671 ], [ -94.928363, 39.186778 ], [ -94.928389, 39.190386 ], [ -94.92371, 39.190352 ], [ -94.923853, 39.187994 ], [ -94.920084, 39.187905 ], [ -94.920084, 39.190959 ], [ -94.919084, 39.193327 ], [ -94.919058, 39.201373 ], [ -94.916257, 39.201265 ], [ -94.900478, 39.201501 ], [ -94.900544, 39.186939 ], [ -94.90068, 39.172374 ], [ -94.900827, 39.157827 ], [ -94.900862, 39.14315 ], [ -94.901394, 39.128686 ], [ -94.908275, 39.128654 ], [ -94.908389, 39.122318 ], [ -94.908465, 39.116001 ], [ -94.917723, 39.116083 ], [ -94.917791, 39.108759 ], [ -94.918683, 39.10877 ], [ -94.919925, 39.1058 ], [ -94.918963, 39.10358 ], [ -94.919131, 39.102633 ], [ -94.918034, 39.101031 ], [ -94.916267, 39.099896 ], [ -94.917624, 39.097918 ], [ -94.917282, 39.096941 ], [ -94.918688, 39.094286 ], [ -94.91992, 39.094227 ], [ -94.92009, 39.092615 ], [ -94.918792, 39.088943 ], [ -94.921303, 39.088162 ], [ -94.927609, 39.085308 ], [ -94.931387, 39.08438 ], [ -94.943007, 39.08343 ], [ -94.948716, 39.082649 ], [ -94.964392, 39.079615 ], [ -94.964392, 39.079504 ], [ -94.982977, 39.075435 ], [ -94.982893, 39.087162 ], [ -94.984134, 39.088092 ], [ -94.987526, 39.088128 ], [ -94.987437, 39.098197 ], [ -94.984563, 39.098108 ], [ -94.984598, 39.100572 ], [ -94.983706, 39.1005 ], [ -94.98374, 39.101701 ], [ -94.987424, 39.103622 ], [ -94.987496, 39.112638 ], [ -94.982855, 39.113017 ], [ -94.982787, 39.116377 ], [ -94.97358, 39.11637 ], [ -94.971748, 39.116372 ], [ -94.964247, 39.116015 ], [ -94.964244, 39.119901 ], [ -94.973471, 39.119886 ], [ -94.973497, 39.123479 ], [ -94.966282, 39.123528 ], [ -94.965593, 39.122733 ], [ -94.964954, 39.124251 ], [ -94.969134, 39.125172 ], [ -94.971675, 39.12809 ], [ -94.975649, 39.128571 ], [ -94.98098, 39.128562 ], [ -94.98151, 39.130454 ], [ -94.980348, 39.131895 ], [ -94.981483, 39.133684 ], [ -94.985686, 39.132611 ], [ -94.985759, 39.133304 ], [ -94.988164, 39.13232 ], [ -94.988785, 39.133271 ], [ -94.987804, 39.135207 ], [ -94.987372, 39.13972 ], [ -94.98409, 39.143145 ], [ -94.984976, 39.143148 ], [ -94.985072, 39.158356 ], [ -94.992202, 39.158707 ], [ -94.994078, 39.157995 ], [ -94.994083, 39.166472 ] ] ] ] } },
{ "type": "Feature", "properties": { "ZCTA5CE20": "64114", "AFFGEOID20": "860Z200US64114", "GEOID20": "64114", "NAME20": "64114", "LSAD20": "Z5", "ALAND20": 18326761.0, "AWATER20": 6621.0, "price_2012": 127255.66064347792, "price_2026": 304453.55331710115, "log_change": 0.87232040238367681, "pct_change": 1.3924558780144523, "dollar_change": 177197.89267362322, "mci": 39394.61459, "plaza": 9383.602592, "pnl": 15715.19426, "legends": 27379.2725, "lees_summit": 19072.09852, "cbd": 12549.398426, "log_population": 10.095305541807429, "median_income": 81275.0, "poverty_rate": 0.067819924968736969, "bachelors_only": 0.35646032405484007, "college_plus": 0.55899459908599913, "no_college": 0.44100540091400087 }, "geometry": { "type": "MultiPolygon", "coordinates": [ [ [ [ -94.608334, 38.981806 ], [ -94.608300616654702, 38.984352178091697 ], [ -94.608284542888597, 38.985578138847401 ], [ -94.608283832015204, 38.985632357806097 ], [ -94.608257739496494, 38.987622457930399 ], [ -94.608187915623006, 38.992947988237901 ], [ -94.608187153294907, 38.993006131692901 ], [ -94.608093663377701, 39.000136692665897 ], [ -94.608093083785803, 39.000180898664603 ], [ -94.608088182175507, 39.000554748941902 ], [ -94.608086331840198, 39.000695875694603 ], [ -94.603356, 39.000495 ], [ -94.603391, 39.000033 ], [ -94.603002, 39.000023 ], [ -94.600417, 38.999917 ], [ -94.600382, 39.000369 ], [ -94.597161, 39.000204 ], [ -94.597229, 38.999776 ], [ -94.596861, 38.999758 ], [ -94.596834, 39.000209 ], [ -94.596038, 39.000191 ], [ -94.594459, 39.000064 ], [ -94.594491, 38.999645 ], [ -94.593813, 38.999614 ], [ -94.593278, 38.999588 ], [ -94.593239, 39.000343 ], [ -94.589133, 39.000157 ], [ -94.589149, 38.99941 ], [ -94.587979, 38.999362 ], [ -94.586783, 38.999312 ], [ -94.58667, 39.000066 ], [ -94.584481, 39.000083 ], [ -94.584518, 38.999219 ], [ -94.584594, 38.999222 ], [ -94.584673, 38.997392 ], [ -94.584751, 38.995585 ], [ -94.584928, 38.991947 ], [ -94.584176, 38.991493 ], [ -94.584529, 38.988288 ], [ -94.585178, 38.986902 ], [ -94.585284, 38.984696 ], [ -94.585623, 38.977498 ], [ -94.585014, 38.9773 ], [ -94.585183, 38.973802 ], [ -94.585796, 38.97383 ], [ -94.586062, 38.968411 ], [ -94.585873, 38.96796 ], [ -94.585937, 38.966527 ], [ -94.586142, 38.966534 ], [ -94.586315, 38.96298 ], [ -94.586332, 38.96219 ], [ -94.586472, 38.960203 ], [ -94.581784, 38.960058 ], [ -94.582003, 38.955523 ], [ -94.583872, 38.955607 ], [ -94.584377, 38.956158 ], [ -94.585345, 38.956476 ], [ -94.586317, 38.956909 ], [ -94.586598, 38.956942 ], [ -94.586663, 38.955557 ], [ -94.587312, 38.952784 ], [ -94.587354, 38.952124 ], [ -94.586924, 38.950295 ], [ -94.586827, 38.948463 ], [ -94.587107, 38.948015 ], [ -94.587199, 38.944552 ], [ -94.587344, 38.941207 ], [ -94.582809, 38.94061 ], [ -94.582817, 38.940393 ], [ -94.587412, 38.940587 ], [ -94.58754, 38.937592 ], [ -94.585596, 38.937507 ], [ -94.586959, 38.936401 ], [ -94.58755, 38.933332 ], [ -94.587593, 38.932654 ], [ -94.588089, 38.926171 ], [ -94.58825, 38.924075 ], [ -94.584766, 38.923074 ], [ -94.584927, 38.921337 ], [ -94.588419, 38.921569 ], [ -94.588492, 38.920407 ], [ -94.586751, 38.919782 ], [ -94.586892, 38.918666 ], [ -94.587039, 38.918193 ], [ -94.588738, 38.918194 ], [ -94.588431, 38.917709 ], [ -94.58878, 38.915207 ], [ -94.589377, 38.914363 ], [ -94.591027, 38.914841 ], [ -94.593458, 38.914226 ], [ -94.593551, 38.912868 ], [ -94.600086, 38.912743 ], [ -94.600705, 38.913855 ], [ -94.604926, 38.912973 ], [ -94.608002819766796, 38.912924340284299 ], [ -94.607995565069103, 38.919923540717299 ], [ -94.607995200775704, 38.920275004354103 ], [ -94.607985907151303, 38.929241324209997 ], [ -94.607979799363306, 38.935134007047601 ], [ -94.607978023842804, 38.9368469969152 ], [ -94.607978022843497, 38.936847961007999 ], [ -94.607978, 38.93687 ], [ -94.607926744844804, 38.937111631445802 ], [ -94.607866, 38.937398 ], [ -94.608134, 38.940006 ], [ -94.608134, 38.942006 ], [ -94.608134326897499, 38.942071052608298 ], [ -94.608170778496003, 38.949324920711099 ], [ -94.608207947805695, 38.956721613327602 ], [ -94.608207994421704, 38.956730889918198 ], [ -94.608262108024903, 38.967499496944598 ], [ -94.608294325620903, 38.973910798552801 ], [ -94.608298290742894, 38.974699857835503 ], [ -94.608318515554799, 38.9787245953992 ], [ -94.608334, 38.981806 ] ] ] ] } },
{ "type": "Feature", "properties": { "ZCTA5CE20": "66767", "AFFGEOID20": "860Z200US66767", "GEOID20": "66767", "NAME20": "66767", "LSAD20": "Z5", "ALAND20": 119037684.0, "AWATER20": 1619138.0, "price_2012": 59770.448583048681, "price_2026": 173456.8581957219, "log_change": 1.0654175445725631, "pct_change": 1.902050466539672, "dollar_change": 113686.40961267322, "mci": 135732.9896, "plaza": 107621.3195, "pnl": 113963.7277, "legends": 116621.2393, "lees_summit": 97288.88024, "cbd": 110792.5236, "log_population": 5.9242557974145322, "median_income": 46635.0, "poverty_rate": 0.23209169054441262, "bachelors_only": 0.15267175572519084, "college_plus": 0.19847328244274809, "no_college": 0.80152671755725191 }, "geometry": { "type": "MultiPolygon", "coordinates": [ [ [ [ -94.823537, 38.06641 ], [ -94.805614, 38.066416 ], [ -94.805471, 38.080873 ], [ -94.787071, 38.080852 ], [ -94.78723, 38.109903 ], [ -94.778209, 38.109877 ], [ -94.778034, 38.113172 ], [ -94.768773, 38.113483 ], [ -94.768907, 38.124387 ], [ -94.760091, 38.124377 ], [ -94.750518, 38.124317 ], [ -94.750418, 38.109967 ], [ -94.747035, 38.109772 ], [ -94.732016, 38.109804 ], [ -94.713281, 38.109909 ], [ -94.713307, 38.124418 ], [ -94.695222, 38.124413 ], [ -94.695201, 38.109913 ], [ -94.676789, 38.109952 ], [ -94.676812, 38.095413 ], [ -94.658381, 38.095407 ], [ -94.658359, 38.109941 ], [ -94.613955056365299, 38.109940609894501 ], [ -94.614061, 38.067343 ], [ -94.614089, 38.065901 ], [ -94.614055, 38.060088 ], [ -94.614054897209201, 38.060055858415197 ], [ -94.614027452139098, 38.051474081703702 ], [ -94.658371, 38.05165 ], [ -94.658313, 38.037225 ], [ -94.685955, 38.03735 ], [ -94.685973, 38.051685 ], [ -94.695367, 38.051707 ], [ -94.695364, 38.045658 ], [ -94.696329, 38.041982 ], [ -94.697418, 38.04136 ], [ -94.713449, 38.041405 ], [ -94.713342, 38.051802 ], [ -94.731816, 38.051759 ], [ -94.731831, 38.04263 ], [ -94.731467, 38.041535 ], [ -94.732075, 38.03744 ], [ -94.74103, 38.037303 ], [ -94.750446, 38.037144 ], [ -94.750181, 38.04146 ], [ -94.76855, 38.041526 ], [ -94.768567, 38.051875 ], [ -94.784279, 38.051936 ], [ -94.787125, 38.051815 ], [ -94.788125, 38.050435 ], [ -94.786042, 38.049556 ], [ -94.787549, 38.047495 ], [ -94.788726, 38.044785 ], [ -94.788691, 38.043347 ], [ -94.790098, 38.042671 ], [ -94.789784, 38.041636 ], [ -94.805612, 38.041547 ], [ -94.805572, 38.05186 ], [ -94.823601, 38.051879 ], [ -94.823537, 38.06641 ] ] ] ] } },
{ "type": "Feature", "properties": { "ZCTA5CE20": "64116", "AFFGEOID20": "860Z200US64116", "GEOID20": "64116", "NAME20": "64116", "LSAD20": "Z5", "ALAND20": 28069309.0, "AWATER20": 1922100.0, "price_2012": 98965.197264939197, "price_2026": 264711.74707340071, "log_change": 0.98387324151683764, "pct_change": 1.6747963363801752, "dollar_change": 165746.54980846151, "mci": 20868.1773, "plaza": 11905.79987, "pnl": 5559.036791, "legends": 22368.47868, "lees_summit": 30722.16133, "cbd": 8732.4183305000006, "log_population": 9.8006793325544468, "median_income": 64123.0, "poverty_rate": 0.10067785309478831, "bachelors_only": 0.25079224703367969, "college_plus": 0.39361780529147322, "no_college": 0.60638219470852683 }, "geometry": { "type": "MultiPolygon", "coordinates": [ [ [ [ -94.60829, 39.117944 ], [ -94.605734, 39.122204 ], [ -94.600434, 39.128503 ], [ -94.592533, 39.135903 ], [ -94.589898, 39.138979 ], [ -94.588413, 39.149869 ], [ -94.590661, 39.154767 ], [ -94.596033, 39.157703 ], [ -94.601733, 39.159603 ], [ -94.601558, 39.16611 ], [ -94.598776, 39.165713 ], [ -94.598669, 39.166259 ], [ -94.60154, 39.167445 ], [ -94.601466, 39.179732 ], [ -94.60146, 39.180141 ], [ -94.60132, 39.180586 ], [ -94.597265, 39.182209 ], [ -94.597096, 39.18274 ], [ -94.593792, 39.181565 ], [ -94.59347, 39.182467 ], [ -94.59305, 39.183397 ], [ -94.592564, 39.183119 ], [ -94.592335, 39.183009 ], [ -94.586626, 39.180333 ], [ -94.58592, 39.180431 ], [ -94.585592, 39.180476 ], [ -94.582669, 39.179697 ], [ -94.576736, 39.179598 ], [ -94.576723, 39.181184 ], [ -94.576552, 39.181183 ], [ -94.569686, 39.181129 ], [ -94.569691, 39.179418 ], [ -94.567418, 39.179915 ], [ -94.566481, 39.178425 ], [ -94.562797, 39.176753 ], [ -94.559967, 39.174162 ], [ -94.558813, 39.175355 ], [ -94.559587, 39.178822 ], [ -94.559019, 39.181027 ], [ -94.55832, 39.181058 ], [ -94.553753, 39.180958 ], [ -94.551213, 39.180892 ], [ -94.551282, 39.179815 ], [ -94.548958, 39.179774 ], [ -94.549013, 39.173001 ], [ -94.549262, 39.169867 ], [ -94.549113, 39.16654 ], [ -94.549019, 39.165734 ], [ -94.547777, 39.164459 ], [ -94.549316, 39.164176 ], [ -94.54953, 39.164322 ], [ -94.547748, 39.161948 ], [ -94.546748, 39.159886 ], [ -94.54672, 39.159168 ], [ -94.54705, 39.159172 ], [ -94.549283, 39.159228 ], [ -94.54931, 39.15565 ], [ -94.548158, 39.153548 ], [ -94.548035, 39.152038 ], [ -94.548041, 39.151543 ], [ -94.548673, 39.146814 ], [ -94.542381, 39.147473 ], [ -94.54081, 39.14792 ], [ -94.540114, 39.1482 ], [ -94.536162, 39.150275 ], [ -94.534061, 39.145908 ], [ -94.53572, 39.144947 ], [ -94.539232, 39.142703 ], [ -94.546132, 39.134303 ], [ -94.549573, 39.130895 ], [ -94.554952, 39.127428 ], [ -94.558317, 39.125757 ], [ -94.564724, 39.12346 ], [ -94.565803, 39.12325 ], [ -94.566029, 39.123151 ], [ -94.578825, 39.117476 ], [ -94.579019, 39.117367 ], [ -94.579954, 39.116848 ], [ -94.589685, 39.11253 ], [ -94.595725, 39.110004 ], [ -94.597756, 39.109763 ], [ -94.603901, 39.110916 ], [ -94.607354, 39.113444 ], [ -94.60829, 39.117944 ] ] ] ] } },
{ "type": "Feature", "properties": { "ZCTA5CE20": "66033", "AFFGEOID20": "860Z200US66033", "GEOID20": "66033", "NAME20": "66033", "LSAD20": "Z5", "ALAND20": 133168125.0, "AWATER20": 705040.0, "price_2012": 68351.132256650584, "price_2026": 214986.37974023368, "log_change": 1.1459165474736501, "pct_change": 2.1453228738477184, "dollar_change": 146635.24748358311, "mci": 110444.3899, "plaza": 89113.58704, "pnl": 94975.55365, "legends": 88794.37603, "lees_summit": 89547.36719, "cbd": 92044.570345, "log_population": 6.5102583405231496, "median_income": 91540.0, "poverty_rate": 0.084821428571428575, "bachelors_only": 0.085981308411214957, "college_plus": 0.14205607476635515, "no_college": 0.85794392523364482 }, "geometry": { "type": "MultiPolygon", "coordinates": [ [ [ [ -95.231409, 38.324267 ], [ -95.230557, 38.325068 ], [ -95.229447, 38.329736 ], [ -95.227313, 38.331799 ], [ -95.224906, 38.331819 ], [ -95.224389, 38.333477 ], [ -95.222327, 38.335494 ], [ -95.204014, 38.335219 ], [ -95.203521, 38.346467 ], [ -95.203711, 38.368264 ], [ -95.194603, 38.368288 ], [ -95.194784, 38.390198 ], [ -95.176379, 38.390079 ], [ -95.17635, 38.397353 ], [ -95.157687, 38.397317 ], [ -95.15761, 38.404548 ], [ -95.138928, 38.404469 ], [ -95.138877, 38.411751 ], [ -95.124605, 38.411776 ], [ -95.122452, 38.416485 ], [ -95.122615, 38.419334 ], [ -95.121083, 38.422089 ], [ -95.120002, 38.422799 ], [ -95.121169, 38.427139 ], [ -95.115855, 38.427186 ], [ -95.116429, 38.425144 ], [ -95.112989, 38.424377 ], [ -95.111805, 38.42511 ], [ -95.110532, 38.421538 ], [ -95.10922, 38.421967 ], [ -95.109863, 38.423983 ], [ -95.107914, 38.426424 ], [ -95.106844, 38.423533 ], [ -95.103946, 38.422486 ], [ -95.105182, 38.42026 ], [ -95.103834, 38.418374 ], [ -95.103491, 38.416191 ], [ -95.104224, 38.414119 ], [ -95.103515, 38.409887 ], [ -95.10451, 38.407892 ], [ -95.110766, 38.407333 ], [ -95.113423, 38.404717 ], [ -95.111901, 38.404731 ], [ -95.11601, 38.397195 ], [ -95.104392, 38.397065 ], [ -95.102727, 38.399203 ], [ -95.10247, 38.411597 ], [ -95.091749, 38.411565 ], [ -95.088532, 38.411985 ], [ -95.08648, 38.411545 ], [ -95.075306, 38.411432 ], [ -95.077048, 38.408943 ], [ -95.076598, 38.408009 ], [ -95.074905, 38.40795 ], [ -95.071879, 38.407068 ], [ -95.070337, 38.40727 ], [ -95.066429, 38.40502 ], [ -95.065955, 38.404328 ], [ -95.065945, 38.403272 ], [ -95.065894, 38.397206 ], [ -95.065831, 38.389945 ], [ -95.056645, 38.389886 ], [ -95.056558, 38.375182 ], [ -95.038304, 38.375038 ], [ -95.038164, 38.353403 ], [ -95.038722, 38.351658 ], [ -95.038204, 38.350441 ], [ -95.038209, 38.345949 ], [ -95.056631, 38.346086 ], [ -95.065828, 38.346201 ], [ -95.065886, 38.333738 ], [ -95.065096, 38.316715 ], [ -95.08352, 38.316981 ], [ -95.083728, 38.302394 ], [ -95.102228, 38.302602 ], [ -95.102068, 38.316926 ], [ -95.129682, 38.317035 ], [ -95.13188, 38.316403 ], [ -95.132836, 38.317014 ], [ -95.157692, 38.317032 ], [ -95.157652, 38.332775 ], [ -95.159245, 38.332999 ], [ -95.160885, 38.331335 ], [ -95.163624, 38.329898 ], [ -95.162902, 38.327633 ], [ -95.164131, 38.322756 ], [ -95.165898, 38.323655 ], [ -95.165037, 38.322098 ], [ -95.165522, 38.320667 ], [ -95.16938, 38.321678 ], [ -95.169804, 38.320336 ], [ -95.166871, 38.320013 ], [ -95.169919, 38.318862 ], [ -95.170039, 38.317501 ], [ -95.166741, 38.317776 ], [ -95.166081, 38.317028 ], [ -95.189211, 38.317144 ], [ -95.194918, 38.302645 ], [ -95.212768, 38.302793 ], [ -95.212885, 38.317361 ], [ -95.231413, 38.317264 ], [ -95.231409, 38.324267 ] ] ] ] } },
{ "type": "Feature", "properties": { "ZCTA5CE20": "64082", "AFFGEOID20": "860Z200US64082", "GEOID20": "64082", "NAME20": "64082", "LSAD20": "Z5", "ALAND20": 53143962.0, "AWATER20": 2195955.0, "price_2012": 228084.43489327037, "price_2026": 463937.62772952509, "log_change": 0.71003423131493015, "pct_change": 1.0340608860338043, "dollar_change": 235853.19283625472, "mci": 55313.95619, "plaza": 25464.43973, "pnl": 30071.01407, "legends": 46785.72258, "lees_summit": 5726.089222, "cbd": 27767.7269, "log_population": 9.9068817856041438, "median_income": 131453.0, "poverty_rate": 0.030820033021463952, "bachelors_only": 0.35707129094412332, "college_plus": 0.5691714836223507, "no_college": 0.4308285163776493 }, "geometry": { "type": "MultiPolygon", "coordinates": [ [ [ [ -94.470385, 38.88565 ], [ -94.469581, 38.899258 ], [ -94.464388, 38.899032 ], [ -94.466868, 38.901054 ], [ -94.468743, 38.900052 ], [ -94.467408, 38.901705 ], [ -94.469273, 38.904425 ], [ -94.469202, 38.905604 ], [ -94.468745, 38.913286 ], [ -94.458115, 38.912935 ], [ -94.458726, 38.9045 ], [ -94.453474, 38.904332 ], [ -94.453345, 38.905907 ], [ -94.451407, 38.905941 ], [ -94.451685, 38.904296 ], [ -94.451636, 38.903239 ], [ -94.451817, 38.902702 ], [ -94.451807, 38.901976 ], [ -94.451769, 38.898953 ], [ -94.449743, 38.898278 ], [ -94.44908, 38.898284 ], [ -94.448966, 38.898248 ], [ -94.447895, 38.898234 ], [ -94.442429, 38.898307 ], [ -94.442374, 38.89528 ], [ -94.442672, 38.894617 ], [ -94.442933, 38.891113 ], [ -94.43814, 38.890918 ], [ -94.414986, 38.890151 ], [ -94.399275, 38.889577 ], [ -94.396553, 38.889665 ], [ -94.377817, 38.888919 ], [ -94.37792, 38.887825 ], [ -94.374032, 38.887325 ], [ -94.37327, 38.888709 ], [ -94.37025, 38.888577 ], [ -94.365562, 38.888428 ], [ -94.362797, 38.884883 ], [ -94.36302, 38.88011 ], [ -94.361916, 38.879232 ], [ -94.357979, 38.879095 ], [ -94.357675, 38.880906 ], [ -94.35953, 38.884865 ], [ -94.359272, 38.88944 ], [ -94.356291, 38.889237 ], [ -94.356478, 38.886997 ], [ -94.348599, 38.886735 ], [ -94.348337, 38.892449 ], [ -94.34034, 38.892403 ], [ -94.341811, 38.865999 ], [ -94.348449, 38.866197 ], [ -94.348777, 38.866208 ], [ -94.360438, 38.866545 ], [ -94.360464, 38.865813 ], [ -94.361222, 38.85208 ], [ -94.361564, 38.846388 ], [ -94.361971, 38.837602 ], [ -94.376002, 38.838005 ], [ -94.376147, 38.835133 ], [ -94.376265, 38.832562 ], [ -94.376105, 38.831285 ], [ -94.375578, 38.829824 ], [ -94.373564, 38.826114 ], [ -94.373131, 38.824846 ], [ -94.372834, 38.823018 ], [ -94.373183, 38.823025 ], [ -94.37693, 38.823214 ], [ -94.377642, 38.823619 ], [ -94.3794, 38.823692 ], [ -94.381012, 38.822384 ], [ -94.381071, 38.817769 ], [ -94.383321, 38.815581 ], [ -94.384863, 38.81481 ], [ -94.386755, 38.814972 ], [ -94.387542, 38.813693 ], [ -94.389983, 38.812161 ], [ -94.391363, 38.81267 ], [ -94.393733, 38.811769 ], [ -94.394289, 38.810199 ], [ -94.39688, 38.810686 ], [ -94.398297, 38.810049 ], [ -94.401073, 38.81012 ], [ -94.400738, 38.816663 ], [ -94.400299, 38.824364 ], [ -94.400242, 38.824638 ], [ -94.400052, 38.827924 ], [ -94.399824, 38.831631 ], [ -94.399447, 38.838809 ], [ -94.417875, 38.839307 ], [ -94.418523, 38.839316 ], [ -94.426801, 38.839506 ], [ -94.431168, 38.839615 ], [ -94.430429, 38.854044 ], [ -94.430406, 38.85417 ], [ -94.429653, 38.868754 ], [ -94.432351, 38.868849 ], [ -94.434988, 38.868849 ], [ -94.434983, 38.869355 ], [ -94.443779, 38.869668 ], [ -94.443802, 38.86912 ], [ -94.462719, 38.869816 ], [ -94.462703, 38.870367 ], [ -94.462546, 38.873497 ], [ -94.471095, 38.873823 ], [ -94.470385, 38.88565 ] ] ] ] } },
{ "type": "Feature", "properties": { "ZCTA5CE20": "66018", "AFFGEOID20": "860Z200US66018", "GEOID20": "66018", "NAME20": "66018", "LSAD20": "Z5", "ALAND20": 60115342.0, "AWATER20": 3725169.0, "price_2012": 171605.71119651254, "price_2026": 420237.34538548259, "log_change": 0.89562019119366987, "pct_change": 1.4488540763322968, "dollar_change": 248631.63418897006, "mci": 43209.49069, "plaza": 34056.37799, "pnl": 36985.40455, "legends": 21428.53878, "lees_summit": 51304.81779, "cbd": 35520.89127, "log_population": 8.792397742356906, "median_income": 105357.0, "poverty_rate": 0.058995237363650331, "bachelors_only": 0.2568318666049097, "college_plus": 0.38860583603520149, "no_college": 0.61139416396479851 }, "geometry": { "type": "MultiPolygon", "coordinates": [ [ [ [ -95.056258, 38.98212 ], [ -95.049859, 38.978034 ], [ -95.043907, 38.975126 ], [ -95.040672, 38.974156 ], [ -95.038373, 38.974204 ], [ -95.035092, 38.97489 ], [ -95.030549, 38.97695 ], [ -95.02818, 38.978569 ], [ -95.026253, 38.98086 ], [ -95.024509, 38.984111 ], [ -95.024175, 38.987236 ], [ -95.023638, 38.988238 ], [ -95.026045, 38.992337 ], [ -95.024636, 38.995846 ], [ -95.021817, 38.999624 ], [ -95.014057, 39.000858 ], [ -95.011429, 39.000806 ], [ -95.003617, 38.99893 ], [ -94.995798, 38.995716 ], [ -94.993559, 38.995044 ], [ -94.987656, 38.994085 ], [ -94.980362, 38.992407 ], [ -94.977595, 38.990871 ], [ -94.974716, 38.987874 ], [ -94.971604, 38.98519 ], [ -94.964883, 38.982141 ], [ -94.956545, 38.981972 ], [ -94.955086, 38.982378 ], [ -94.948275, 38.984214 ], [ -94.944388, 38.98639 ], [ -94.94055, 38.989982 ], [ -94.938925, 38.994662 ], [ -94.935174, 38.997474 ], [ -94.931924, 39.001108 ], [ -94.929936, 39.001959 ], [ -94.927474, 39.002039 ], [ -94.923349, 39.002633 ], [ -94.919896, 39.001539 ], [ -94.917043, 38.998852 ], [ -94.916243, 38.9969 ], [ -94.916291, 38.995156 ], [ -94.917747, 38.99282 ], [ -94.918912, 38.991863 ], [ -94.920863, 38.98872 ], [ -94.921748, 38.985786 ], [ -94.92086, 38.984318 ], [ -94.919426, 38.983544 ], [ -94.917493, 38.984289 ], [ -94.913796, 38.986484 ], [ -94.908765, 38.991401 ], [ -94.908789, 38.98997 ], [ -94.908885, 38.9892 ], [ -94.908791, 38.985325 ], [ -94.908799, 38.979529 ], [ -94.908839, 38.974375 ], [ -94.908736, 38.967221 ], [ -94.908738, 38.966489 ], [ -94.908736, 38.966228 ], [ -94.90893, 38.965635 ], [ -94.908733, 38.965599 ], [ -94.908739, 38.952744 ], [ -94.908741, 38.950109 ], [ -94.911181, 38.949952 ], [ -94.911187, 38.95261 ], [ -94.915689, 38.952651 ], [ -94.915709, 38.955275 ], [ -94.917984, 38.95504 ], [ -94.917998, 38.952672 ], [ -94.922396, 38.952706 ], [ -94.923065, 38.951468 ], [ -94.925043, 38.952186 ], [ -94.926215, 38.950391 ], [ -94.928175, 38.949089 ], [ -94.931399, 38.949024 ], [ -94.932672, 38.946056 ], [ -94.93499, 38.943339 ], [ -94.939189, 38.942139 ], [ -94.939899, 38.939225 ], [ -94.940023, 38.936969 ], [ -94.938619, 38.936371 ], [ -94.938286, 38.933646 ], [ -94.935583, 38.930924 ], [ -94.934299, 38.93135 ], [ -94.931192, 38.929306 ], [ -94.931694, 38.92807 ], [ -94.930194, 38.926621 ], [ -94.930576, 38.925022 ], [ -94.929617, 38.924431 ], [ -94.929156, 38.922431 ], [ -94.927291, 38.921396 ], [ -94.927286, 38.920049 ], [ -94.945833, 38.920259 ], [ -94.94585, 38.927424 ], [ -94.955143, 38.927441 ], [ -94.955231, 38.934664 ], [ -94.973413, 38.934697 ], [ -94.973747, 38.936928 ], [ -94.977217, 38.938619 ], [ -94.979109, 38.93851 ], [ -94.980907, 38.937797 ], [ -94.980512, 38.936853 ], [ -94.978446, 38.93614 ], [ -94.978944, 38.934821 ], [ -94.979987, 38.934545 ], [ -94.983308, 38.931721 ], [ -94.983547, 38.930405 ], [ -94.985017, 38.932969 ], [ -94.992129, 38.933018 ], [ -94.992145, 38.947243 ], [ -94.992659, 38.948113 ], [ -94.993569, 38.945181 ], [ -94.995058, 38.94363 ], [ -94.997902, 38.942351 ], [ -95.001023, 38.94214 ], [ -95.001138, 38.942144 ], [ -95.006155, 38.942129 ], [ -95.037838, 38.942455 ], [ -95.03785, 38.944459 ], [ -95.033481, 38.946688 ], [ -95.029809, 38.949971 ], [ -95.026427, 38.95453 ], [ -95.02233, 38.958072 ], [ -95.01936, 38.95963 ], [ -95.019381, 38.964065 ], [ -95.027566, 38.963941 ], [ -95.035635, 38.964155 ], [ -95.035482, 38.971397 ], [ -95.036433, 38.971366 ], [ -95.036361, 38.973259 ], [ -95.040121, 38.97231 ], [ -95.04985, 38.96807 ], [ -95.056466, 38.966067 ], [ -95.056258, 38.98212 ] ] ] ] } },
{ "type": "Feature", "properties": { "ZCTA5CE20": "64444", "AFFGEOID20": "860Z200US64444", "GEOID20": "64444", "NAME20": "64444", "LSAD20": "Z5", "ALAND20": 89484828.0, "AWATER20": 286878.0, "price_2012": 128395.98978533332, "price_2026": 344610.11216152762, "log_change": 0.98729450973250366, "pct_change": 1.6839632042845347, "dollar_change": 216214.12237619428, "mci": 21452.95298, "plaza": 49127.80176, "pnl": 42967.39881, "legends": 43236.90826, "lees_summit": 66798.98284, "cbd": 46047.600285, "log_population": 6.9498564550007726, "median_income": 68482.0, "poverty_rate": 0.13806327900287632, "bachelors_only": 0.11414982164090369, "college_plus": 0.18906064209274673, "no_college": 0.81093935790725324 }, "geometry": { "type": "MultiPolygon", "coordinates": [ [ [ [ -94.69011, 39.433427 ], [ -94.689144, 39.436448 ], [ -94.68819, 39.437924 ], [ -94.686853, 39.43861 ], [ -94.683727, 39.439276 ], [ -94.679733, 39.441099 ], [ -94.677114, 39.44126 ], [ -94.675862, 39.442199 ], [ -94.676125, 39.443227 ], [ -94.678852, 39.445454 ], [ -94.682282, 39.447205 ], [ -94.681138, 39.450078 ], [ -94.681216, 39.452661 ], [ -94.682257, 39.453445 ], [ -94.685901, 39.45363 ], [ -94.687705, 39.454748 ], [ -94.688741, 39.456667 ], [ -94.688768, 39.462318 ], [ -94.688219, 39.462961 ], [ -94.686652, 39.462406 ], [ -94.683511, 39.463574 ], [ -94.680132, 39.463091 ], [ -94.674183, 39.461449 ], [ -94.67265, 39.460777 ], [ -94.667749, 39.46134 ], [ -94.666305, 39.461887 ], [ -94.665459, 39.465065 ], [ -94.661808, 39.465263 ], [ -94.660652, 39.466794 ], [ -94.658979, 39.467819 ], [ -94.659227, 39.469391 ], [ -94.662041, 39.469178 ], [ -94.663714, 39.470531 ], [ -94.667743, 39.470669 ], [ -94.667888, 39.473095 ], [ -94.664066, 39.477275 ], [ -94.663882, 39.477834 ], [ -94.663847, 39.477999 ], [ -94.663767, 39.478063 ], [ -94.664467, 39.479222 ], [ -94.66686, 39.480006 ], [ -94.667138, 39.480593 ], [ -94.665588, 39.481765 ], [ -94.662374, 39.481754 ], [ -94.661028, 39.480852 ], [ -94.660232, 39.479372 ], [ -94.658867, 39.479427 ], [ -94.656011, 39.481024 ], [ -94.655348, 39.482003 ], [ -94.654909, 39.485786 ], [ -94.655243, 39.486663 ], [ -94.655695, 39.487183 ], [ -94.659037, 39.487257 ], [ -94.661001, 39.486371 ], [ -94.662263, 39.486787 ], [ -94.665225, 39.488086 ], [ -94.670366, 39.489552 ], [ -94.67064, 39.491084 ], [ -94.66714, 39.492212 ], [ -94.665186, 39.493596 ], [ -94.664909, 39.495172 ], [ -94.66685, 39.495604 ], [ -94.669577, 39.495413 ], [ -94.670077, 39.496024 ], [ -94.667952, 39.497899 ], [ -94.668083, 39.498715 ], [ -94.66978, 39.499253 ], [ -94.672587, 39.501753 ], [ -94.675559, 39.502115 ], [ -94.676535, 39.503601 ], [ -94.675436, 39.504529 ], [ -94.671638, 39.504264 ], [ -94.670423, 39.50469 ], [ -94.670116, 39.506317 ], [ -94.671967, 39.508333 ], [ -94.672803, 39.50997 ], [ -94.674309, 39.511027 ], [ -94.674528, 39.512783 ], [ -94.673571, 39.513614 ], [ -94.67076, 39.513674 ], [ -94.668277, 39.512865 ], [ -94.66427, 39.513098 ], [ -94.660365, 39.514207 ], [ -94.652271, 39.515018 ], [ -94.647928, 39.514557 ], [ -94.644157, 39.51582 ], [ -94.644056, 39.517382 ], [ -94.641601, 39.519661 ], [ -94.642883, 39.520721 ], [ -94.646616, 39.51824 ], [ -94.648852, 39.517964 ], [ -94.649958, 39.519811 ], [ -94.653493, 39.520818 ], [ -94.655011, 39.521667 ], [ -94.654965, 39.524323 ], [ -94.655967, 39.526273 ], [ -94.655063, 39.528918 ], [ -94.655962, 39.530663 ], [ -94.656964, 39.53097 ], [ -94.6596, 39.531188 ], [ -94.663512, 39.533511 ], [ -94.663986, 39.533956 ], [ -94.659867, 39.536812 ], [ -94.660684, 39.540244 ], [ -94.658447, 39.54167 ], [ -94.657803, 39.54334 ], [ -94.658857, 39.545913 ], [ -94.658657, 39.546192 ], [ -94.659499, 39.547882 ], [ -94.661212, 39.548216 ], [ -94.662076, 39.551399 ], [ -94.664091, 39.555879 ], [ -94.665327, 39.557103 ], [ -94.669445, 39.559076 ], [ -94.672139, 39.559198 ], [ -94.674313, 39.561335 ], [ -94.67438, 39.563494 ], [ -94.675301, 39.565426 ], [ -94.672339, 39.566071 ], [ -94.673272, 39.567412 ], [ -94.671131, 39.568395 ], [ -94.670419, 39.570072 ], [ -94.66896, 39.570377 ], [ -94.66485, 39.569062 ], [ -94.662961, 39.570622 ], [ -94.661653, 39.568821 ], [ -94.65866, 39.567645 ], [ -94.657385, 39.567686 ], [ -94.653015, 39.568695 ], [ -94.653428, 39.570459 ], [ -94.650961, 39.570519 ], [ -94.649714, 39.569494 ], [ -94.6478, 39.569343 ], [ -94.644434, 39.570018 ], [ -94.644507, 39.571659 ], [ -94.642147, 39.572937 ], [ -94.642858, 39.571612 ], [ -94.642268, 39.570558 ], [ -94.639025, 39.569511 ], [ -94.636815, 39.567538 ], [ -94.635606, 39.564206 ], [ -94.634702, 39.563431 ], [ -94.63632, 39.560313 ], [ -94.636482, 39.558708 ], [ -94.65701, 39.557853 ], [ -94.657078, 39.546821 ], [ -94.65442, 39.54781 ], [ -94.651106, 39.547705 ], [ -94.650341, 39.546865 ], [ -94.647094, 39.546961 ], [ -94.645733, 39.545833 ], [ -94.640768, 39.545922 ], [ -94.637725, 39.548298 ], [ -94.635346, 39.548816 ], [ -94.631055, 39.550849 ], [ -94.630423, 39.551744 ], [ -94.627696, 39.553167 ], [ -94.628693, 39.558135 ], [ -94.601252, 39.558063 ], [ -94.601246, 39.543738 ], [ -94.601252, 39.541479 ], [ -94.601243, 39.540508 ], [ -94.601215, 39.53017 ], [ -94.601167, 39.492117 ], [ -94.606408, 39.492348 ], [ -94.6066, 39.488868 ], [ -94.608924, 39.48882 ], [ -94.608769, 39.487163 ], [ -94.612518, 39.487235 ], [ -94.626607, 39.486663 ], [ -94.628293, 39.470423 ], [ -94.627915, 39.464122 ], [ -94.62742, 39.463209 ], [ -94.612278, 39.463016 ], [ -94.612238, 39.455947 ], [ -94.609402, 39.455961 ], [ -94.610796, 39.470488 ], [ -94.602372, 39.470504 ], [ -94.60104, 39.470415 ], [ -94.573864, 39.47039 ], [ -94.573837, 39.455848 ], [ -94.597879, 39.455838 ], [ -94.600819, 39.456155 ], [ -94.600741, 39.451377 ], [ -94.602472, 39.451499 ], [ -94.604261, 39.452388 ], [ -94.606614, 39.45071 ], [ -94.60877, 39.45048 ], [ -94.607366, 39.43604 ], [ -94.610867, 39.436448 ], [ -94.610938, 39.434139 ], [ -94.610911, 39.426747 ], [ -94.629335, 39.426697 ], [ -94.629395, 39.419492 ], [ -94.644157, 39.419438 ], [ -94.643289, 39.414751 ], [ -94.643405, 39.405025 ], [ -94.651101, 39.404982 ], [ -94.655822, 39.404978 ], [ -94.658371, 39.406824 ], [ -94.66623, 39.407484 ], [ -94.668716, 39.410339 ], [ -94.669996, 39.410573 ], [ -94.672376, 39.412218 ], [ -94.677756, 39.412253 ], [ -94.678537, 39.413739 ], [ -94.678487, 39.416798 ], [ -94.689913, 39.417006 ], [ -94.689858, 39.422253 ], [ -94.687679, 39.421818 ], [ -94.684586, 39.422187 ], [ -94.682881, 39.423522 ], [ -94.681489, 39.426686 ], [ -94.681095, 39.428106 ], [ -94.683172, 39.428635 ], [ -94.685241, 39.42739 ], [ -94.685786, 39.425777 ], [ -94.687468, 39.425066 ], [ -94.686371, 39.426931 ], [ -94.686795, 39.428042 ], [ -94.689348, 39.42991 ], [ -94.69019, 39.431528 ], [ -94.69011, 39.433427 ] ] ] ] } },
{ "type": "Feature", "properties": { "ZCTA5CE20": "66025", "AFFGEOID20": "860Z200US66025", "GEOID20": "66025", "NAME20": "66025", "LSAD20": "Z5", "ALAND20": 192852684.0, "AWATER20": 2424473.0, "price_2012": 151393.61720604377, "price_2026": 332810.47632704192, "log_change": 0.78769000616557427, "pct_change": 1.1983124683129365, "dollar_change": 181416.85912099815, "mci": 54460.65343, "plaza": 45123.32409, "pnl": 48520.93501, "legends": 32963.79108, "lees_summit": 60277.00276, "cbd": 46822.12955, "log_population": 8.9975183697338448, "median_income": 114868.0, "poverty_rate": 0.046876948011469889, "bachelors_only": 0.22304230423042304, "college_plus": 0.35337533753375339, "no_college": 0.64662466246624661 }, "geometry": { "type": "MultiPolygon", "coordinates": [ [ [ [ -95.167862, 38.869748 ], [ -95.149098, 38.869657 ], [ -95.149078, 38.877114 ], [ -95.148954, 38.906104 ], [ -95.148936, 38.913346 ], [ -95.148821, 38.931475 ], [ -95.149318, 38.935169 ], [ -95.149486, 38.936361 ], [ -95.14889, 38.942403 ], [ -95.148843, 38.949759 ], [ -95.158182, 38.94988 ], [ -95.158221, 38.956881 ], [ -95.148902, 38.95689 ], [ -95.148844, 38.97434 ], [ -95.146433, 38.972364 ], [ -95.143877, 38.971612 ], [ -95.13969, 38.969388 ], [ -95.130543, 38.968428 ], [ -95.126889, 38.967699 ], [ -95.12505, 38.967935 ], [ -95.121881, 38.969927 ], [ -95.120358, 38.970159 ], [ -95.11823, 38.969664 ], [ -95.11517, 38.970046 ], [ -95.11091, 38.969338 ], [ -95.108597, 38.968103 ], [ -95.107529, 38.966674 ], [ -95.106035, 38.961858 ], [ -95.104541, 38.959069 ], [ -95.100856, 38.956219 ], [ -95.096492, 38.956319 ], [ -95.090602, 38.955076 ], [ -95.088156, 38.953838 ], [ -95.085232, 38.953836 ], [ -95.081105, 38.95698 ], [ -95.076416, 38.959858 ], [ -95.07456, 38.962114 ], [ -95.074453, 38.964369 ], [ -95.076661, 38.96695 ], [ -95.08214, 38.971249 ], [ -95.084785, 38.972389 ], [ -95.086799, 38.974327 ], [ -95.086878, 38.976623 ], [ -95.086269, 38.978497 ], [ -95.086688, 38.98022 ], [ -95.084768, 38.982365 ], [ -95.079993, 38.984216 ], [ -95.076289, 38.98517 ], [ -95.074967, 38.98551 ], [ -95.06876, 38.987104 ], [ -95.066631, 38.987052 ], [ -95.06071, 38.985625 ], [ -95.056258, 38.98212 ], [ -95.056466, 38.966067 ], [ -95.04985, 38.96807 ], [ -95.040121, 38.97231 ], [ -95.036361, 38.973259 ], [ -95.036433, 38.971366 ], [ -95.035482, 38.971397 ], [ -95.035635, 38.964155 ], [ -95.027566, 38.963941 ], [ -95.019381, 38.964065 ], [ -95.01936, 38.95963 ], [ -95.02233, 38.958072 ], [ -95.026427, 38.95453 ], [ -95.029809, 38.949971 ], [ -95.033481, 38.946688 ], [ -95.03785, 38.944459 ], [ -95.037838, 38.942455 ], [ -95.006155, 38.942129 ], [ -95.001138, 38.942144 ], [ -95.001023, 38.94214 ], [ -94.997902, 38.942351 ], [ -94.995058, 38.94363 ], [ -94.993569, 38.945181 ], [ -94.992659, 38.948113 ], [ -94.992145, 38.947243 ], [ -94.992129, 38.933018 ], [ -94.985017, 38.932969 ], [ -94.983547, 38.930405 ], [ -94.985319, 38.927886 ], [ -94.984382, 38.925853 ], [ -94.985514, 38.92518 ], [ -94.985038, 38.923146 ], [ -94.98543, 38.922199 ], [ -94.983894, 38.92149 ], [ -94.98445, 38.920173 ], [ -94.983853, 38.915031 ], [ -94.985211, 38.914327 ], [ -94.985081, 38.911269 ], [ -94.986833, 38.909045 ], [ -94.988845, 38.90927 ], [ -94.987507, 38.907576 ], [ -94.988836, 38.907689 ], [ -94.990539, 38.906216 ], [ -94.989638, 38.90393 ], [ -94.991942, 38.902678 ], [ -94.992491, 38.901715 ], [ -94.991485, 38.900655 ], [ -94.992678, 38.899667 ], [ -94.995831, 38.898918 ], [ -94.994938, 38.896633 ], [ -94.997322, 38.896497 ], [ -94.997486, 38.893996 ], [ -94.998596, 38.89313 ], [ -94.997528, 38.892036 ], [ -94.995803, 38.89248 ], [ -94.996836, 38.891444 ], [ -94.994588, 38.88996 ], [ -94.993709, 38.887064 ], [ -94.995355, 38.885392 ], [ -94.995252, 38.884294 ], [ -94.997474, 38.882463 ], [ -94.999124, 38.881809 ], [ -94.999382, 38.880674 ], [ -95.000751, 38.880326 ], [ -95.002028, 38.876945 ], [ -95.00306, 38.875628 ], [ -95.002169, 38.871626 ], [ -95.004964, 38.870797 ], [ -95.003528, 38.869463 ], [ -95.018938, 38.869516 ], [ -95.018974, 38.854949 ], [ -95.037648, 38.855193 ], [ -95.037675, 38.840615 ], [ -95.056159, 38.840591 ], [ -95.059721, 38.840598 ], [ -95.058403, 38.837806 ], [ -95.058939, 38.834382 ], [ -95.057402, 38.82893 ], [ -95.056197, 38.828292 ], [ -95.056178, 38.825983 ], [ -95.073725, 38.825996 ], [ -95.073911, 38.825326 ], [ -95.071624, 38.822758 ], [ -95.071271, 38.821482 ], [ -95.068468, 38.817919 ], [ -95.067572, 38.815289 ], [ -95.066418, 38.814013 ], [ -95.067231, 38.813168 ], [ -95.06677, 38.811381 ], [ -95.074814, 38.811347 ], [ -95.074802, 38.798754 ], [ -95.0748, 38.796782 ], [ -95.074807, 38.782185 ], [ -95.079179, 38.782202 ], [ -95.093398, 38.782195 ], [ -95.093197, 38.805342 ], [ -95.099947, 38.807566 ], [ -95.100167, 38.807638 ], [ -95.09676, 38.809596 ], [ -95.096252, 38.811463 ], [ -95.111839, 38.811461 ], [ -95.111843, 38.815125 ], [ -95.111895, 38.826081 ], [ -95.093166, 38.825996 ], [ -95.093169, 38.840612 ], [ -95.121184, 38.840546 ], [ -95.130444, 38.840428 ], [ -95.149183, 38.840628 ], [ -95.149031, 38.855162 ], [ -95.167632, 38.855128 ], [ -95.167862, 38.869748 ] ] ] ] } },
{ "type": "Feature", "properties": { "ZCTA5CE20": "64096", "AFFGEOID20": "860Z200US64096", "GEOID20": "64096", "NAME20": "64096", "LSAD20": "Z5", "ALAND20": 114093086.0, "AWATER20": 4851678.0, "price_2012": 69318.027323595059, "price_2026": 190443.68348333717, "log_change": 1.0106515191954113, "pct_change": 1.7473904096303146, "dollar_change": 121125.65615974211, "mci": 100855.1884, "plaza": 91292.12282, "pnl": 89331.43452, "legends": 110535.3075, "lees_summit": 78404.05516, "cbd": 90311.77867, "log_population": 7.0613343669104376, "median_income": 52315.0, "poverty_rate": 0.084095063985374766, "bachelors_only": 0.20056497175141244, "college_plus": 0.26412429378531072, "no_college": 0.73587570621468923 }, "geometry": { "type": "MultiPolygon", "coordinates": [ [ [ [ -93.674118, 39.21252 ], [ -93.669268, 39.212476 ], [ -93.669388, 39.214499 ], [ -93.663959, 39.214447 ], [ -93.663549, 39.221545 ], [ -93.658421, 39.221478 ], [ -93.658009, 39.238478 ], [ -93.656093, 39.241004 ], [ -93.657469, 39.245525 ], [ -93.653777, 39.248011 ], [ -93.650526, 39.248214 ], [ -93.646739, 39.245862 ], [ -93.643351, 39.245391 ], [ -93.640584, 39.247306 ], [ -93.636381, 39.247172 ], [ -93.631395, 39.24539 ], [ -93.628359, 39.243164 ], [ -93.624326, 39.242893 ], [ -93.613419, 39.24252 ], [ -93.60641, 39.241303 ], [ -93.605188, 39.240844 ], [ -93.595939, 39.242062 ], [ -93.589967, 39.24167 ], [ -93.58495, 39.240431 ], [ -93.583556, 39.238965 ], [ -93.580546, 39.237708 ], [ -93.578088, 39.236136 ], [ -93.574062, 39.232459 ], [ -93.572658, 39.231744 ], [ -93.568926, 39.228605 ], [ -93.567707, 39.227174 ], [ -93.565778, 39.222503 ], [ -93.563192, 39.22002 ], [ -93.560172, 39.219007 ], [ -93.551528, 39.217017 ], [ -93.544047, 39.215762 ], [ -93.537167, 39.215653 ], [ -93.529631, 39.214996 ], [ -93.516063, 39.215289 ], [ -93.505836, 39.216712 ], [ -93.500211, 39.218005 ], [ -93.498663, 39.219514 ], [ -93.49196, 39.223461 ], [ -93.489284, 39.226297 ], [ -93.487885, 39.228875 ], [ -93.486573, 39.233861 ], [ -93.487611, 39.238338 ], [ -93.490194, 39.245541 ], [ -93.492238, 39.25002 ], [ -93.494173, 39.255737 ], [ -93.495171, 39.261185 ], [ -93.496221, 39.264891 ], [ -93.496313, 39.268263 ], [ -93.496323, 39.270022 ], [ -93.495377, 39.275459 ], [ -93.49334, 39.28067 ], [ -93.492018, 39.282938 ], [ -93.489889, 39.285145 ], [ -93.485806, 39.288759 ], [ -93.483999, 39.290038 ], [ -93.478254, 39.292666 ], [ -93.477233, 39.292796 ], [ -93.479902, 39.250018 ], [ -93.480006, 39.245146 ], [ -93.481028, 39.232248 ], [ -93.481816, 39.230471 ], [ -93.481203, 39.228911 ], [ -93.481632, 39.22029 ], [ -93.472299, 39.221584 ], [ -93.469267, 39.221383 ], [ -93.467702, 39.220664 ], [ -93.467234, 39.219829 ], [ -93.468104, 39.217549 ], [ -93.472365, 39.213847 ], [ -93.473363, 39.202996 ], [ -93.477879, 39.203143 ], [ -93.477967, 39.196235 ], [ -93.477343, 39.190444 ], [ -93.474716, 39.189777 ], [ -93.474787, 39.182874 ], [ -93.473149, 39.182454 ], [ -93.473222, 39.179789 ], [ -93.47122, 39.181067 ], [ -93.46827, 39.181567 ], [ -93.46316, 39.181453 ], [ -93.459723, 39.181707 ], [ -93.45647, 39.182608 ], [ -93.458748, 39.179268 ], [ -93.46313, 39.175213 ], [ -93.465232, 39.175282 ], [ -93.466107, 39.160649 ], [ -93.484899, 39.161232 ], [ -93.48567, 39.146747 ], [ -93.523285, 39.148377 ], [ -93.521958, 39.166449 ], [ -93.524594, 39.16637 ], [ -93.532865, 39.164411 ], [ -93.550089, 39.164084 ], [ -93.554358, 39.163096 ], [ -93.558387, 39.161574 ], [ -93.563573, 39.160899 ], [ -93.564378, 39.160481 ], [ -93.564843, 39.159415 ], [ -93.565443, 39.154461 ], [ -93.566131, 39.153691 ], [ -93.574613, 39.154307 ], [ -93.57479, 39.157771 ], [ -93.578874, 39.158134 ], [ -93.579146, 39.159029 ], [ -93.600433, 39.159894 ], [ -93.600066, 39.166087 ], [ -93.599246, 39.180428 ], [ -93.599507, 39.180615 ], [ -93.613236, 39.18065 ], [ -93.612419, 39.194024 ], [ -93.61395, 39.193693 ], [ -93.625064, 39.193494 ], [ -93.635814, 39.195022 ], [ -93.64076, 39.19559 ], [ -93.640435, 39.202769 ], [ -93.654831, 39.203163 ], [ -93.656028, 39.204136 ], [ -93.659544, 39.204899 ], [ -93.65987, 39.206992 ], [ -93.66215, 39.207027 ], [ -93.662198, 39.210457 ], [ -93.673938, 39.210445 ], [ -93.674118, 39.21252 ] ] ] ] } },
{ "type": "Feature", "properties": { "ZCTA5CE20": "66026", "AFFGEOID20": "860Z200US66026", "GEOID20": "66026", "NAME20": "66026", "LSAD20": "Z5", "ALAND20": 125791495.0, "AWATER20": 1937498.0, "price_2012": 118467.84190585848, "price_2026": 341256.21009562351, "log_change": 1.0579919969919001, "pct_change": 1.8805809627798045, "dollar_change": 222788.36818976502, "mci": 101744.0418, "plaza": 76048.63684000001, "pnl": 82316.03312, "legends": 81448.07963, "lees_summit": 71511.66345, "cbd": 79182.33498, "log_population": 6.7334018918373593, "median_income": 77857.0, "poverty_rate": 0.2304921968787515, "bachelors_only": 0.072314049586776855, "college_plus": 0.10743801652892562, "no_college": 0.8925619834710744 }, "geometry": { "type": "MultiPolygon", "coordinates": [ [ [ [ -94.941464, 38.389117 ], [ -94.918137, 38.389142 ], [ -94.918258, 38.403639 ], [ -94.936266, 38.40365 ], [ -94.936609, 38.4037 ], [ -94.936763, 38.418202 ], [ -94.936739, 38.432725 ], [ -94.918298, 38.432669 ], [ -94.918352, 38.447228 ], [ -94.899843, 38.446958 ], [ -94.899986, 38.432413 ], [ -94.853626, 38.432308 ], [ -94.835085, 38.432462 ], [ -94.835213, 38.443026 ], [ -94.801317, 38.443488 ], [ -94.80083, 38.443772 ], [ -94.797882, 38.447198 ], [ -94.797797, 38.44935 ], [ -94.796054, 38.447432 ], [ -94.793441, 38.440304 ], [ -94.793283, 38.440307 ], [ -94.793696, 38.436712 ], [ -94.793309, 38.435735 ], [ -94.791118, 38.433507 ], [ -94.790193, 38.432386 ], [ -94.789769, 38.431469 ], [ -94.789294, 38.428462 ], [ -94.789576, 38.426682 ], [ -94.790294, 38.425261 ], [ -94.791794, 38.423801 ], [ -94.792914, 38.423302 ], [ -94.794092, 38.423202 ], [ -94.796479, 38.423486 ], [ -94.797211, 38.422344 ], [ -94.794179, 38.414888 ], [ -94.7951, 38.411121 ], [ -94.795411, 38.408382 ], [ -94.796301, 38.406521 ], [ -94.79838, 38.405011 ], [ -94.800829, 38.404469 ], [ -94.805477, 38.403987 ], [ -94.807926, 38.402291 ], [ -94.808506, 38.400809 ], [ -94.807979, 38.399303 ], [ -94.804908, 38.398134 ], [ -94.804082, 38.396164 ], [ -94.804733, 38.393478 ], [ -94.801586, 38.392531 ], [ -94.797754, 38.392644 ], [ -94.789166, 38.391482 ], [ -94.784474, 38.391707 ], [ -94.780801, 38.391236 ], [ -94.774927, 38.388995 ], [ -94.775253, 38.388996 ], [ -94.772581, 38.38742 ], [ -94.770336, 38.385303 ], [ -94.769402, 38.383998 ], [ -94.769008, 38.382674 ], [ -94.769068, 38.381853 ], [ -94.769588, 38.38118 ], [ -94.770207, 38.380701 ], [ -94.775666, 38.377101 ], [ -94.776142, 38.37501 ], [ -94.778518, 38.372565 ], [ -94.786002, 38.370069 ], [ -94.789851, 38.369287 ], [ -94.78996, 38.368288 ], [ -94.78796, 38.366234 ], [ -94.787736, 38.365084 ], [ -94.792009, 38.364525 ], [ -94.796699, 38.366035 ], [ -94.800987, 38.366647 ], [ -94.807183, 38.366494 ], [ -94.811984, 38.366861 ], [ -94.816173, 38.367972 ], [ -94.819617, 38.369361 ], [ -94.822527, 38.369496 ], [ -94.82457, 38.368874 ], [ -94.826351, 38.367356 ], [ -94.827225, 38.364759 ], [ -94.82659, 38.361077 ], [ -94.827872, 38.358948 ], [ -94.827847, 38.357627 ], [ -94.826947, 38.356119 ], [ -94.824841, 38.354886 ], [ -94.821453, 38.355781 ], [ -94.816835, 38.355559 ], [ -94.813627, 38.356741 ], [ -94.81369, 38.361417 ], [ -94.812393, 38.361619 ], [ -94.810792, 38.360604 ], [ -94.809803, 38.358881 ], [ -94.808146, 38.358473 ], [ -94.80651, 38.359599 ], [ -94.804756, 38.359475 ], [ -94.80289, 38.357672 ], [ -94.800101, 38.358644 ], [ -94.799099, 38.360597 ], [ -94.79789, 38.36105 ], [ -94.795914, 38.360352 ], [ -94.793448, 38.358544 ], [ -94.792009, 38.356103 ], [ -94.789327, 38.356255 ], [ -94.786708, 38.358085 ], [ -94.783486, 38.357303 ], [ -94.782136, 38.355113 ], [ -94.783766, 38.351596 ], [ -94.782769, 38.350408 ], [ -94.780879, 38.35014 ], [ -94.779571, 38.350983 ], [ -94.778468, 38.353399 ], [ -94.776939, 38.353634 ], [ -94.774425, 38.351967 ], [ -94.773568, 38.350674 ], [ -94.77365, 38.348533 ], [ -94.771356, 38.345304 ], [ -94.770408, 38.344575 ], [ -94.767503, 38.343118 ], [ -94.767188, 38.342616 ], [ -94.767249, 38.34176 ], [ -94.770446, 38.339388 ], [ -94.772746, 38.339066 ], [ -94.774204, 38.340259 ], [ -94.776736, 38.343603 ], [ -94.778351, 38.343762 ], [ -94.780313, 38.342461 ], [ -94.780203, 38.340711 ], [ -94.778383, 38.339015 ], [ -94.778683, 38.337698 ], [ -94.780683, 38.336897 ], [ -94.7825, 38.338735 ], [ -94.784108, 38.339322 ], [ -94.786119, 38.337807 ], [ -94.786113, 38.335483 ], [ -94.797868, 38.335501 ], [ -94.797924, 38.345303 ], [ -94.824493, 38.345415 ], [ -94.82443, 38.347187 ], [ -94.82555, 38.34904 ], [ -94.825583, 38.351918 ], [ -94.826651, 38.352603 ], [ -94.837398, 38.35269 ], [ -94.838404, 38.353151 ], [ -94.83944, 38.355419 ], [ -94.839634, 38.359428 ], [ -94.844129, 38.36039 ], [ -94.844041, 38.3744 ], [ -94.853294, 38.374434 ], [ -94.853341, 38.367882 ], [ -94.852923, 38.362809 ], [ -94.853767, 38.35294 ], [ -94.853435, 38.345487 ], [ -94.862633, 38.345437 ], [ -94.86273, 38.335872 ], [ -94.917905, 38.336342 ], [ -94.918018, 38.36005 ], [ -94.936429, 38.360129 ], [ -94.936518, 38.374631 ], [ -94.941307, 38.374643 ], [ -94.941464, 38.389117 ] ] ] ] } },
{ "type": "Feature", "properties": { "ZCTA5CE20": "64097", "AFFGEOID20": "860Z200US64097", "GEOID20": "64097", "NAME20": "64097", "LSAD20": "Z5", "ALAND20": 83463183.0, "AWATER20": 3380867.0, "price_2012": 79661.691471661674, "price_2026": 215074.36910500168, "log_change": 0.99319505996423452, "pct_change": 1.6998468791176851, "dollar_change": 135412.67763334, "mci": 66098.82636000001, "plaza": 52525.32876, "pnl": 51022.23999, "legends": 72629.06371, "lees_summit": 40436.25003, "cbd": 51773.784375000003, "log_population": 6.9216581841511289, "median_income": 74750.0, "poverty_rate": 0.071005917159763315, "bachelors_only": 0.07209612817089453, "college_plus": 0.18024032042723631, "no_college": 0.81975967957276374 }, "geometry": { "type": "MultiPolygon", "coordinates": [ [ [ [ -94.104935, 39.140933 ], [ -94.104823, 39.143507 ], [ -94.103391, 39.142423 ], [ -94.096815, 39.139159 ], [ -94.092047, 39.137191 ], [ -94.087135, 39.135543 ], [ -94.084559, 39.135047 ], [ -94.078607, 39.134247 ], [ -94.072991, 39.134024 ], [ -94.062463, 39.13428 ], [ -94.059118, 39.134801 ], [ -94.056638, 39.135544 ], [ -94.051166, 39.13804 ], [ -94.045566, 39.14084 ], [ -94.042958, 39.14252 ], [ -94.036782, 39.14732 ], [ -94.028708, 39.152132 ], [ -94.027379, 39.152853 ], [ -94.025662, 39.153881 ], [ -94.024206, 39.154537 ], [ -94.018229, 39.157198 ], [ -94.012482, 39.158726 ], [ -94.006601, 39.159213 ], [ -94.000494, 39.158265 ], [ -93.994273, 39.156385 ], [ -93.988892, 39.152786 ], [ -93.984713, 39.148989 ], [ -93.979091, 39.145466 ], [ -93.973544, 39.143272 ], [ -93.968748, 39.142293 ], [ -93.967014, 39.142376 ], [ -93.961155, 39.143563 ], [ -93.958327, 39.145168 ], [ -93.950458, 39.150845 ], [ -93.949311, 39.149563 ], [ -93.949106, 39.14863 ], [ -93.950031, 39.145933 ], [ -93.948471, 39.143916 ], [ -93.949474, 39.14214 ], [ -93.949237, 39.140932 ], [ -93.947585, 39.140623 ], [ -93.947236, 39.142465 ], [ -93.946018, 39.143051 ], [ -93.9443, 39.142629 ], [ -93.944555, 39.141158 ], [ -93.941453, 39.14034 ], [ -93.942925, 39.139486 ], [ -93.941405, 39.138407 ], [ -93.940601, 39.136807 ], [ -93.937901, 39.137673 ], [ -93.939445, 39.135451 ], [ -93.937852, 39.13473 ], [ -93.938647, 39.132124 ], [ -93.936799, 39.131486 ], [ -93.937684, 39.130644 ], [ -93.939888, 39.130388 ], [ -93.940227, 39.128367 ], [ -93.941652, 39.128399 ], [ -93.940385, 39.12566 ], [ -93.942395, 39.125397 ], [ -93.943195, 39.124404 ], [ -93.945501, 39.124613 ], [ -93.945466, 39.123652 ], [ -93.947115, 39.121388 ], [ -93.94593, 39.119927 ], [ -93.94428, 39.119878 ], [ -93.941897, 39.117681 ], [ -93.939344, 39.116182 ], [ -93.939436, 39.114671 ], [ -93.936367, 39.1148 ], [ -93.93529, 39.112836 ], [ -93.934317, 39.112177 ], [ -93.930912, 39.109711 ], [ -93.929581, 39.109902 ], [ -93.926174, 39.108667 ], [ -93.925194, 39.109694 ], [ -93.924299, 39.1092 ], [ -93.924553, 39.107788 ], [ -93.924003, 39.10737 ], [ -93.921966, 39.108062 ], [ -93.921585, 39.106854 ], [ -93.923743, 39.106283 ], [ -93.924342, 39.105212 ], [ -93.922137, 39.10438 ], [ -93.918702, 39.103937 ], [ -93.916531, 39.102766 ], [ -93.915148, 39.100815 ], [ -93.915264, 39.099001 ], [ -93.912798, 39.095103 ], [ -93.911183, 39.095108 ], [ -93.911241, 39.093026 ], [ -93.910424, 39.09105 ], [ -93.911061, 39.090626 ], [ -93.912778, 39.092087 ], [ -93.913726, 39.091449 ], [ -93.913172, 39.087964 ], [ -93.911341, 39.088319 ], [ -93.910402, 39.088777 ], [ -93.910573, 39.08895 ], [ -93.910735, 39.089258 ], [ -93.910748, 39.089533 ], [ -93.91072, 39.089698 ], [ -93.910544, 39.089956 ], [ -93.910403, 39.090055 ], [ -93.910278, 39.090074 ], [ -93.909212, 39.090763 ], [ -93.907552, 39.089336 ], [ -93.90812, 39.089087 ], [ -93.908402, 39.088609 ], [ -93.908184, 39.088088 ], [ -93.907387, 39.088587 ], [ -93.906795, 39.088637 ], [ -93.906612, 39.087818 ], [ -93.905456, 39.086829 ], [ -93.905181, 39.08695 ], [ -93.904118, 39.086191 ], [ -93.903313, 39.086242 ], [ -93.903331, 39.085661 ], [ -93.902908, 39.085646 ], [ -93.903101, 39.078373 ], [ -93.916921, 39.078846 ], [ -93.917258, 39.07163 ], [ -93.926881, 39.071935 ], [ -93.930663, 39.072332 ], [ -93.931073, 39.075499 ], [ -93.937495, 39.075815 ], [ -93.938401, 39.076404 ], [ -93.938332, 39.07954 ], [ -93.953895, 39.080112 ], [ -93.955045, 39.08002 ], [ -93.959013, 39.078591 ], [ -93.962309, 39.075869 ], [ -93.964209, 39.074788 ], [ -93.966682, 39.074307 ], [ -93.976, 39.073678 ], [ -93.980769, 39.073816 ], [ -94.001722, 39.074294 ], [ -94.001761, 39.07598 ], [ -93.999987, 39.075977 ], [ -93.999573, 39.076949 ], [ -94.001599, 39.07768 ], [ -94.001428, 39.081262 ], [ -94.002961, 39.082615 ], [ -94.001768, 39.083274 ], [ -94.001896, 39.084511 ], [ -93.999637, 39.085606 ], [ -93.996952, 39.085998 ], [ -93.996052, 39.088162 ], [ -93.997371, 39.089551 ], [ -93.996117, 39.091074 ], [ -93.997006, 39.091859 ], [ -93.999443, 39.089479 ], [ -94.001273, 39.090473 ], [ -94.002542, 39.092389 ], [ -94.004514, 39.092513 ], [ -94.007657, 39.092061 ], [ -94.007578, 39.090728 ], [ -94.009304, 39.091587 ], [ -94.017876, 39.091592 ], [ -94.021699, 39.092999 ], [ -94.022172, 39.090848 ], [ -94.021803, 39.087922 ], [ -94.022357, 39.08222 ], [ -94.031673, 39.082353 ], [ -94.04454, 39.08303 ], [ -94.044817, 39.081838 ], [ -94.046546, 39.078407 ], [ -94.046911, 39.076218 ], [ -94.051797, 39.076472 ], [ -94.060109, 39.076431 ], [ -94.062862, 39.077895 ], [ -94.063215, 39.078781 ], [ -94.061005, 39.080334 ], [ -94.06211, 39.081196 ], [ -94.06362, 39.08113 ], [ -94.063445, 39.083624 ], [ -94.061428, 39.08392 ], [ -94.058769, 39.083446 ], [ -94.056427, 39.084958 ], [ -94.058299, 39.085936 ], [ -94.057753, 39.086486 ], [ -94.055903, 39.086012 ], [ -94.054904, 39.087235 ], [ -94.053152, 39.088036 ], [ -94.053492, 39.08981 ], [ -94.056023, 39.089924 ], [ -94.053946, 39.09123 ], [ -94.05407, 39.093634 ], [ -94.052115, 39.095056 ], [ -94.053806, 39.09743 ], [ -94.051136, 39.097349 ], [ -94.050443, 39.118755 ], [ -94.055089, 39.119634 ], [ -94.055092, 39.126304 ], [ -94.059614, 39.126815 ], [ -94.059608, 39.128443 ], [ -94.060593, 39.129981 ], [ -94.062872, 39.131288 ], [ -94.06424, 39.131075 ], [ -94.064173, 39.131733 ], [ -94.063983, 39.132905 ], [ -94.072156, 39.13291 ], [ -94.07995, 39.131952 ], [ -94.087696, 39.131569 ], [ -94.093816, 39.130392 ], [ -94.097468, 39.13025 ], [ -94.105225, 39.131501 ], [ -94.104935, 39.140933 ] ] ] ] } },
{ "type": "Feature", "properties": { "ZCTA5CE20": "64098", "AFFGEOID20": "860Z200US64098", "GEOID20": "64098", "NAME20": "64098", "LSAD20": "Z5", "ALAND20": 192059849.0, "AWATER20": 1648920.0, "price_2012": 147508.12846771895, "price_2026": 375556.0612954867, "log_change": 0.93452447526753346, "pct_change": 1.5460024826880934, "dollar_change": 228047.93282776774, "mci": 23110.21494, "plaza": 52897.00662, "pnl": 48045.47567, "legends": 37350.68385, "lees_summit": 74551.69678, "cbd": 50471.241145, "log_population": 8.1050055375472461, "median_income": 92661.0, "poverty_rate": 0.093023255813953487, "bachelors_only": 0.28330449826989618, "college_plus": 0.42517301038062283, "no_college": 0.57482698961937717 }, "geometry": { "type": "MultiPolygon", "coordinates": [ [ [ [ -94.994549, 39.497692 ], [ -94.975022, 39.497556 ], [ -94.974958, 39.504636 ], [ -94.965649, 39.50462 ], [ -94.965192, 39.511008 ], [ -94.965711, 39.511974 ], [ -94.956269, 39.511765 ], [ -94.956443, 39.512876 ], [ -94.956402, 39.515407 ], [ -94.946984, 39.515742 ], [ -94.946428, 39.519054 ], [ -94.900719, 39.519244 ], [ -94.890997, 39.519178 ], [ -94.890863, 39.532476 ], [ -94.881516, 39.532414 ], [ -94.872437, 39.532352 ], [ -94.872421, 39.526666 ], [ -94.871454, 39.525004 ], [ -94.869703, 39.524393 ], [ -94.869833, 39.522935 ], [ -94.868069, 39.521807 ], [ -94.865958, 39.519517 ], [ -94.855721, 39.519399 ], [ -94.855112, 39.516559 ], [ -94.85359, 39.517548 ], [ -94.850247, 39.518489 ], [ -94.848662, 39.519424 ], [ -94.845261, 39.5195 ], [ -94.845172, 39.519482 ], [ -94.826415, 39.519906 ], [ -94.82641, 39.512832 ], [ -94.81713, 39.512803 ], [ -94.817191, 39.498258 ], [ -94.809191, 39.498357 ], [ -94.804369, 39.497789 ], [ -94.804137, 39.495909 ], [ -94.80531, 39.494362 ], [ -94.804197, 39.493277 ], [ -94.805709, 39.492764 ], [ -94.805626, 39.489978 ], [ -94.80843, 39.486649 ], [ -94.80842, 39.485062 ], [ -94.80968, 39.484467 ], [ -94.808162, 39.48374 ], [ -94.808775, 39.482921 ], [ -94.81073, 39.483764 ], [ -94.81029, 39.481488 ], [ -94.812528, 39.481939 ], [ -94.812023, 39.479178 ], [ -94.814251, 39.479702 ], [ -94.814202, 39.476916 ], [ -94.817336, 39.476937 ], [ -94.817283, 39.469186 ], [ -94.817257, 39.460764 ], [ -94.82028, 39.460743 ], [ -94.820196, 39.454621 ], [ -94.821902, 39.453277 ], [ -94.821673, 39.452868 ], [ -94.82163, 39.452655 ], [ -94.821696, 39.45247 ], [ -94.821906, 39.452142 ], [ -94.821977, 39.451859 ], [ -94.821978, 39.450034 ], [ -94.821808, 39.447484 ], [ -94.812459, 39.447444 ], [ -94.81307, 39.443902 ], [ -94.816031, 39.441841 ], [ -94.814291, 39.440469 ], [ -94.812177, 39.440356 ], [ -94.814247, 39.438797 ], [ -94.814201, 39.437711 ], [ -94.81621, 39.437524 ], [ -94.81668, 39.436228 ], [ -94.815517, 39.435391 ], [ -94.81376, 39.435738 ], [ -94.814408, 39.433305 ], [ -94.818285, 39.432219 ], [ -94.816476, 39.430738 ], [ -94.816345, 39.42914 ], [ -94.818222, 39.430004 ], [ -94.818222, 39.425718 ], [ -94.820703, 39.425667 ], [ -94.82313, 39.424415 ], [ -94.820566, 39.424481 ], [ -94.821648, 39.421846 ], [ -94.819892, 39.421496 ], [ -94.821277, 39.419798 ], [ -94.819665, 39.418846 ], [ -94.82257, 39.41598 ], [ -94.82295, 39.414683 ], [ -94.825384, 39.413313 ], [ -94.82645, 39.414997 ], [ -94.827548, 39.413799 ], [ -94.827242, 39.412027 ], [ -94.830867, 39.411941 ], [ -94.829754, 39.410433 ], [ -94.831902, 39.410173 ], [ -94.830763, 39.408068 ], [ -94.832027, 39.407373 ], [ -94.834499, 39.403498 ], [ -94.831993, 39.401481 ], [ -94.834945, 39.400208 ], [ -94.8328, 39.398724 ], [ -94.831411, 39.3993 ], [ -94.830127, 39.398193 ], [ -94.832093, 39.397454 ], [ -94.833314, 39.398238 ], [ -94.834035, 39.396902 ], [ -94.835851, 39.395684 ], [ -94.836972, 39.395941 ], [ -94.837578, 39.393558 ], [ -94.835872, 39.393222 ], [ -94.835897, 39.392397 ], [ -94.837905, 39.392776 ], [ -94.838575, 39.39168 ], [ -94.837872, 39.389873 ], [ -94.838946, 39.388935 ], [ -94.837376, 39.386619 ], [ -94.840235, 39.386719 ], [ -94.843108, 39.38542 ], [ -94.843197, 39.381995 ], [ -94.844609, 39.382205 ], [ -94.847965, 39.382007 ], [ -94.847903, 39.381198 ], [ -94.850584, 39.378298 ], [ -94.853044, 39.379619 ], [ -94.854145, 39.378332 ], [ -94.855851, 39.378855 ], [ -94.857918, 39.378693 ], [ -94.860525, 39.379956 ], [ -94.85868, 39.381772 ], [ -94.859772, 39.38181 ], [ -94.862199, 39.380188 ], [ -94.86472, 39.381737 ], [ -94.864882, 39.38184 ], [ -94.865156, 39.381887 ], [ -94.865672, 39.382101 ], [ -94.866161, 39.382238 ], [ -94.866585, 39.382258 ], [ -94.867064, 39.382182 ], [ -94.867373, 39.381976 ], [ -94.868811, 39.379898 ], [ -94.867213, 39.378356 ], [ -94.869699, 39.377464 ], [ -94.867093, 39.374214 ], [ -94.867123, 39.37259 ], [ -94.871328, 39.371156 ], [ -94.875489, 39.370228 ], [ -94.88136, 39.370383 ], [ -94.879088, 39.375703 ], [ -94.879281, 39.37978 ], [ -94.880229490285799, 39.382080843043099 ], [ -94.880979, 39.383899 ], [ -94.882956606819207, 39.386783071027203 ], [ -94.884790648373297, 39.389457771608498 ], [ -94.885026, 39.389801 ], [ -94.888972, 39.392432 ], [ -94.891845, 39.393313 ], [ -94.892856601149902, 39.393394341253902 ], [ -94.894321676862802, 39.3935121456826 ], [ -94.894979, 39.393565 ], [ -94.895121648073399, 39.393549013578003 ], [ -94.901823, 39.392798 ], [ -94.909581, 39.388865 ], [ -94.915859, 39.386348 ], [ -94.917660118605298, 39.385719802364001 ], [ -94.919225, 39.385174 ], [ -94.92311, 39.384492 ], [ -94.933652, 39.385546 ], [ -94.937158, 39.386531 ], [ -94.938199849043997, 39.387113270103796 ], [ -94.939697, 39.38795 ], [ -94.942039, 39.389499 ], [ -94.945577, 39.393851 ], [ -94.946227, 39.395648 ], [ -94.946662, 39.399717 ], [ -94.946293, 39.405646 ], [ -94.947864, 39.408604 ], [ -94.951209, 39.411707 ], [ -94.954817, 39.413844 ], [ -94.966066, 39.417288 ], [ -94.968848621773205, 39.419072902755197 ], [ -94.972952, 39.421705 ], [ -94.976606, 39.426701 ], [ -94.978798, 39.436241 ], [ -94.979253440769497, 39.436827791738601 ], [ -94.972694, 39.440492 ], [ -94.969687, 39.44086 ], [ -94.969323, 39.453181 ], [ -94.969469, 39.455778 ], [ -94.966872, 39.457807 ], [ -94.978008, 39.467925 ], [ -94.984095, 39.474044 ], [ -94.983928, 39.474149 ], [ -94.98632, 39.476776 ], [ -94.991499, 39.482988 ], [ -94.994606, 39.486714 ], [ -94.994549, 39.497692 ] ] ] ] } },
{ "type": "Feature", "properties": { "ZCTA5CE20": "66013", "AFFGEOID20": "860Z200US66013", "GEOID20": "66013", "NAME20": "66013", "LSAD20": "Z5", "ALAND20": 116188692.0, "AWATER20": 1290932.0, "price_2012": 279449.50267290912, "price_2026": 708540.02585621981, "log_change": 0.93038494528332194, "pct_change": 1.5354850127808382, "dollar_change": 429090.5231833107, "mci": 62869.62086, "plaza": 35236.68823, "pnl": 41560.94262, "legends": 44957.96437, "lees_summit": 33267.05117, "cbd": 38398.815425000001, "log_population": 7.9138867148560816, "median_income": 164320.0, "poverty_rate": 0.015356489945155392, "bachelors_only": 0.34535777646363097, "college_plus": 0.56948551153163807, "no_college": 0.43051448846836193 }, "geometry": { "type": "MultiPolygon", "coordinates": [ [ [ [ -94.760288, 38.752768 ], [ -94.755679, 38.752769 ], [ -94.755733, 38.756398 ], [ -94.751042, 38.756469 ], [ -94.751059, 38.760054 ], [ -94.74644, 38.760072 ], [ -94.746404, 38.767319 ], [ -94.732962, 38.767411 ], [ -94.733005, 38.75286 ], [ -94.723256, 38.752929 ], [ -94.723292, 38.767501 ], [ -94.704931, 38.767327 ], [ -94.704904, 38.774585 ], [ -94.70485, 38.781865 ], [ -94.704902, 38.781869 ], [ -94.718878, 38.781793 ], [ -94.732931, 38.781842 ], [ -94.732913, 38.789318 ], [ -94.738486, 38.788884 ], [ -94.740737, 38.786318 ], [ -94.742128, 38.786598 ], [ -94.74224, 38.796412 ], [ -94.732899, 38.796406 ], [ -94.723587, 38.796388 ], [ -94.72367, 38.803686 ], [ -94.715469, 38.803663 ], [ -94.705033, 38.80365 ], [ -94.705078, 38.810932 ], [ -94.686532, 38.810875 ], [ -94.68641, 38.812168 ], [ -94.683513, 38.812105 ], [ -94.680599, 38.810611 ], [ -94.681617, 38.809716 ], [ -94.67855, 38.806844 ], [ -94.681793, 38.805289 ], [ -94.68104, 38.803623 ], [ -94.675544, 38.803629 ], [ -94.676283, 38.796354 ], [ -94.677777, 38.781844 ], [ -94.686351, 38.781798 ], [ -94.686322, 38.774543 ], [ -94.677932, 38.774489 ], [ -94.677826, 38.767275 ], [ -94.67753, 38.767273 ], [ -94.667712, 38.767234 ], [ -94.667712, 38.766274 ], [ -94.666452, 38.766305 ], [ -94.666436, 38.763545 ], [ -94.660114, 38.763545 ], [ -94.660123, 38.762623 ], [ -94.658261, 38.762058 ], [ -94.660939, 38.757421 ], [ -94.663166, 38.754622 ], [ -94.66552, 38.752688 ], [ -94.609196214602704, 38.752687382257101 ], [ -94.609399, 38.74244 ], [ -94.609456, 38.7407 ], [ -94.609499277490301, 38.738576135985902 ], [ -94.609508942173704, 38.7381018369191 ], [ -94.609799638385397, 38.723835778096202 ], [ -94.609842916040193, 38.721711906014498 ], [ -94.610204273235794, 38.703978124834897 ], [ -94.614114, 38.700537 ], [ -94.615102, 38.700921 ], [ -94.617763, 38.697235 ], [ -94.617761, 38.695763 ], [ -94.619302, 38.694532 ], [ -94.668013, 38.694536 ], [ -94.667604, 38.696015 ], [ -94.667565, 38.707923 ], [ -94.676208, 38.707846 ], [ -94.676322, 38.697084 ], [ -94.6769, 38.695137 ], [ -94.681627, 38.687514 ], [ -94.68256, 38.684903 ], [ -94.683709, 38.679036 ], [ -94.686455, 38.679033 ], [ -94.686473, 38.671629 ], [ -94.722304, 38.672194 ], [ -94.722233, 38.679554 ], [ -94.722315, 38.690507 ], [ -94.723665, 38.689493 ], [ -94.726758, 38.689607 ], [ -94.730766, 38.687018 ], [ -94.735547, 38.686869 ], [ -94.738498, 38.687303 ], [ -94.740871, 38.687127 ], [ -94.740904, 38.694586 ], [ -94.741758, 38.70914 ], [ -94.751322, 38.709162 ], [ -94.751339, 38.716491 ], [ -94.760222, 38.716528 ], [ -94.760198, 38.723719 ], [ -94.760315, 38.738235 ], [ -94.760288, 38.752768 ] ] ] ] } },
{ "type": "Feature", "properties": { "ZCTA5CE20": "64146", "AFFGEOID20": "860Z200US64146", "GEOID20": "64146", "NAME20": "64146", "LSAD20": "Z5", "ALAND20": 13804937.0, "AWATER20": 135126.0, "price_2012": 108415.52324797703, "price_2026": 290093.94270531082, "log_change": 0.98423352873876802, "pct_change": 1.6757602049457785, "dollar_change": 181678.4194573338, "mci": 48379.67608, "plaza": 18208.6531, "pnl": 24434.33255, "legends": 35127.75194, "lees_summit": 16994.65028, "cbd": 21321.492825000001, "log_population": 7.15305163493748, "median_income": 66481.0, "poverty_rate": 0.10352941176470588, "bachelors_only": 0.417, "college_plus": 0.585, "no_college": 0.415 }, "geometry": { "type": "MultiPolygon", "coordinates": [ [ [ [ -94.587516, 38.870245 ], [ -94.586941, 38.875212 ], [ -94.586851, 38.875823 ], [ -94.585129, 38.875755 ], [ -94.585088, 38.876304 ], [ -94.586388, 38.876376 ], [ -94.586426, 38.876671 ], [ -94.586387, 38.877078 ], [ -94.586799, 38.877075 ], [ -94.586846, 38.878755 ], [ -94.586548, 38.882397 ], [ -94.586394, 38.884271 ], [ -94.586259, 38.88593 ], [ -94.584029, 38.889601 ], [ -94.583343, 38.891735 ], [ -94.582653, 38.896913 ], [ -94.585481, 38.896896 ], [ -94.584706, 38.907443 ], [ -94.584397, 38.911299 ], [ -94.5843, 38.912785 ], [ -94.583538, 38.912742 ], [ -94.58358, 38.912268 ], [ -94.579471, 38.910521 ], [ -94.579343, 38.910239 ], [ -94.577996, 38.910589 ], [ -94.576454, 38.912732 ], [ -94.575888, 38.91274 ], [ -94.575179, 38.910159 ], [ -94.570672, 38.90996 ], [ -94.569728, 38.909802 ], [ -94.568701, 38.910859 ], [ -94.567728, 38.910838 ], [ -94.566365, 38.910541 ], [ -94.560799, 38.910472 ], [ -94.560828, 38.910095 ], [ -94.561442, 38.900334 ], [ -94.561479, 38.89969 ], [ -94.561711, 38.896053 ], [ -94.561978, 38.891913 ], [ -94.563115, 38.874247 ], [ -94.563841, 38.866933 ], [ -94.560478, 38.866869 ], [ -94.564444, 38.866887 ], [ -94.565671, 38.850455 ], [ -94.564574, 38.849974 ], [ -94.564921, 38.845221 ], [ -94.585319, 38.846191 ], [ -94.585572, 38.8462 ], [ -94.585621, 38.850108 ], [ -94.586086, 38.854454 ], [ -94.585241, 38.864928 ], [ -94.585569, 38.86626 ], [ -94.587461, 38.868593 ], [ -94.587516, 38.870245 ] ], [ [ -94.575355, 38.894545 ], [ -94.572521, 38.89324 ], [ -94.570604, 38.893533 ], [ -94.569318, 38.894332 ], [ -94.569204, 38.896273 ], [ -94.571517, 38.896339 ], [ -94.573272, 38.896138 ], [ -94.575355, 38.894545 ] ] ] ] } },
{ "type": "Feature", "properties": { "ZCTA5CE20": "64152", "AFFGEOID20": "860Z200US64152", "GEOID20": "64152", "NAME20": "64152", "LSAD20": "Z5", "ALAND20": 80009244.0, "AWATER20": 2579639.0, "price_2012": 191752.27682105699, "price_2026": 431167.45282209787, "log_change": 0.81029222219707187, "pct_change": 1.2485649712752191, "dollar_change": 239415.17600104088, "mci": 9701.669584, "plaza": 22056.26426, "pnl": 17603.14422, "legends": 13618.20692, "lees_summit": 44171.08406, "cbd": 19829.70424, "log_population": 10.35917037680491, "median_income": 114688.0, "poverty_rate": 0.052128444487216499, "bachelors_only": 0.30539785946952069, "college_plus": 0.52331316891577473, "no_college": 0.47668683108422527 }, "geometry": { "type": "MultiPolygon", "coordinates": [ [ [ [ -94.803316, 39.243802 ], [ -94.799493, 39.245152 ], [ -94.779736, 39.245123 ], [ -94.779709, 39.248802 ], [ -94.77287, 39.248795 ], [ -94.77147, 39.248459 ], [ -94.770508, 39.247927 ], [ -94.769102, 39.247267 ], [ -94.761004, 39.247124 ], [ -94.759705, 39.245833 ], [ -94.759107, 39.245505 ], [ -94.758614, 39.245454 ], [ -94.755492, 39.245371 ], [ -94.755109, 39.245365 ], [ -94.754389, 39.245356 ], [ -94.751766, 39.245195 ], [ -94.747931, 39.245099 ], [ -94.744471, 39.245007 ], [ -94.742509, 39.245123 ], [ -94.741397, 39.245316 ], [ -94.73365, 39.24768 ], [ -94.733082, 39.246358 ], [ -94.733312, 39.243133 ], [ -94.714929, 39.243033 ], [ -94.71494, 39.247128 ], [ -94.708664, 39.247109 ], [ -94.708673, 39.243028 ], [ -94.704262, 39.242623 ], [ -94.70109, 39.242625 ], [ -94.701101, 39.246626 ], [ -94.699025, 39.246649 ], [ -94.69663, 39.246667 ], [ -94.691827, 39.246465 ], [ -94.691835, 39.247082 ], [ -94.686276, 39.247036 ], [ -94.683648, 39.24698 ], [ -94.682424, 39.246954 ], [ -94.668326, 39.246901 ], [ -94.663964, 39.246907 ], [ -94.663961, 39.244758 ], [ -94.663639, 39.2443 ], [ -94.662078, 39.244191 ], [ -94.661848, 39.245105 ], [ -94.661434, 39.245491 ], [ -94.661722, 39.245831 ], [ -94.661704, 39.246416 ], [ -94.661432, 39.246902 ], [ -94.659078, 39.246898 ], [ -94.6585, 39.246849 ], [ -94.658555, 39.239689 ], [ -94.658844, 39.239669 ], [ -94.658861, 39.234626 ], [ -94.658468, 39.233082 ], [ -94.658881, 39.232371 ], [ -94.65894, 39.227389 ], [ -94.659228, 39.226002 ], [ -94.659538, 39.225572 ], [ -94.659577, 39.225518 ], [ -94.659838, 39.225158 ], [ -94.658882, 39.223658 ], [ -94.659178, 39.223643 ], [ -94.659249, 39.218029 ], [ -94.659275, 39.213998 ], [ -94.661651, 39.214192 ], [ -94.663037, 39.210898 ], [ -94.664152, 39.210903 ], [ -94.66416, 39.210637 ], [ -94.664163, 39.210541 ], [ -94.659177, 39.210494 ], [ -94.659172, 39.204633 ], [ -94.65934, 39.188519 ], [ -94.65944, 39.18413 ], [ -94.659406, 39.180827 ], [ -94.659447, 39.180333 ], [ -94.658137, 39.17987 ], [ -94.658159, 39.179641 ], [ -94.658745, 39.176116 ], [ -94.65938, 39.177042 ], [ -94.659399644885895, 39.174379104771504 ], [ -94.663835, 39.179103 ], [ -94.669135, 39.182003 ], [ -94.680336, 39.184303 ], [ -94.687236, 39.183503 ], [ -94.696165853325297, 39.178653233572199 ], [ -94.696332, 39.178563 ], [ -94.714137, 39.170403 ], [ -94.723637, 39.169003 ], [ -94.736537, 39.169203 ], [ -94.741925581881503, 39.170200700774203 ], [ -94.741938, 39.170203 ], [ -94.752338, 39.173203 ], [ -94.763138, 39.179903 ], [ -94.770338, 39.190002 ], [ -94.770719619904895, 39.190779917498404 ], [ -94.770936193974094, 39.191221395408803 ], [ -94.771062224301005, 39.191478303382901 ], [ -94.771137470122497, 39.1916316890959 ], [ -94.766052, 39.196544 ], [ -94.768775, 39.198276 ], [ -94.772971, 39.201618 ], [ -94.778759, 39.206639 ], [ -94.785066, 39.212726 ], [ -94.78744, 39.215739 ], [ -94.786158, 39.218375 ], [ -94.784111, 39.220276 ], [ -94.783928, 39.223417 ], [ -94.789134, 39.223392 ], [ -94.789159, 39.219663 ], [ -94.790718, 39.220897 ], [ -94.793528, 39.225183 ], [ -94.793661, 39.227309 ], [ -94.794875, 39.225906 ], [ -94.797384, 39.230213 ], [ -94.79872, 39.230268 ], [ -94.801571, 39.2379 ], [ -94.801208, 39.237944 ], [ -94.803316, 39.243802 ] ] ] ] } },
{ "type": "Feature", "properties": { "ZCTA5CE20": "64132", "AFFGEOID20": "860Z200US64132", "GEOID20": "64132", "NAME20": "64132", "LSAD20": "Z5", "ALAND20": 27896064.0, "AWATER20": 82487.0, "price_2012": 20962.538443732843, "price_2026": 115991.2985912342, "log_change": 1.7107782150718158, "pct_change": 4.5332658734329971, "dollar_change": 95028.760147501351, "mci": 38171.69664, "plaza": 7764.768176, "pnl": 13094.45337, "legends": 29543.76257, "lees_summit": 15574.94619, "cbd": 10429.610773, "log_population": 9.3996375425065626, "median_income": 45622.0, "poverty_rate": 0.28102964913771133, "bachelors_only": 0.091567234213701568, "college_plus": 0.11864861241453278, "no_college": 0.88135138758546727 }, "geometry": { "type": "MultiPolygon", "coordinates": [ [ [ [ -94.568364, 38.969306 ], [ -94.565904, 38.969316 ], [ -94.566743, 38.973038 ], [ -94.567344, 38.973825 ], [ -94.567269, 38.975293 ], [ -94.567247, 38.975723 ], [ -94.567021, 38.978456 ], [ -94.566356, 38.982112 ], [ -94.566358, 38.98363 ], [ -94.565669, 38.983601 ], [ -94.565652, 38.9839 ], [ -94.566455, 38.983931 ], [ -94.566157, 38.990136 ], [ -94.565616, 38.991141 ], [ -94.566108, 38.991161 ], [ -94.566475, 38.991178 ], [ -94.566383, 38.992997 ], [ -94.566275, 38.995084 ], [ -94.566185, 38.997055 ], [ -94.565818, 38.997052 ], [ -94.565573, 38.997566 ], [ -94.565452, 38.997939 ], [ -94.566144, 38.997969 ], [ -94.566125, 38.998402 ], [ -94.565608, 39.004763 ], [ -94.565756, 39.005666 ], [ -94.567869, 39.008186 ], [ -94.567111, 39.008178 ], [ -94.567651, 39.009174 ], [ -94.567943, 39.010868 ], [ -94.566627, 39.008725 ], [ -94.564458, 39.008082 ], [ -94.564321, 39.011049 ], [ -94.563178, 39.011 ], [ -94.560932, 39.010103 ], [ -94.559182, 39.012622 ], [ -94.556159, 39.012489 ], [ -94.555231, 39.012448 ], [ -94.553694, 39.012384 ], [ -94.553808, 39.011955 ], [ -94.551532, 39.011839 ], [ -94.551508, 39.012296 ], [ -94.548038, 39.012139 ], [ -94.542364, 39.011909 ], [ -94.542075, 39.011911 ], [ -94.54126, 39.011691 ], [ -94.537569, 39.011486 ], [ -94.536969, 39.011476 ], [ -94.531671, 39.012357 ], [ -94.527971, 39.013541 ], [ -94.526103, 39.013867 ], [ -94.525209, 39.014009 ], [ -94.522945, 39.014395 ], [ -94.518611, 39.015035 ], [ -94.517897, 39.015126 ], [ -94.515781, 39.01525 ], [ -94.515805, 39.00961 ], [ -94.514797, 39.00779 ], [ -94.510023, 39.001075 ], [ -94.50947, 39.000296 ], [ -94.506696, 38.996246 ], [ -94.506188, 38.995104 ], [ -94.503957, 38.995602 ], [ -94.502601, 38.99552 ], [ -94.502335, 38.995475 ], [ -94.50244, 38.992615 ], [ -94.502405, 38.992424 ], [ -94.501823, 38.988508 ], [ -94.501958, 38.987258 ], [ -94.502313, 38.986101 ], [ -94.50336, 38.984338 ], [ -94.505423, 38.982388 ], [ -94.509374, 38.984175 ], [ -94.511887, 38.984881 ], [ -94.511988, 38.984921 ], [ -94.512921, 38.985314 ], [ -94.520318, 38.985653 ], [ -94.520297, 38.985287 ], [ -94.521515, 38.982793 ], [ -94.520266, 38.979396 ], [ -94.520813, 38.974779 ], [ -94.522876, 38.974843 ], [ -94.522614, 38.973167 ], [ -94.520855, 38.973608 ], [ -94.520952, 38.971033 ], [ -94.520981, 38.970312 ], [ -94.521118, 38.967457 ], [ -94.519952, 38.967411 ], [ -94.529737, 38.953235 ], [ -94.540138, 38.953781 ], [ -94.550438, 38.954233 ], [ -94.553708, 38.953834 ], [ -94.557338, 38.954008 ], [ -94.55798, 38.956318 ], [ -94.558899, 38.956858 ], [ -94.560417, 38.957582 ], [ -94.563371, 38.958175 ], [ -94.564287, 38.964101 ], [ -94.563459, 38.965833 ], [ -94.563319, 38.966032 ], [ -94.565674, 38.966849 ], [ -94.565682, 38.96758 ], [ -94.565917, 38.968008 ], [ -94.56632, 38.968359 ], [ -94.568364, 38.969306 ] ] ] ] } },
{ "type": "Feature", "properties": { "ZCTA5CE20": "64490", "AFFGEOID20": "860Z200US64490", "GEOID20": "64490", "NAME20": "64490", "LSAD20": "Z5", "ALAND20": 225575918.0, "AWATER20": 934602.0, "price_2012": 128010.71474399332, "price_2026": 264374.67934871587, "log_change": 0.72525336758076264, "pct_change": 1.0652543021686489, "dollar_change": 136363.96460472257, "mci": 51828.2398, "plaza": 77590.3088, "pnl": 71251.57164, "legends": 73621.775, "lees_summit": 92024.93193000001, "cbd": 74420.940219999989, "log_population": 7.569927655242652, "median_income": 88750.0, "poverty_rate": 0.075995807127882606, "bachelors_only": 0.16679360243716679, "college_plus": 0.24828636709824828, "no_college": 0.75171363290175175 }, "geometry": { "type": "MultiPolygon", "coordinates": [ [ [ [ -94.607061, 39.688966 ], [ -94.603045, 39.688928 ], [ -94.602167, 39.689066 ], [ -94.602241, 39.696193 ], [ -94.602316, 39.703906 ], [ -94.602257, 39.747195 ], [ -94.602331, 39.768976 ], [ -94.602363, 39.776347 ], [ -94.602401, 39.779108 ], [ -94.599999, 39.777384 ], [ -94.596691, 39.778238 ], [ -94.594029, 39.778059 ], [ -94.590189, 39.779258 ], [ -94.58681, 39.782035 ], [ -94.584006, 39.782028 ], [ -94.582917, 39.783398 ], [ -94.580768, 39.784585 ], [ -94.577922, 39.785279 ], [ -94.577846, 39.784276 ], [ -94.5754, 39.782559 ], [ -94.572533, 39.78349 ], [ -94.571812, 39.78184 ], [ -94.569802, 39.781767 ], [ -94.568371, 39.779998 ], [ -94.567035, 39.779902 ], [ -94.567148, 39.776285 ], [ -94.562841, 39.776286 ], [ -94.545726, 39.776279 ], [ -94.544926, 39.776489 ], [ -94.544191, 39.772399 ], [ -94.544612, 39.76968 ], [ -94.541884, 39.766878 ], [ -94.539088, 39.766637 ], [ -94.5359, 39.763821 ], [ -94.532973, 39.762342 ], [ -94.526482, 39.762384 ], [ -94.526634, 39.768346 ], [ -94.524922, 39.767553 ], [ -94.520855, 39.767651 ], [ -94.517441, 39.769968 ], [ -94.517845, 39.790913 ], [ -94.50371, 39.791178 ], [ -94.50405, 39.804285 ], [ -94.50429, 39.812899 ], [ -94.504381, 39.816659 ], [ -94.504506, 39.820433 ], [ -94.501184, 39.82044 ], [ -94.50376, 39.824174 ], [ -94.503902, 39.825314 ], [ -94.505847, 39.826079 ], [ -94.507345, 39.825499 ], [ -94.508074, 39.826336 ], [ -94.510198, 39.826153 ], [ -94.513237, 39.826772 ], [ -94.515192, 39.827812 ], [ -94.516276, 39.82724 ], [ -94.518814, 39.82779 ], [ -94.518937, 39.835053 ], [ -94.52216, 39.835067 ], [ -94.522953, 39.835975 ], [ -94.522336, 39.837598 ], [ -94.519404, 39.839513 ], [ -94.517747, 39.841982 ], [ -94.514301, 39.847229 ], [ -94.511159, 39.849773 ], [ -94.510284, 39.849662 ], [ -94.46246, 39.849902 ], [ -94.462359, 39.845092 ], [ -94.459538, 39.84163 ], [ -94.456978, 39.842157 ], [ -94.452864, 39.83956 ], [ -94.45279, 39.83529 ], [ -94.450065, 39.835274 ], [ -94.45154, 39.832597 ], [ -94.452516, 39.829835 ], [ -94.452665, 39.828597 ], [ -94.453244, 39.827787 ], [ -94.453093, 39.826556 ], [ -94.452666, 39.826133 ], [ -94.452012, 39.824376 ], [ -94.451667, 39.824025 ], [ -94.449083, 39.823829 ], [ -94.443826, 39.825045 ], [ -94.441513, 39.823769 ], [ -94.439808, 39.821569 ], [ -94.43961, 39.820574 ], [ -94.433284, 39.820573 ], [ -94.433089, 39.805994 ], [ -94.43566, 39.805985 ], [ -94.437949, 39.803215 ], [ -94.438924, 39.801231 ], [ -94.439384, 39.797725 ], [ -94.442155, 39.794678 ], [ -94.444876, 39.794413 ], [ -94.44612, 39.794841 ], [ -94.449765, 39.794212 ], [ -94.451892, 39.795112 ], [ -94.451898, 39.790808 ], [ -94.451704, 39.788731 ], [ -94.450962, 39.787793 ], [ -94.447713, 39.786346 ], [ -94.445366, 39.779204 ], [ -94.438505, 39.776872 ], [ -94.432734, 39.776817 ], [ -94.432672, 39.770181 ], [ -94.432472, 39.747474 ], [ -94.432401, 39.726138 ], [ -94.422713, 39.726108 ], [ -94.422704, 39.718419 ], [ -94.432376, 39.718465 ], [ -94.432271, 39.703698 ], [ -94.432365, 39.681755 ], [ -94.451447, 39.681836 ], [ -94.451494, 39.661066 ], [ -94.453125, 39.659873 ], [ -94.455099, 39.659872 ], [ -94.465612, 39.659854 ], [ -94.470332, 39.659837 ], [ -94.49532, 39.659895 ], [ -94.498277, 39.66032 ], [ -94.500014, 39.659829 ], [ -94.507605, 39.659706 ], [ -94.509154, 39.656563 ], [ -94.509669, 39.652868 ], [ -94.513183, 39.651644 ], [ -94.515061, 39.648024 ], [ -94.517885, 39.64806 ], [ -94.517822, 39.645204 ], [ -94.521576, 39.646434 ], [ -94.522089, 39.649041 ], [ -94.526731, 39.653544 ], [ -94.526759, 39.663304 ], [ -94.531347, 39.663759 ], [ -94.53146, 39.666549 ], [ -94.532006, 39.6671 ], [ -94.571834, 39.667149 ], [ -94.574677, 39.667282 ], [ -94.602271, 39.667324 ], [ -94.602247, 39.672885 ], [ -94.602904, 39.672683 ], [ -94.604464, 39.674678 ], [ -94.604632, 39.68467 ], [ -94.607061, 39.688966 ] ] ] ] } },
{ "type": "Feature", "properties": { "ZCTA5CE20": "66053", "AFFGEOID20": "860Z200US66053", "GEOID20": "66053", "NAME20": "66053", "LSAD20": "Z5", "ALAND20": 268949950.0, "AWATER20": 3610078.0, "price_2012": 165110.18660923524, "price_2026": 405500.0108778078, "log_change": 0.89850785172644443, "pct_change": 1.4559357554207175, "dollar_change": 240389.82426857256, "mci": 80319.85548, "plaza": 52044.04897, "pnl": 58392.92083, "legends": 62226.04375, "lees_summit": 44986.42072, "cbd": 55218.4849, "log_population": 8.9662285142257758, "median_income": 89096.0, "poverty_rate": 0.072572314049586778, "bachelors_only": 0.24796447076239822, "college_plus": 0.37231680236861586, "no_college": 0.62768319763138414 }, "geometry": { "type": "MultiPolygon", "coordinates": [ [ [ [ -94.769093, 38.6211 ], [ -94.760085, 38.621055 ], [ -94.760046, 38.633467 ], [ -94.758373, 38.634882 ], [ -94.759084, 38.637381 ], [ -94.755978, 38.636896 ], [ -94.755199, 38.638002 ], [ -94.753258, 38.638874 ], [ -94.753279, 38.640424 ], [ -94.755901, 38.643984 ], [ -94.756122, 38.644873 ], [ -94.754119, 38.64725 ], [ -94.755756, 38.650177 ], [ -94.755096, 38.651426 ], [ -94.752495, 38.651785 ], [ -94.750761, 38.650788 ], [ -94.748988, 38.651742 ], [ -94.74755, 38.651705 ], [ -94.747955, 38.650014 ], [ -94.74571, 38.648858 ], [ -94.744975, 38.650257 ], [ -94.743313, 38.649182 ], [ -94.741882, 38.650024 ], [ -94.739317, 38.650093 ], [ -94.739202, 38.651393 ], [ -94.741412, 38.652464 ], [ -94.740313, 38.6559 ], [ -94.738495, 38.65407 ], [ -94.736677, 38.653183 ], [ -94.734774, 38.654193 ], [ -94.734247, 38.652647 ], [ -94.731724, 38.651687 ], [ -94.731567, 38.664985 ], [ -94.754821, 38.665017 ], [ -94.754785, 38.67974 ], [ -94.759978, 38.679788 ], [ -94.755091, 38.682792 ], [ -94.748926, 38.687021 ], [ -94.740871, 38.687127 ], [ -94.738498, 38.687303 ], [ -94.735547, 38.686869 ], [ -94.730766, 38.687018 ], [ -94.726758, 38.689607 ], [ -94.723665, 38.689493 ], [ -94.722315, 38.690507 ], [ -94.722233, 38.679554 ], [ -94.722304, 38.672194 ], [ -94.686473, 38.671629 ], [ -94.686455, 38.679033 ], [ -94.683709, 38.679036 ], [ -94.68256, 38.684903 ], [ -94.681627, 38.687514 ], [ -94.6769, 38.695137 ], [ -94.676322, 38.697084 ], [ -94.676208, 38.707846 ], [ -94.667565, 38.707923 ], [ -94.667604, 38.696015 ], [ -94.668013, 38.694536 ], [ -94.619302, 38.694532 ], [ -94.617761, 38.695763 ], [ -94.617763, 38.697235 ], [ -94.615102, 38.700921 ], [ -94.614114, 38.700537 ], [ -94.610204273235794, 38.703978124834897 ], [ -94.610713068494306, 38.679008748579598 ], [ -94.610843155858305, 38.672624647541397 ], [ -94.611602, 38.635384 ], [ -94.611465, 38.625011 ], [ -94.611847540920195, 38.620605452404199 ], [ -94.611854714655905, 38.620522835794297 ], [ -94.611858, 38.620485 ], [ -94.611908, 38.609272 ], [ -94.611905562149303, 38.605890004618999 ], [ -94.611887069156197, 38.580234939400299 ], [ -94.611887, 38.580139 ], [ -94.611902, 38.58011 ], [ -94.612176, 38.576546 ], [ -94.612168172246797, 38.565533999166703 ], [ -94.612157, 38.549817 ], [ -94.612272, 38.547917 ], [ -94.612274048650306, 38.547607097579103 ], [ -94.612274182469505, 38.547586854546203 ], [ -94.612280198346397, 38.546676823801597 ], [ -94.612453132413094, 38.520516827204098 ], [ -94.6124647571678, 38.5187583330626 ], [ -94.612546823884998, 38.506343977209099 ], [ -94.612616264985604, 38.495839517380901 ], [ -94.612642649993504, 38.491848217513301 ], [ -94.612644, 38.491644 ], [ -94.612726, 38.484367 ], [ -94.612696, 38.483154 ], [ -94.612865045280202, 38.477602354121998 ], [ -94.612866, 38.477571 ], [ -94.612884400045402, 38.474836841746601 ], [ -94.613073936201502, 38.446672680550797 ], [ -94.614603, 38.446501 ], [ -94.617814, 38.444292 ], [ -94.618414, 38.4431 ], [ -94.621548, 38.441763 ], [ -94.623077, 38.440565 ], [ -94.623891, 38.441204 ], [ -94.628853, 38.456247 ], [ -94.631764, 38.456357 ], [ -94.632266, 38.455593 ], [ -94.631511, 38.453324 ], [ -94.630706, 38.453092 ], [ -94.630619, 38.451399 ], [ -94.629144, 38.447391 ], [ -94.629412, 38.444797 ], [ -94.632091, 38.442903 ], [ -94.633085, 38.439965 ], [ -94.632887, 38.439175 ], [ -94.634503, 38.438522 ], [ -94.636312, 38.439217 ], [ -94.636822, 38.44017 ], [ -94.639845, 38.440439 ], [ -94.640806, 38.439731 ], [ -94.641253, 38.437909 ], [ -94.642813, 38.437117 ], [ -94.643092, 38.435757 ], [ -94.645679, 38.434783 ], [ -94.64711, 38.432457 ], [ -94.645172, 38.431272 ], [ -94.646967, 38.430417 ], [ -94.646273, 38.428129 ], [ -94.647201, 38.426337 ], [ -94.64914, 38.426291 ], [ -94.649425, 38.424314 ], [ -94.650574, 38.424523 ], [ -94.652019, 38.426003 ], [ -94.653569, 38.424715 ], [ -94.653218, 38.421548 ], [ -94.650246, 38.420653 ], [ -94.651994, 38.419227 ], [ -94.653423, 38.419171 ], [ -94.652874, 38.417627 ], [ -94.655102, 38.417628 ], [ -94.655128, 38.410574 ], [ -94.659712, 38.410444 ], [ -94.660021, 38.413959 ], [ -94.659986, 38.420146 ], [ -94.659489, 38.424808 ], [ -94.65882, 38.432403 ], [ -94.658739, 38.446914 ], [ -94.679372, 38.447133 ], [ -94.682957, 38.446298 ], [ -94.682575, 38.444388 ], [ -94.681143, 38.443909 ], [ -94.680864, 38.441818 ], [ -94.679519, 38.441202 ], [ -94.678517, 38.437548 ], [ -94.680773, 38.43461 ], [ -94.682878, 38.434314 ], [ -94.684476, 38.432661 ], [ -94.686775, 38.432704 ], [ -94.695686, 38.432808 ], [ -94.695619, 38.447292 ], [ -94.714202, 38.447446 ], [ -94.714097, 38.462117 ], [ -94.695552, 38.461821 ], [ -94.695483, 38.476317 ], [ -94.695412, 38.505266 ], [ -94.7045, 38.505687 ], [ -94.704662, 38.519794 ], [ -94.704267, 38.548863 ], [ -94.713587, 38.548938 ], [ -94.713434, 38.563473 ], [ -94.713331, 38.578061 ], [ -94.732064, 38.578065 ], [ -94.73203, 38.585396 ], [ -94.741297, 38.585499 ], [ -94.741322, 38.592969 ], [ -94.750799, 38.592935 ], [ -94.750783, 38.599691 ], [ -94.747712, 38.5997 ], [ -94.749177, 38.604094 ], [ -94.74752, 38.604371 ], [ -94.747348, 38.604838 ], [ -94.75049, 38.604692 ], [ -94.752487, 38.605992 ], [ -94.763631, 38.60662 ], [ -94.769062, 38.606603 ], [ -94.769093, 38.6211 ] ] ] ] } },
{ "type": "Feature", "properties": { "ZCTA5CE20": "64134", "AFFGEOID20": "860Z200US64134", "GEOID20": "64134", "NAME20": "64134", "LSAD20": "Z5", "ALAND20": 30847885.0, "AWATER20": 1786511.0, "price_2012": 43994.00598586438, "price_2026": 172285.43239826433, "log_change": 1.3650991950233848, "pct_change": 2.9161114914977508, "dollar_change": 128291.42641239995, "mci": 45610.73876, "plaza": 15372.64845, "pnl": 20378.73179, "legends": 36725.89782, "lees_summit": 9067.822437000001, "cbd": 17875.69012, "log_population": 10.041683051287528, "median_income": 58170.0, "poverty_rate": 0.16791340315057643, "bachelors_only": 0.13761028657410573, "college_plus": 0.19225771151084056, "no_college": 0.80774228848915941 }, "geometry": { "type": "MultiPolygon", "coordinates": [ [ [ [ -94.531644, 38.938826 ], [ -94.523371, 38.938504 ], [ -94.523019, 38.943951 ], [ -94.522296, 38.943924 ], [ -94.52221, 38.945721 ], [ -94.521882, 38.952946 ], [ -94.521778, 38.952941 ], [ -94.521702, 38.954522 ], [ -94.520581, 38.954656 ], [ -94.520614, 38.954102 ], [ -94.519454, 38.954705 ], [ -94.519537, 38.952858 ], [ -94.513204, 38.952594 ], [ -94.507942, 38.952392 ], [ -94.499221, 38.951982 ], [ -94.494046, 38.951764 ], [ -94.49397, 38.953565 ], [ -94.491803, 38.953514 ], [ -94.489213, 38.951619 ], [ -94.487633, 38.951571 ], [ -94.484219, 38.951432 ], [ -94.480074, 38.951263 ], [ -94.478254, 38.951182 ], [ -94.475395, 38.951052 ], [ -94.466093, 38.950632 ], [ -94.466041, 38.951698 ], [ -94.463533, 38.951579 ], [ -94.463461, 38.953256 ], [ -94.461342, 38.953818 ], [ -94.460512, 38.953501 ], [ -94.460236, 38.950849 ], [ -94.459254, 38.950807 ], [ -94.459135, 38.950818 ], [ -94.458083, 38.950788 ], [ -94.457421, 38.952644 ], [ -94.45135, 38.952334 ], [ -94.451216, 38.955127 ], [ -94.442194, 38.95483 ], [ -94.442587, 38.95375 ], [ -94.442909, 38.949669 ], [ -94.440413, 38.949433 ], [ -94.439287, 38.949041 ], [ -94.439082, 38.948945 ], [ -94.439617, 38.942172 ], [ -94.447904, 38.942325 ], [ -94.448092, 38.93861 ], [ -94.448162, 38.937472 ], [ -94.448224, 38.936424 ], [ -94.448234, 38.936302 ], [ -94.448266, 38.935647 ], [ -94.448776, 38.928064 ], [ -94.449722, 38.927936 ], [ -94.450169, 38.922207 ], [ -94.45051, 38.91832 ], [ -94.450838, 38.914597 ], [ -94.450719, 38.913141 ], [ -94.458036, 38.913429 ], [ -94.458115, 38.912935 ], [ -94.468745, 38.913286 ], [ -94.469202, 38.905604 ], [ -94.471427, 38.904875 ], [ -94.482383, 38.90747 ], [ -94.484051, 38.906847 ], [ -94.488889, 38.901797 ], [ -94.488892, 38.901999 ], [ -94.488569, 38.907211 ], [ -94.503296, 38.907732 ], [ -94.505797, 38.907791 ], [ -94.511446, 38.908136 ], [ -94.522932, 38.908822 ], [ -94.523691, 38.908897 ], [ -94.523868, 38.909368 ], [ -94.524174, 38.911009 ], [ -94.527827, 38.918242 ], [ -94.527881, 38.924236 ], [ -94.525184, 38.925115 ], [ -94.523046, 38.924898 ], [ -94.523057, 38.925252 ], [ -94.522981, 38.927492 ], [ -94.524646, 38.927566 ], [ -94.523855, 38.931292 ], [ -94.526001, 38.932017 ], [ -94.527059, 38.932613 ], [ -94.526308, 38.932547 ], [ -94.526978, 38.93362 ], [ -94.524624, 38.933353 ], [ -94.524891, 38.934796 ], [ -94.527653, 38.934701 ], [ -94.531644, 38.938826 ] ] ] ] } },
{ "type": "Feature", "properties": { "ZCTA5CE20": "64138", "AFFGEOID20": "860Z200US64138", "GEOID20": "64138", "NAME20": "64138", "LSAD20": "Z5", "ALAND20": 34514941.0, "AWATER20": 20488.0, "price_2012": 66957.532417208291, "price_2026": 202200.28422361336, "log_change": 1.1052001383339114, "pct_change": 2.0198287918335427, "dollar_change": 135242.75180640508, "mci": 42552.53205, "plaza": 13299.90074, "pnl": 17340.74921, "legends": 35635.75522, "lees_summit": 9574.948888000001, "cbd": 15320.324975, "log_population": 10.077650921628619, "median_income": 58638.0, "poverty_rate": 0.13691941920692877, "bachelors_only": 0.1582862414946373, "college_plus": 0.22828970130319456, "no_college": 0.77171029869680541 }, "geometry": { "type": "MultiPolygon", "coordinates": [ [ [ [ -94.529737, 38.953235 ], [ -94.519952, 38.967411 ], [ -94.521118, 38.967457 ], [ -94.520981, 38.970312 ], [ -94.520952, 38.971033 ], [ -94.520855, 38.973608 ], [ -94.522614, 38.973167 ], [ -94.522876, 38.974843 ], [ -94.520813, 38.974779 ], [ -94.520266, 38.979396 ], [ -94.521515, 38.982793 ], [ -94.520297, 38.985287 ], [ -94.520318, 38.985653 ], [ -94.512921, 38.985314 ], [ -94.511988, 38.984921 ], [ -94.511887, 38.984881 ], [ -94.509374, 38.984175 ], [ -94.505423, 38.982388 ], [ -94.50336, 38.984338 ], [ -94.502313, 38.986101 ], [ -94.501958, 38.987258 ], [ -94.501823, 38.988508 ], [ -94.494583, 38.988267 ], [ -94.492289, 38.98821 ], [ -94.487655, 38.988093 ], [ -94.487598, 38.988968 ], [ -94.483821, 38.988825 ], [ -94.483834, 38.988443 ], [ -94.478602, 38.988194 ], [ -94.476888, 38.989501 ], [ -94.476182, 38.987598 ], [ -94.472893, 38.987456 ], [ -94.46491, 38.987002 ], [ -94.464462, 38.986453 ], [ -94.46444, 38.986995 ], [ -94.44587, 38.986163 ], [ -94.445273, 38.98712 ], [ -94.440341, 38.986616 ], [ -94.440338, 38.985856 ], [ -94.43723, 38.985672 ], [ -94.436357, 38.985636 ], [ -94.435872, 38.985602 ], [ -94.422636, 38.984925 ], [ -94.421841, 38.984111 ], [ -94.421999, 38.982601 ], [ -94.420505, 38.983294 ], [ -94.418777, 38.983946 ], [ -94.418357, 38.984238 ], [ -94.417942, 38.984603 ], [ -94.417808, 38.984751 ], [ -94.417678, 38.984744 ], [ -94.418242, 38.970232 ], [ -94.425011, 38.970337 ], [ -94.425036, 38.964241 ], [ -94.42669, 38.964133 ], [ -94.425842, 38.963286 ], [ -94.426196, 38.963107 ], [ -94.426945, 38.959907 ], [ -94.428435, 38.95809 ], [ -94.428573, 38.956636 ], [ -94.426013, 38.951856 ], [ -94.425986, 38.948498 ], [ -94.421641, 38.949146 ], [ -94.42201, 38.944633 ], [ -94.42625, 38.945286 ], [ -94.42634, 38.943912 ], [ -94.422232, 38.943175 ], [ -94.422157, 38.942711 ], [ -94.423786, 38.941416 ], [ -94.429231, 38.94169 ], [ -94.431994, 38.941822 ], [ -94.438713, 38.942136 ], [ -94.439617, 38.942172 ], [ -94.439082, 38.948945 ], [ -94.439287, 38.949041 ], [ -94.440413, 38.949433 ], [ -94.442909, 38.949669 ], [ -94.442587, 38.95375 ], [ -94.442194, 38.95483 ], [ -94.451216, 38.955127 ], [ -94.45135, 38.952334 ], [ -94.457421, 38.952644 ], [ -94.458083, 38.950788 ], [ -94.459135, 38.950818 ], [ -94.459254, 38.950807 ], [ -94.460236, 38.950849 ], [ -94.460512, 38.953501 ], [ -94.461342, 38.953818 ], [ -94.463461, 38.953256 ], [ -94.463533, 38.951579 ], [ -94.466041, 38.951698 ], [ -94.466093, 38.950632 ], [ -94.475395, 38.951052 ], [ -94.478254, 38.951182 ], [ -94.480074, 38.951263 ], [ -94.484219, 38.951432 ], [ -94.487633, 38.951571 ], [ -94.489213, 38.951619 ], [ -94.491803, 38.953514 ], [ -94.49397, 38.953565 ], [ -94.494046, 38.951764 ], [ -94.499221, 38.951982 ], [ -94.507942, 38.952392 ], [ -94.513204, 38.952594 ], [ -94.519537, 38.952858 ], [ -94.519454, 38.954705 ], [ -94.520614, 38.954102 ], [ -94.520581, 38.954656 ], [ -94.521702, 38.954522 ], [ -94.521778, 38.952941 ], [ -94.521882, 38.952946 ], [ -94.529446, 38.953227 ], [ -94.529597, 38.953231 ], [ -94.529737, 38.953235 ] ] ] ] } },
{ "type": "Feature", "properties": { "ZCTA5CE20": "64474", "AFFGEOID20": "860Z200US64474", "GEOID20": "64474", "NAME20": "64474", "LSAD20": "Z5", "ALAND20": 146626716.0, "AWATER20": 1870678.0, "price_2012": 141684.94699451941, "price_2026": 261157.26877913997, "log_change": 0.61151687868702176, "pct_change": 0.84322522835994651, "dollar_change": 119472.32178462055, "mci": 58520.60843, "plaza": 81526.98894, "pnl": 75197.91096, "legends": 80393.58612000001, "lees_summit": 93594.9841, "cbd": 78362.44995, "log_population": 6.7226297948554485, "median_income": 77083.0, "poverty_rate": 0.075812274368231042, "bachelors_only": 0.19720767888307156, "college_plus": 0.31588132635253052, "no_college": 0.68411867364746948 }, "geometry": { "type": "MultiPolygon", "coordinates": [ [ [ [ -94.453244, 39.827787 ], [ -94.452665, 39.828597 ], [ -94.452516, 39.829835 ], [ -94.45154, 39.832597 ], [ -94.450065, 39.835274 ], [ -94.442294, 39.835242 ], [ -94.414652, 39.835328 ], [ -94.41445, 39.820646 ], [ -94.395394, 39.820365 ], [ -94.395412, 39.824062 ], [ -94.395437, 39.835019 ], [ -94.376021, 39.834624 ], [ -94.362372, 39.834809 ], [ -94.362352, 39.833563 ], [ -94.359443, 39.833925 ], [ -94.358712, 39.834148 ], [ -94.357248, 39.8348 ], [ -94.353594, 39.834734 ], [ -94.352502, 39.833634 ], [ -94.353392, 39.831809 ], [ -94.352024, 39.829979 ], [ -94.350503, 39.829386 ], [ -94.348405, 39.826836 ], [ -94.338445, 39.826774 ], [ -94.33853, 39.834444 ], [ -94.319513, 39.834036 ], [ -94.319483, 39.81946 ], [ -94.338345, 39.819745 ], [ -94.33822, 39.805136 ], [ -94.327032, 39.805024 ], [ -94.325325, 39.801684 ], [ -94.322716, 39.798768 ], [ -94.321456, 39.794494 ], [ -94.321567, 39.793343 ], [ -94.323748, 39.793046 ], [ -94.324436, 39.790395 ], [ -94.338361, 39.790476 ], [ -94.337884, 39.754591 ], [ -94.332659, 39.754345 ], [ -94.329934, 39.75154 ], [ -94.325739, 39.750108 ], [ -94.326194, 39.749564 ], [ -94.32276, 39.747966 ], [ -94.323205, 39.747191 ], [ -94.321819, 39.747268 ], [ -94.321391, 39.746097 ], [ -94.318986, 39.745218 ], [ -94.318805, 39.744553 ], [ -94.317691, 39.743819 ], [ -94.316716, 39.742153 ], [ -94.317083, 39.741399 ], [ -94.317327, 39.741093 ], [ -94.316704, 39.739467 ], [ -94.317228, 39.739001 ], [ -94.318842, 39.738789 ], [ -94.321185, 39.737952 ], [ -94.322589, 39.739156 ], [ -94.32433, 39.737357 ], [ -94.324036, 39.735915 ], [ -94.325767, 39.735826 ], [ -94.325215, 39.73399 ], [ -94.323071, 39.732664 ], [ -94.337444, 39.732618 ], [ -94.337067, 39.703573 ], [ -94.337066, 39.703508 ], [ -94.336846, 39.688999 ], [ -94.326999, 39.688991 ], [ -94.327414, 39.688579 ], [ -94.327397, 39.659638 ], [ -94.336987, 39.659804 ], [ -94.346438, 39.659822 ], [ -94.346241, 39.674453 ], [ -94.355774, 39.674452 ], [ -94.374457, 39.674262 ], [ -94.374419, 39.682874 ], [ -94.376384, 39.681551 ], [ -94.388256, 39.681417 ], [ -94.388433, 39.674454 ], [ -94.388806, 39.674183 ], [ -94.396443, 39.674216 ], [ -94.402673, 39.674263 ], [ -94.402549, 39.687492 ], [ -94.403074, 39.703691 ], [ -94.432271, 39.703698 ], [ -94.432376, 39.718465 ], [ -94.422704, 39.718419 ], [ -94.422713, 39.726108 ], [ -94.432401, 39.726138 ], [ -94.432472, 39.747474 ], [ -94.432672, 39.770181 ], [ -94.432734, 39.776817 ], [ -94.438505, 39.776872 ], [ -94.445366, 39.779204 ], [ -94.447713, 39.786346 ], [ -94.450962, 39.787793 ], [ -94.451704, 39.788731 ], [ -94.451898, 39.790808 ], [ -94.451892, 39.795112 ], [ -94.449765, 39.794212 ], [ -94.44612, 39.794841 ], [ -94.444876, 39.794413 ], [ -94.442155, 39.794678 ], [ -94.439384, 39.797725 ], [ -94.438924, 39.801231 ], [ -94.437949, 39.803215 ], [ -94.43566, 39.805985 ], [ -94.433089, 39.805994 ], [ -94.433284, 39.820573 ], [ -94.43961, 39.820574 ], [ -94.439808, 39.821569 ], [ -94.441513, 39.823769 ], [ -94.443826, 39.825045 ], [ -94.449083, 39.823829 ], [ -94.451667, 39.824025 ], [ -94.452012, 39.824376 ], [ -94.452666, 39.826133 ], [ -94.453093, 39.826556 ], [ -94.453244, 39.827787 ] ] ] ] } },
{ "type": "Feature", "properties": { "ZCTA5CE20": "64129", "AFFGEOID20": "860Z200US64129", "GEOID20": "64129", "NAME20": "64129", "LSAD20": "Z5", "ALAND20": 26788011.0, "AWATER20": 195579.0, "price_2012": 34483.196317221686, "price_2026": 152573.78459764423, "log_change": 1.4871761703504554, "pct_change": 3.4245835912097702, "dollar_change": 118090.58828042255, "mci": 33752.73023, "plaza": 8253.057305, "pnl": 9133.390169, "legends": 30079.80717, "lees_summit": 17812.22236, "cbd": 8693.223737, "log_population": 9.1342149815866911, "median_income": 51310.0, "poverty_rate": 0.16427104722792607, "bachelors_only": 0.069313482216708022, "college_plus": 0.13234077750206782, "no_college": 0.86765922249793215 }, "geometry": { "type": "MultiPolygon", "coordinates": [ [ [ [ -94.520977, 39.043054 ], [ -94.519687, 39.044369 ], [ -94.517431, 39.044531 ], [ -94.516758, 39.053457 ], [ -94.516741, 39.05384 ], [ -94.516617, 39.056245 ], [ -94.516564, 39.059813 ], [ -94.520043, 39.059959 ], [ -94.51996, 39.061593 ], [ -94.516531, 39.062929 ], [ -94.515709, 39.061506 ], [ -94.512909, 39.058963 ], [ -94.512135, 39.058454 ], [ -94.511899, 39.059887 ], [ -94.513081, 39.062424 ], [ -94.513137, 39.063849 ], [ -94.512974, 39.064443 ], [ -94.512442, 39.064988 ], [ -94.514135, 39.065161 ], [ -94.517621, 39.06524 ], [ -94.51823, 39.066391 ], [ -94.52021, 39.068782 ], [ -94.519482, 39.068585 ], [ -94.518201, 39.06826 ], [ -94.516022, 39.068117 ], [ -94.516, 39.068626 ], [ -94.515662, 39.075917 ], [ -94.516774, 39.075939 ], [ -94.516066, 39.079641 ], [ -94.517196, 39.08001 ], [ -94.515418, 39.080998 ], [ -94.515285, 39.083118 ], [ -94.497924, 39.082772 ], [ -94.495791, 39.082672 ], [ -94.494572, 39.082614 ], [ -94.492465, 39.082516 ], [ -94.490458, 39.082128 ], [ -94.485665, 39.080995 ], [ -94.477951, 39.081652 ], [ -94.471135, 39.081358 ], [ -94.470183, 39.081314 ], [ -94.470425, 39.074189 ], [ -94.47076, 39.073811 ], [ -94.470809, 39.072717 ], [ -94.468465, 39.068863 ], [ -94.468969, 39.066795 ], [ -94.474706, 39.067085 ], [ -94.474714, 39.06534 ], [ -94.474982, 39.061438 ], [ -94.474983, 39.060647 ], [ -94.472609, 39.059145 ], [ -94.474362, 39.054346 ], [ -94.475892, 39.052598 ], [ -94.474355, 39.051888 ], [ -94.474442, 39.051776 ], [ -94.475445, 39.050359 ], [ -94.47702, 39.051894 ], [ -94.477326, 39.047913 ], [ -94.478778, 39.045365 ], [ -94.479027, 39.045365 ], [ -94.48004, 39.044681 ], [ -94.482008, 39.04096 ], [ -94.48067, 39.040556 ], [ -94.476348, 39.03681 ], [ -94.476652, 39.036042 ], [ -94.480401, 39.031144 ], [ -94.480887, 39.030177 ], [ -94.481093, 39.02927 ], [ -94.481159, 39.028464 ], [ -94.481174, 39.027985 ], [ -94.482089, 39.028001 ], [ -94.482138, 39.026053 ], [ -94.483593, 39.026127 ], [ -94.484, 39.023937 ], [ -94.482195, 39.023856 ], [ -94.482182, 39.023855 ], [ -94.482425, 39.016628 ], [ -94.482528, 39.014565 ], [ -94.481688, 39.013774 ], [ -94.482552, 39.013807 ], [ -94.482754, 39.009664 ], [ -94.489112, 39.0098 ], [ -94.496575, 39.016965 ], [ -94.500835, 39.021297 ], [ -94.501093, 39.02157 ], [ -94.501132, 39.020194 ], [ -94.500904, 39.01923 ], [ -94.498483, 39.016074 ], [ -94.497809, 39.014408 ], [ -94.497782, 39.013323 ], [ -94.498344, 39.011647 ], [ -94.49839, 39.011569 ], [ -94.500331, 39.01305 ], [ -94.503419, 39.013416 ], [ -94.505141, 39.012601 ], [ -94.50637, 39.012269 ], [ -94.507221, 39.012307 ], [ -94.508472, 39.012585 ], [ -94.510991, 39.013536 ], [ -94.513317, 39.014514 ], [ -94.514771, 39.015071 ], [ -94.515781, 39.01525 ], [ -94.517897, 39.015126 ], [ -94.517898, 39.015336 ], [ -94.517732, 39.02431 ], [ -94.518288, 39.024322 ], [ -94.518078, 39.025085 ], [ -94.517848, 39.034677 ], [ -94.518523, 39.034734 ], [ -94.51987, 39.038192 ], [ -94.520083, 39.037492 ], [ -94.520902, 39.038087 ], [ -94.521169, 39.042225 ], [ -94.520977, 39.043054 ] ] ] ] } },
{ "type": "Feature", "properties": { "ZCTA5CE20": "64131", "AFFGEOID20": "860Z200US64131", "GEOID20": "64131", "NAME20": "64131", "LSAD20": "Z5", "ALAND20": 22120112.0, "AWATER20": 34078.0, "price_2012": 88234.523299917128, "price_2026": 261068.29645190141, "log_change": 1.0847837382603398, "pct_change": 1.9587998743361104, "dollar_change": 172833.77315198426, "mci": 40028.63307, "plaza": 9565.284789, "pnl": 15738.52228, "legends": 28909.43303, "lees_summit": 17155.00518, "cbd": 12651.903534499999, "log_population": 9.9961578873774357, "median_income": 64201.0, "poverty_rate": 0.098915421496066663, "bachelors_only": 0.24411688647530386, "college_plus": 0.39345746056374453, "no_college": 0.60654253943625547 }, "geometry": { "type": "MultiPolygon", "coordinates": [ [ [ [ -94.589377, 38.914363 ], [ -94.58878, 38.915207 ], [ -94.588431, 38.917709 ], [ -94.588738, 38.918194 ], [ -94.587039, 38.918193 ], [ -94.586892, 38.918666 ], [ -94.586751, 38.919782 ], [ -94.588492, 38.920407 ], [ -94.588419, 38.921569 ], [ -94.584927, 38.921337 ], [ -94.584766, 38.923074 ], [ -94.58825, 38.924075 ], [ -94.588089, 38.926171 ], [ -94.587593, 38.932654 ], [ -94.58755, 38.933332 ], [ -94.586959, 38.936401 ], [ -94.585596, 38.937507 ], [ -94.58754, 38.937592 ], [ -94.587412, 38.940587 ], [ -94.582817, 38.940393 ], [ -94.582809, 38.94061 ], [ -94.587344, 38.941207 ], [ -94.587199, 38.944552 ], [ -94.587107, 38.948015 ], [ -94.586827, 38.948463 ], [ -94.586924, 38.950295 ], [ -94.587354, 38.952124 ], [ -94.587312, 38.952784 ], [ -94.586663, 38.955557 ], [ -94.586598, 38.956942 ], [ -94.586317, 38.956909 ], [ -94.585345, 38.956476 ], [ -94.584377, 38.956158 ], [ -94.583872, 38.955607 ], [ -94.582003, 38.955523 ], [ -94.581784, 38.960058 ], [ -94.586472, 38.960203 ], [ -94.586332, 38.96219 ], [ -94.586315, 38.96298 ], [ -94.586142, 38.966534 ], [ -94.585937, 38.966527 ], [ -94.585873, 38.96796 ], [ -94.586062, 38.968411 ], [ -94.585796, 38.97383 ], [ -94.585183, 38.973802 ], [ -94.585014, 38.9773 ], [ -94.585623, 38.977498 ], [ -94.585284, 38.984696 ], [ -94.585178, 38.986902 ], [ -94.584529, 38.988288 ], [ -94.584176, 38.991493 ], [ -94.584928, 38.991947 ], [ -94.584751, 38.995585 ], [ -94.584673, 38.997392 ], [ -94.584594, 38.999222 ], [ -94.584518, 38.999219 ], [ -94.584481, 39.000083 ], [ -94.58444, 39.001034 ], [ -94.5821, 39.001837 ], [ -94.582042, 39.002739 ], [ -94.582746, 39.002763 ], [ -94.582913, 39.004198 ], [ -94.584301, 39.004015 ], [ -94.58419, 39.00619 ], [ -94.583999, 39.010084 ], [ -94.583897, 39.01188 ], [ -94.583866, 39.012419 ], [ -94.581344, 39.012566 ], [ -94.579242, 39.012254 ], [ -94.576949, 39.012141 ], [ -94.576885, 39.013355 ], [ -94.574554, 39.01325 ], [ -94.570454, 39.013089 ], [ -94.568858, 39.013026 ], [ -94.568156, 39.012999 ], [ -94.564775, 39.012854 ], [ -94.563118, 39.011963 ], [ -94.563178, 39.011 ], [ -94.564321, 39.011049 ], [ -94.564458, 39.008082 ], [ -94.566627, 39.008725 ], [ -94.567943, 39.010868 ], [ -94.567651, 39.009174 ], [ -94.567111, 39.008178 ], [ -94.567869, 39.008186 ], [ -94.565756, 39.005666 ], [ -94.565608, 39.004763 ], [ -94.566125, 38.998402 ], [ -94.566144, 38.997969 ], [ -94.565452, 38.997939 ], [ -94.565573, 38.997566 ], [ -94.565818, 38.997052 ], [ -94.566185, 38.997055 ], [ -94.566275, 38.995084 ], [ -94.566383, 38.992997 ], [ -94.566475, 38.991178 ], [ -94.566108, 38.991161 ], [ -94.565616, 38.991141 ], [ -94.566157, 38.990136 ], [ -94.566455, 38.983931 ], [ -94.565652, 38.9839 ], [ -94.565669, 38.983601 ], [ -94.566358, 38.98363 ], [ -94.566356, 38.982112 ], [ -94.567021, 38.978456 ], [ -94.567247, 38.975723 ], [ -94.567269, 38.975293 ], [ -94.567344, 38.973825 ], [ -94.566743, 38.973038 ], [ -94.565904, 38.969316 ], [ -94.568364, 38.969306 ], [ -94.56632, 38.968359 ], [ -94.565917, 38.968008 ], [ -94.565682, 38.96758 ], [ -94.565674, 38.966849 ], [ -94.563319, 38.966032 ], [ -94.563459, 38.965833 ], [ -94.564287, 38.964101 ], [ -94.563371, 38.958175 ], [ -94.560417, 38.957582 ], [ -94.558899, 38.956858 ], [ -94.55798, 38.956318 ], [ -94.557338, 38.954008 ], [ -94.556807, 38.952508 ], [ -94.556987, 38.950653 ], [ -94.558855, 38.948321 ], [ -94.563711, 38.944708 ], [ -94.564008, 38.944066 ], [ -94.564033, 38.943763 ], [ -94.563814, 38.943303 ], [ -94.563564, 38.94311 ], [ -94.562456, 38.942592 ], [ -94.561936, 38.942253 ], [ -94.561147, 38.941314 ], [ -94.560854, 38.94079 ], [ -94.560602, 38.940022 ], [ -94.560519, 38.939553 ], [ -94.560501, 38.939346 ], [ -94.560751, 38.937194 ], [ -94.561081, 38.936315 ], [ -94.562345, 38.934489 ], [ -94.562891, 38.930566 ], [ -94.564252, 38.928923 ], [ -94.560154, 38.928802 ], [ -94.560264, 38.926546 ], [ -94.560232, 38.924926 ], [ -94.560717, 38.917597 ], [ -94.560799, 38.910472 ], [ -94.566365, 38.910541 ], [ -94.567728, 38.910838 ], [ -94.568701, 38.910859 ], [ -94.569728, 38.909802 ], [ -94.570672, 38.90996 ], [ -94.575179, 38.910159 ], [ -94.575888, 38.91274 ], [ -94.576454, 38.912732 ], [ -94.577996, 38.910589 ], [ -94.579343, 38.910239 ], [ -94.579471, 38.910521 ], [ -94.58358, 38.912268 ], [ -94.583538, 38.912742 ], [ -94.5843, 38.912785 ], [ -94.584397, 38.911299 ], [ -94.588961, 38.911623 ], [ -94.589483, 38.912405 ], [ -94.589377, 38.914363 ] ] ] ] } },
{ "type": "Feature", "properties": { "ZCTA5CE20": "64123", "AFFGEOID20": "860Z200US64123", "GEOID20": "64123", "NAME20": "64123", "LSAD20": "Z5", "ALAND20": 4655538.0, "AWATER20": 0.0, "price_2012": 27940.984302771722, "price_2026": 126475.77672644579, "log_change": 1.5099562191330911, "pct_change": 3.5265326144540841, "dollar_change": 98534.79242367408, "mci": 26670.87366, "plaza": 10031.98214, "pnl": 5406.501903, "legends": 26772.2765, "lees_summit": 25126.62277, "cbd": 7719.2420215000002, "log_population": 9.3786475173845592, "median_income": 54443.0, "poverty_rate": 0.14235485807392162, "bachelors_only": 0.12706953642384106, "college_plus": 0.23979028697571744, "no_college": 0.76020971302428253 }, "geometry": { "type": "MultiPolygon", "coordinates": [ [ [ [ -94.548182, 39.118183 ], [ -94.538426, 39.119655 ], [ -94.537194, 39.119739 ], [ -94.535804, 39.119799 ], [ -94.531093, 39.120057 ], [ -94.527449, 39.12004 ], [ -94.526542, 39.12005 ], [ -94.52063, 39.120073 ], [ -94.518209, 39.120063 ], [ -94.51357, 39.119928 ], [ -94.508518, 39.119686 ], [ -94.507772, 39.119405 ], [ -94.50815, 39.119809 ], [ -94.510793, 39.120434 ], [ -94.506866, 39.120371 ], [ -94.497798, 39.116136 ], [ -94.496733, 39.115858 ], [ -94.499617, 39.113595 ], [ -94.499836, 39.110201 ], [ -94.504962, 39.108852 ], [ -94.513021, 39.104986 ], [ -94.51433, 39.10503 ], [ -94.514491, 39.105036 ], [ -94.51874, 39.105194 ], [ -94.519107, 39.105208 ], [ -94.518981, 39.107386 ], [ -94.518437, 39.107372 ], [ -94.51838, 39.108333 ], [ -94.518913, 39.108337 ], [ -94.518905, 39.108846 ], [ -94.518348, 39.108833 ], [ -94.518805, 39.11063 ], [ -94.518686, 39.11247 ], [ -94.521016, 39.112544 ], [ -94.523358, 39.112613 ], [ -94.52347, 39.110717 ], [ -94.528102, 39.110974 ], [ -94.530395, 39.111052 ], [ -94.532775, 39.111135 ], [ -94.537352, 39.11128 ], [ -94.537374, 39.110855 ], [ -94.538802, 39.111335 ], [ -94.540254, 39.110482 ], [ -94.542001, 39.111427 ], [ -94.542405, 39.111316 ], [ -94.54375, 39.110592 ], [ -94.545722, 39.111561 ], [ -94.54663, 39.111576 ], [ -94.548174, 39.110909 ], [ -94.548158, 39.112576 ], [ -94.548152, 39.113575 ], [ -94.548026, 39.117348 ], [ -94.548182, 39.118183 ] ] ] ] } },
{ "type": "Feature", "properties": { "ZCTA5CE20": "66044", "AFFGEOID20": "860Z200US66044", "GEOID20": "66044", "NAME20": "66044", "LSAD20": "Z5", "ALAND20": 166228634.0, "AWATER20": 3583149.0, "price_2012": 133304.67866320643, "price_2026": 281477.3189497455, "log_change": 0.7474145469016058, "pct_change": 1.1115336818814625, "dollar_change": 148172.64028653907, "mci": 51932.30034, "plaza": 53531.21552, "pnl": 54931.02839, "legends": 34328.18273, "lees_summit": 72730.47196, "cbd": 54231.121954999995, "log_population": 10.268824869553512, "median_income": 55955.0, "poverty_rate": 0.26230321061113177, "bachelors_only": 0.32787591555364065, "college_plus": 0.54459284791038343, "no_college": 0.45540715208961657 }, "geometry": { "type": "MultiPolygon", "coordinates": [ [ [ [ -95.289057, 39.087436 ], [ -95.287671, 39.088525 ], [ -95.287401, 39.090978 ], [ -95.285758, 39.092493 ], [ -95.281013, 39.093318 ], [ -95.278144, 39.094666 ], [ -95.270578, 39.094813 ], [ -95.25676, 39.094906 ], [ -95.255558, 39.09537 ], [ -95.254291, 39.09789 ], [ -95.255224, 39.100477 ], [ -95.252306, 39.103125 ], [ -95.25436, 39.105071 ], [ -95.253315, 39.107162 ], [ -95.253922, 39.109189 ], [ -95.253795, 39.112864 ], [ -95.255869, 39.113158 ], [ -95.253261, 39.114201 ], [ -95.252262, 39.111963 ], [ -95.252148, 39.106819 ], [ -95.243089, 39.106579 ], [ -95.24313, 39.102323 ], [ -95.21606, 39.1022 ], [ -95.216084, 39.104988 ], [ -95.225528, 39.104893 ], [ -95.225658, 39.109661 ], [ -95.22521, 39.11149 ], [ -95.218145, 39.111503 ], [ -95.215121, 39.111972 ], [ -95.20708, 39.11127 ], [ -95.207332, 39.11656 ], [ -95.202219, 39.116864 ], [ -95.202219, 39.123952 ], [ -95.191149, 39.123813 ], [ -95.189519, 39.122972 ], [ -95.189268, 39.121466 ], [ -95.187816, 39.121537 ], [ -95.187431, 39.076367 ], [ -95.187533, 39.076325 ], [ -95.187562, 39.073117 ], [ -95.174648, 39.072993 ], [ -95.173019, 39.072782 ], [ -95.168974, 39.071307 ], [ -95.167432, 39.071716 ], [ -95.164541, 39.070594 ], [ -95.161693, 39.066976 ], [ -95.158859, 39.065495 ], [ -95.157838, 39.066317 ], [ -95.154965, 39.063962 ], [ -95.155264, 39.060144 ], [ -95.153045, 39.059453 ], [ -95.153334, 39.058508 ], [ -95.141656, 39.058442 ], [ -95.141598, 39.057118 ], [ -95.140107, 39.057187 ], [ -95.139293, 39.055989 ], [ -95.136003, 39.05442 ], [ -95.135019, 39.052515 ], [ -95.131946, 39.052233 ], [ -95.130987, 39.051379 ], [ -95.12889, 39.051497 ], [ -95.127824, 39.050625 ], [ -95.129299, 39.049677 ], [ -95.131976, 39.051258 ], [ -95.134471, 39.049968 ], [ -95.133998, 39.048586 ], [ -95.131905, 39.047907 ], [ -95.130823, 39.046797 ], [ -95.130335, 39.048112 ], [ -95.128716, 39.048276 ], [ -95.128548, 39.04509 ], [ -95.125581, 39.045584 ], [ -95.124757, 39.044596 ], [ -95.124909, 39.043839 ], [ -95.127183, 39.043213 ], [ -95.127161, 39.04176 ], [ -95.129771, 39.039741 ], [ -95.130221, 39.036735 ], [ -95.139217, 39.036804 ], [ -95.139288, 39.035414 ], [ -95.149299, 39.035344 ], [ -95.149156, 39.029447 ], [ -95.131228, 39.029475 ], [ -95.131136, 39.02271 ], [ -95.131129, 39.021685 ], [ -95.132316, 39.020621 ], [ -95.133352, 39.019414 ], [ -95.133005, 39.017833 ], [ -95.133805, 39.012747 ], [ -95.13519, 39.00863 ], [ -95.138297, 39.006836 ], [ -95.140502, 39.004332 ], [ -95.140766, 39.001667 ], [ -95.135783, 39.003137 ], [ -95.130941, 39.003931 ], [ -95.130778, 38.993139 ], [ -95.130469, 38.977401 ], [ -95.130375, 38.969613 ], [ -95.130543, 38.968428 ], [ -95.13969, 38.969388 ], [ -95.143877, 38.971612 ], [ -95.146433, 38.972364 ], [ -95.148844, 38.97434 ], [ -95.14936, 38.974733 ], [ -95.156952, 38.978884 ], [ -95.164123, 38.98163 ], [ -95.165962, 38.979622 ], [ -95.166498, 38.975913 ], [ -95.164859, 38.97152 ], [ -95.167563, 38.968875 ], [ -95.169539, 38.966471 ], [ -95.173656, 38.965127 ], [ -95.182142, 38.964524 ], [ -95.186189, 38.964542 ], [ -95.188362, 38.964629 ], [ -95.189388, 38.96478 ], [ -95.193746, 38.964867 ], [ -95.198749, 38.966402 ], [ -95.210209, 38.969844 ], [ -95.214262, 38.970582 ], [ -95.228688, 38.972802 ], [ -95.230009, 38.973569 ], [ -95.235737, 38.975402 ], [ -95.236073, 38.973764 ], [ -95.233738, 38.973285 ], [ -95.231228, 38.972102 ], [ -95.226154, 38.968649 ], [ -95.225047, 38.966209 ], [ -95.224503, 38.9638 ], [ -95.223518, 38.963807 ], [ -95.223364, 38.96425 ], [ -95.218814, 38.964282 ], [ -95.214198, 38.963336 ], [ -95.211974, 38.962707 ], [ -95.211993, 38.964263 ], [ -95.211867, 38.964263 ], [ -95.211932, 38.962695 ], [ -95.209525, 38.960614 ], [ -95.209546, 38.956978 ], [ -95.210017, 38.956979 ], [ -95.210019, 38.953904 ], [ -95.213744, 38.953523 ], [ -95.2142, 38.95278 ], [ -95.214184, 38.950401 ], [ -95.218095, 38.950372 ], [ -95.218777, 38.950081 ], [ -95.218777, 38.949968 ], [ -95.223443, 38.949944 ], [ -95.227055, 38.949978 ], [ -95.232789, 38.95004 ], [ -95.232793, 38.950496 ], [ -95.234385, 38.950519 ], [ -95.234375, 38.950058 ], [ -95.2359, 38.950071 ], [ -95.241801, 38.950114 ], [ -95.250009, 38.950065 ], [ -95.250012, 38.951363 ], [ -95.247212, 38.95138 ], [ -95.247207, 38.954185 ], [ -95.246588, 38.954186 ], [ -95.245398, 38.955277 ], [ -95.244179, 38.95527 ], [ -95.245963, 38.956928 ], [ -95.245855, 38.957379 ], [ -95.243496, 38.957998 ], [ -95.242867, 38.959994 ], [ -95.242599, 38.961074 ], [ -95.24408, 38.961907 ], [ -95.244078, 38.963839 ], [ -95.244079, 38.964324 ], [ -95.248713, 38.964304 ], [ -95.251056, 38.963407 ], [ -95.251105, 38.958891 ], [ -95.252111, 38.958426 ], [ -95.254899, 38.95848 ], [ -95.254911, 38.957055 ], [ -95.254672, 38.957057 ], [ -95.252108, 38.957047 ], [ -95.252096, 38.955995 ], [ -95.254675, 38.955861 ], [ -95.257025, 38.955361 ], [ -95.259355, 38.953505 ], [ -95.260076, 38.954606 ], [ -95.258491, 38.955761 ], [ -95.258495, 38.957043 ], [ -95.260469, 38.956912 ], [ -95.260423, 38.964275 ], [ -95.26042, 38.965494 ], [ -95.263271, 38.966091 ], [ -95.263897, 38.967931 ], [ -95.260422, 38.967904 ], [ -95.260422, 38.967942 ], [ -95.260459, 38.971967 ], [ -95.260698, 38.972857 ], [ -95.26096, 38.972798 ], [ -95.261316, 38.974114 ], [ -95.261, 38.976089 ], [ -95.260786, 38.976939 ], [ -95.260443, 38.978681 ], [ -95.260446, 38.980454 ], [ -95.260447, 38.980606 ], [ -95.260463, 38.986084 ], [ -95.260447, 38.990009 ], [ -95.260493, 38.994786 ], [ -95.259048, 38.99596 ], [ -95.260502, 38.996659 ], [ -95.260508, 38.997963 ], [ -95.262786, 38.997954 ], [ -95.262832, 38.999189 ], [ -95.262639, 38.999753 ], [ -95.261441, 39.000603 ], [ -95.260718, 39.000343 ], [ -95.26051, 39.000608 ], [ -95.260501, 39.00088 ], [ -95.255572, 39.000613 ], [ -95.255215, 39.000483 ], [ -95.25145, 38.998484 ], [ -95.25026, 38.997647 ], [ -95.247404, 38.991017 ], [ -95.23912, 38.992267 ], [ -95.239026, 38.994503 ], [ -95.23953, 38.997908 ], [ -95.241348, 39.001118 ], [ -95.243242, 39.002733 ], [ -95.24693, 39.004302 ], [ -95.263752, 39.009272 ], [ -95.266768, 39.010592 ], [ -95.270523, 39.015546 ], [ -95.271859, 39.016341 ], [ -95.276344, 39.01681 ], [ -95.280501, 39.018485 ], [ -95.283391, 39.02054 ], [ -95.285873, 39.024034 ], [ -95.286425, 39.025985 ], [ -95.284952, 39.030787 ], [ -95.285425, 39.032162 ], [ -95.282846, 39.0333 ], [ -95.282247, 39.037 ], [ -95.282647, 39.0386 ], [ -95.285548, 39.0427 ], [ -95.285649, 39.0454 ], [ -95.284434, 39.046675 ], [ -95.279583, 39.047198 ], [ -95.279581, 39.051483 ], [ -95.270328, 39.051413 ], [ -95.270423, 39.065926 ], [ -95.283644, 39.06619 ], [ -95.285963, 39.069318 ], [ -95.285506, 39.071886 ], [ -95.284089, 39.073296 ], [ -95.283985, 39.075083 ], [ -95.283113, 39.076675 ], [ -95.284102, 39.07899 ], [ -95.283831, 39.082564 ], [ -95.284823, 39.083957 ], [ -95.287948, 39.08397 ], [ -95.289006, 39.085973 ], [ -95.289057, 39.087436 ] ] ] ] } },
{ "type": "Feature", "properties": { "ZCTA5CE20": "66071", "AFFGEOID20": "860Z200US66071", "GEOID20": "66071", "NAME20": "66071", "LSAD20": "Z5", "ALAND20": 593803289.0, "AWATER20": 15984061.0, "price_2012": 138162.49677368271, "price_2026": 371643.46226045425, "log_change": 0.98950445461166048, "pct_change": 1.689901173899784, "dollar_change": 233480.96548677154, "mci": 81664.57554000001, "plaza": 57212.92813, "pnl": 63333.09367, "legends": 61146.41989, "lees_summit": 56489.12424, "cbd": 60273.0109, "log_population": 9.425451751593128, "median_income": 84142.0, "poverty_rate": 0.064650934119960674, "bachelors_only": 0.19766783652213291, "college_plus": 0.2969546020604551, "no_college": 0.7030453979395449 }, "geometry": { "type": "MultiPolygon", "coordinates": [ [ [ [ -95.065309, 38.615198 ], [ -95.065097, 38.622856 ], [ -95.055674, 38.622808 ], [ -95.028271, 38.622617 ], [ -95.028291, 38.629866 ], [ -95.019941, 38.629921 ], [ -95.020233, 38.651451 ], [ -95.011958, 38.651322 ], [ -95.012069, 38.665905 ], [ -95.003421, 38.665814 ], [ -95.00247, 38.666387 ], [ -94.994739, 38.666142 ], [ -94.993503, 38.665722 ], [ -94.993244, 38.694842 ], [ -94.986205, 38.694842 ], [ -94.986077, 38.683061 ], [ -94.984697, 38.680232 ], [ -94.974984, 38.680166 ], [ -94.948508, 38.68 ], [ -94.947233, 38.679512 ], [ -94.946795, 38.678339 ], [ -94.946856, 38.665193 ], [ -94.946855, 38.662561 ], [ -94.944358, 38.661898 ], [ -94.939672, 38.661409 ], [ -94.940453, 38.659684 ], [ -94.937273, 38.661507 ], [ -94.929847, 38.660152 ], [ -94.931555, 38.657659 ], [ -94.929974, 38.65783 ], [ -94.927689, 38.660156 ], [ -94.924969, 38.661336 ], [ -94.923938, 38.660074 ], [ -94.923757, 38.661915 ], [ -94.922465, 38.660706 ], [ -94.922001, 38.662101 ], [ -94.920611, 38.662241 ], [ -94.919823, 38.660601 ], [ -94.920778, 38.659864 ], [ -94.918902, 38.658634 ], [ -94.918942, 38.676256 ], [ -94.921405, 38.67724 ], [ -94.921169, 38.678249 ], [ -94.92327, 38.678354 ], [ -94.920797, 38.679561 ], [ -94.921848, 38.680378 ], [ -94.922419, 38.683116 ], [ -94.923807, 38.680044 ], [ -94.924965, 38.68175 ], [ -94.924976, 38.685174 ], [ -94.927045, 38.687541 ], [ -94.930242, 38.688543 ], [ -94.934941, 38.687749 ], [ -94.938339, 38.689427 ], [ -94.937265, 38.693301 ], [ -94.935395, 38.694697 ], [ -94.927323, 38.694745 ], [ -94.926067, 38.695369 ], [ -94.924412, 38.694755 ], [ -94.91889, 38.694695 ], [ -94.917486, 38.69469 ], [ -94.903184, 38.694455 ], [ -94.901999, 38.694007 ], [ -94.898858, 38.691751 ], [ -94.896453, 38.693223 ], [ -94.895821, 38.696612 ], [ -94.897194, 38.69713 ], [ -94.895153, 38.698181 ], [ -94.896247, 38.700042 ], [ -94.895793, 38.701814 ], [ -94.895042, 38.701818 ], [ -94.894658, 38.701641 ], [ -94.895257, 38.700734 ], [ -94.894793, 38.700557 ], [ -94.89403, 38.699732 ], [ -94.893838, 38.698748 ], [ -94.893375, 38.698571 ], [ -94.892529, 38.698679 ], [ -94.891865, 38.699149 ], [ -94.891198, 38.701847 ], [ -94.890982, 38.702034 ], [ -94.889336, 38.703363 ], [ -94.887112, 38.701955 ], [ -94.887114, 38.701884 ], [ -94.880925, 38.701926 ], [ -94.880898, 38.700793 ], [ -94.880902, 38.698202 ], [ -94.871489, 38.698378 ], [ -94.871253, 38.696961 ], [ -94.866509, 38.69679 ], [ -94.866526, 38.69473 ], [ -94.837331, 38.694713 ], [ -94.836459, 38.694781 ], [ -94.835992, 38.689144 ], [ -94.835873, 38.686643 ], [ -94.833523, 38.686716 ], [ -94.830733, 38.687819 ], [ -94.831001, 38.688995 ], [ -94.827595, 38.689715 ], [ -94.826165, 38.691972 ], [ -94.8243, 38.692411 ], [ -94.822998, 38.692039 ], [ -94.82077, 38.693849 ], [ -94.817541, 38.693944 ], [ -94.815503, 38.692782 ], [ -94.808355, 38.694381 ], [ -94.808535, 38.679144 ], [ -94.78743, 38.679711 ], [ -94.7878, 38.68707 ], [ -94.768818, 38.686994 ], [ -94.768669, 38.694614 ], [ -94.759629, 38.694612 ], [ -94.759455, 38.694144 ], [ -94.759522, 38.687061 ], [ -94.759678, 38.681107 ], [ -94.760614, 38.679792 ], [ -94.759978, 38.679788 ], [ -94.754785, 38.67974 ], [ -94.754821, 38.665017 ], [ -94.731567, 38.664985 ], [ -94.731724, 38.651687 ], [ -94.734247, 38.652647 ], [ -94.734774, 38.654193 ], [ -94.736677, 38.653183 ], [ -94.738495, 38.65407 ], [ -94.740313, 38.6559 ], [ -94.741412, 38.652464 ], [ -94.739202, 38.651393 ], [ -94.739317, 38.650093 ], [ -94.741882, 38.650024 ], [ -94.743313, 38.649182 ], [ -94.744975, 38.650257 ], [ -94.74571, 38.648858 ], [ -94.747955, 38.650014 ], [ -94.74755, 38.651705 ], [ -94.748988, 38.651742 ], [ -94.750761, 38.650788 ], [ -94.752495, 38.651785 ], [ -94.755096, 38.651426 ], [ -94.755756, 38.650177 ], [ -94.754119, 38.64725 ], [ -94.756122, 38.644873 ], [ -94.755901, 38.643984 ], [ -94.753279, 38.640424 ], [ -94.753258, 38.638874 ], [ -94.755199, 38.638002 ], [ -94.755978, 38.636896 ], [ -94.759084, 38.637381 ], [ -94.758373, 38.634882 ], [ -94.760046, 38.633467 ], [ -94.760085, 38.621055 ], [ -94.769093, 38.6211 ], [ -94.769062, 38.606603 ], [ -94.763631, 38.60662 ], [ -94.752487, 38.605992 ], [ -94.75049, 38.604692 ], [ -94.747348, 38.604838 ], [ -94.74752, 38.604371 ], [ -94.749177, 38.604094 ], [ -94.747712, 38.5997 ], [ -94.750783, 38.599691 ], [ -94.750799, 38.592935 ], [ -94.741322, 38.592969 ], [ -94.741297, 38.585499 ], [ -94.73203, 38.585396 ], [ -94.732064, 38.578065 ], [ -94.713331, 38.578061 ], [ -94.713434, 38.563473 ], [ -94.713587, 38.548938 ], [ -94.704267, 38.548863 ], [ -94.704662, 38.519794 ], [ -94.7045, 38.505687 ], [ -94.695412, 38.505266 ], [ -94.695483, 38.476317 ], [ -94.695552, 38.461821 ], [ -94.714097, 38.462117 ], [ -94.73279, 38.462041 ], [ -94.732782, 38.46926 ], [ -94.760443, 38.469348 ], [ -94.760541, 38.462069 ], [ -94.769912, 38.462121 ], [ -94.769835, 38.454657 ], [ -94.769852, 38.448047 ], [ -94.770056, 38.447692 ], [ -94.772164, 38.447169 ], [ -94.772196, 38.443594 ], [ -94.779269, 38.443608 ], [ -94.779106, 38.44023 ], [ -94.793283, 38.440307 ], [ -94.793441, 38.440304 ], [ -94.796054, 38.447432 ], [ -94.797797, 38.44935 ], [ -94.797882, 38.447198 ], [ -94.80083, 38.443772 ], [ -94.801317, 38.443488 ], [ -94.835213, 38.443026 ], [ -94.835085, 38.432462 ], [ -94.853626, 38.432308 ], [ -94.899986, 38.432413 ], [ -94.899843, 38.446958 ], [ -94.900062, 38.46879 ], [ -94.909062, 38.468909 ], [ -94.909006, 38.474885 ], [ -94.908082, 38.474984 ], [ -94.906962, 38.475545 ], [ -94.906311, 38.475789 ], [ -94.905428, 38.475995 ], [ -94.903923, 38.476257 ], [ -94.903388, 38.476261 ], [ -94.902827, 38.47649 ], [ -94.901807, 38.477056 ], [ -94.900018, 38.47815 ], [ -94.900019, 38.478292 ], [ -94.896341, 38.480018 ], [ -94.894897, 38.480612 ], [ -94.889706, 38.483146 ], [ -94.888038, 38.484191 ], [ -94.887232, 38.485468 ], [ -94.886292, 38.486352 ], [ -94.88555, 38.486452 ], [ -94.883305, 38.484933 ], [ -94.881868, 38.48314 ], [ -94.881553, 38.482714 ], [ -94.879991, 38.480656 ], [ -94.878719, 38.479622 ], [ -94.873717, 38.479436 ], [ -94.872456, 38.47984 ], [ -94.869334, 38.481282 ], [ -94.866399, 38.483265 ], [ -94.866709, 38.483264 ], [ -94.86782, 38.486504 ], [ -94.867508, 38.490881 ], [ -94.872728, 38.490843 ], [ -94.882069, 38.490397 ], [ -94.900371, 38.490564 ], [ -94.900556, 38.497856 ], [ -94.900667, 38.512394 ], [ -94.900589, 38.519684 ], [ -94.90812, 38.519722 ], [ -94.907818, 38.521134 ], [ -94.907694, 38.521692 ], [ -94.907608, 38.522057 ], [ -94.907462, 38.522682 ], [ -94.906126, 38.528724 ], [ -94.918168, 38.528599 ], [ -94.927434, 38.52849 ], [ -94.936643, 38.528395 ], [ -94.940636, 38.528325 ], [ -94.941449, 38.52872 ], [ -94.948232, 38.522857 ], [ -94.948961, 38.521849 ], [ -94.949667, 38.520114 ], [ -94.952546, 38.520138 ], [ -94.952851, 38.520111 ], [ -94.953415, 38.519836 ], [ -94.953703, 38.519478 ], [ -94.954003, 38.519354 ], [ -94.95515, 38.519374 ], [ -94.955145, 38.520184 ], [ -94.973684, 38.520327 ], [ -94.973723, 38.534905 ], [ -94.973769, 38.544325 ], [ -94.987992, 38.549596 ], [ -94.991183, 38.549617 ], [ -94.992378, 38.549686 ], [ -94.99232, 38.535005 ], [ -95.001529, 38.535066 ], [ -95.010784, 38.535113 ], [ -95.010799, 38.53678 ], [ -95.008803, 38.53776 ], [ -95.008687, 38.541655 ], [ -95.007488, 38.543847 ], [ -95.007775, 38.546383 ], [ -95.006562, 38.549685 ], [ -95.028083, 38.549598 ], [ -95.028067, 38.542329 ], [ -95.046589, 38.542496 ], [ -95.046618, 38.557145 ], [ -95.065074, 38.557125 ], [ -95.065069, 38.564589 ], [ -95.065281, 38.589796 ], [ -95.065245, 38.608064 ], [ -95.065246, 38.608177 ], [ -95.065309, 38.615198 ] ] ] ] } },
{ "type": "Feature", "properties": { "ZCTA5CE20": "66012", "AFFGEOID20": "860Z200US66012", "GEOID20": "66012", "NAME20": "66012", "LSAD20": "Z5", "ALAND20": 102808845.0, "AWATER20": 2009127.0, "price_2012": 142773.90662527629, "price_2026": 348292.36993059074, "log_change": 0.89177996403502391, "pct_change": 1.4394679543560942, "dollar_change": 205518.46330531445, "mci": 31638.04907, "plaza": 28192.5265, "pnl": 29338.29737, "legends": 10170.25409, "lees_summit": 48893.07698, "cbd": 28765.411935, "log_population": 9.2519620466670016, "median_income": 97873.0, "poverty_rate": 0.11626780350741207, "bachelors_only": 0.19051675184554231, "college_plus": 0.31842703009653606, "no_college": 0.68157296990346394 }, "geometry": { "type": "MultiPolygon", "coordinates": [ [ [ [ -95.001543, 39.058278 ], [ -95.001454, 39.070556 ], [ -94.999046, 39.071312 ], [ -94.998997, 39.071409 ], [ -94.999451, 39.071837 ], [ -94.982977, 39.075435 ], [ -94.964392, 39.079504 ], [ -94.964392, 39.079615 ], [ -94.948716, 39.082649 ], [ -94.943007, 39.08343 ], [ -94.931387, 39.08438 ], [ -94.927609, 39.085308 ], [ -94.921303, 39.088162 ], [ -94.918792, 39.088943 ], [ -94.92009, 39.092615 ], [ -94.91992, 39.094227 ], [ -94.918688, 39.094286 ], [ -94.917282, 39.096941 ], [ -94.917624, 39.097918 ], [ -94.916267, 39.099896 ], [ -94.918034, 39.101031 ], [ -94.919131, 39.102633 ], [ -94.918963, 39.10358 ], [ -94.919925, 39.1058 ], [ -94.918683, 39.10877 ], [ -94.917791, 39.108759 ], [ -94.917723, 39.116083 ], [ -94.908465, 39.116001 ], [ -94.908389, 39.122318 ], [ -94.901239, 39.122378 ], [ -94.898787, 39.119259 ], [ -94.895172, 39.116089 ], [ -94.894675, 39.115909 ], [ -94.872368, 39.116 ], [ -94.853724, 39.116179 ], [ -94.851915, 39.116252 ], [ -94.84891, 39.117042 ], [ -94.847014, 39.118025 ], [ -94.844623, 39.120065 ], [ -94.843195, 39.119147 ], [ -94.844065, 39.117707 ], [ -94.843721, 39.109115 ], [ -94.838129, 39.109709 ], [ -94.835587, 39.108976 ], [ -94.835066, 39.105943 ], [ -94.847707, 39.105281 ], [ -94.853619, 39.104131 ], [ -94.853615, 39.103752 ], [ -94.853597, 39.101632 ], [ -94.853604, 39.098818 ], [ -94.851344, 39.097651 ], [ -94.849739, 39.095945 ], [ -94.849025, 39.094104 ], [ -94.849233, 39.092109 ], [ -94.847668, 39.090909 ], [ -94.847511, 39.0879 ], [ -94.846479, 39.086699 ], [ -94.845942, 39.088097 ], [ -94.844286, 39.0889 ], [ -94.844288, 39.079859 ], [ -94.834947, 39.079865 ], [ -94.834963, 39.06596 ], [ -94.834964, 39.065377 ], [ -94.837259, 39.065386 ], [ -94.837259, 39.065149 ], [ -94.837255, 39.064826 ], [ -94.837243, 39.063817 ], [ -94.83894, 39.065387 ], [ -94.846124, 39.065542 ], [ -94.846518, 39.065639 ], [ -94.851698, 39.06589 ], [ -94.855608, 39.065457 ], [ -94.85702, 39.065784 ], [ -94.861802, 39.065325 ], [ -94.861842, 39.064883 ], [ -94.861935, 39.064197 ], [ -94.864668, 39.064103 ], [ -94.873149, 39.061081 ], [ -94.871519, 39.059378 ], [ -94.871722, 39.059321 ], [ -94.876425, 39.057139 ], [ -94.879144, 39.054921 ], [ -94.883566, 39.050689 ], [ -94.884352, 39.048229 ], [ -94.88604, 39.041518 ], [ -94.888408, 39.036163 ], [ -94.889632, 39.034178 ], [ -94.891141, 39.030679 ], [ -94.891108, 39.02685 ], [ -94.890135, 39.023155 ], [ -94.888404, 39.020243 ], [ -94.888431, 39.016142 ], [ -94.889549, 39.014262 ], [ -94.894798, 39.007267 ], [ -94.903514, 38.997634 ], [ -94.908765, 38.991401 ], [ -94.913796, 38.986484 ], [ -94.917493, 38.984289 ], [ -94.919426, 38.983544 ], [ -94.92086, 38.984318 ], [ -94.921748, 38.985786 ], [ -94.920863, 38.98872 ], [ -94.918912, 38.991863 ], [ -94.917747, 38.99282 ], [ -94.916291, 38.995156 ], [ -94.916243, 38.9969 ], [ -94.917043, 38.998852 ], [ -94.919896, 39.001539 ], [ -94.923349, 39.002633 ], [ -94.927474, 39.002039 ], [ -94.927613, 39.01124 ], [ -94.934431, 39.011187 ], [ -94.9344, 39.014476 ], [ -94.936604, 39.014463 ], [ -94.964587, 39.014528 ], [ -94.964564, 39.021832 ], [ -94.973884, 39.021836 ], [ -94.973849, 39.029098 ], [ -94.98319, 39.029131 ], [ -94.983067, 39.053895 ], [ -94.993443, 39.043677 ], [ -95.001649, 39.043739 ], [ -95.001543, 39.058278 ] ] ] ] } },
{ "type": "Feature", "properties": { "ZCTA5CE20": "66054", "AFFGEOID20": "860Z200US66054", "GEOID20": "66054", "NAME20": "66054", "LSAD20": "Z5", "ALAND20": 200962451.0, "AWATER20": 2184463.0, "price_2012": 119011.32348683733, "price_2026": 346727.54232616239, "log_change": 1.0693206469787402, "pct_change": 1.9133996007069909, "dollar_change": 227716.21883932507, "mci": 42539.85692, "plaza": 55234.3889, "pnl": 54387.76737, "legends": 32745.09317, "lees_summit": 77249.99952, "cbd": 54811.078135000003, "log_population": 7.9291264873067995, "median_income": 98214.0, "poverty_rate": 0.04724125495852867, "bachelors_only": 0.1423200859291085, "college_plus": 0.26691729323308272, "no_college": 0.73308270676691722 }, "geometry": { "type": "MultiPolygon", "coordinates": [ [ [ [ -95.282471, 39.143426 ], [ -95.273244, 39.143436 ], [ -95.264125, 39.143458 ], [ -95.264171, 39.186955 ], [ -95.261464, 39.186886 ], [ -95.254612, 39.186968 ], [ -95.254601, 39.195318 ], [ -95.254665, 39.216238 ], [ -95.254736, 39.274311 ], [ -95.232917, 39.27427 ], [ -95.232555, 39.274198 ], [ -95.229835, 39.276793 ], [ -95.227463, 39.280527 ], [ -95.226956, 39.280817 ], [ -95.226913, 39.28884 ], [ -95.198716, 39.289113 ], [ -95.197734, 39.288959 ], [ -95.196803, 39.287089 ], [ -95.195092, 39.286653 ], [ -95.194646, 39.286251 ], [ -95.192912, 39.286283 ], [ -95.191784, 39.287008 ], [ -95.190837, 39.286894 ], [ -95.189497, 39.287642 ], [ -95.189235, 39.288323 ], [ -95.189971, 39.288857 ], [ -95.180142, 39.288693 ], [ -95.170513, 39.288634 ], [ -95.163157, 39.2886 ], [ -95.16112, 39.28869 ], [ -95.162011, 39.28604 ], [ -95.161258, 39.285084 ], [ -95.16123, 39.277521 ], [ -95.151546, 39.277736 ], [ -95.152223, 39.281206 ], [ -95.136496, 39.28179 ], [ -95.136827, 39.278376 ], [ -95.132913, 39.278398 ], [ -95.133373, 39.274872 ], [ -95.133061, 39.25942 ], [ -95.132661, 39.259451 ], [ -95.105689, 39.259435 ], [ -95.083279, 39.259625 ], [ -95.083338, 39.257223 ], [ -95.086005, 39.258082 ], [ -95.088371, 39.256941 ], [ -95.087281, 39.25538 ], [ -95.084319, 39.253358 ], [ -95.084419, 39.251801 ], [ -95.082813, 39.247952 ], [ -95.089331, 39.245149 ], [ -95.090229, 39.244093 ], [ -95.08912, 39.243602 ], [ -95.085219, 39.244805 ], [ -95.084405, 39.243435 ], [ -95.081335, 39.242037 ], [ -95.081132, 39.240334 ], [ -95.082874, 39.238463 ], [ -95.082661, 39.237525 ], [ -95.084858, 39.237205 ], [ -95.086898, 39.237624 ], [ -95.105573, 39.23772 ], [ -95.105728, 39.230456 ], [ -95.115081, 39.2305 ], [ -95.115081, 39.207786 ], [ -95.12178, 39.207998 ], [ -95.121849, 39.203364 ], [ -95.124381, 39.203369 ], [ -95.124405, 39.201337 ], [ -95.128875, 39.201368 ], [ -95.128849, 39.194181 ], [ -95.133617, 39.194237 ], [ -95.133676, 39.179536 ], [ -95.132462, 39.179499 ], [ -95.129037, 39.179694 ], [ -95.129033, 39.176201 ], [ -95.133691, 39.176053 ], [ -95.134123, 39.165058 ], [ -95.147434, 39.164866 ], [ -95.152325, 39.155648 ], [ -95.156727, 39.147 ], [ -95.157256, 39.146493 ], [ -95.161765, 39.149688 ], [ -95.161795, 39.153387 ], [ -95.164537, 39.153691 ], [ -95.165791, 39.154113 ], [ -95.166437, 39.154042 ], [ -95.170534, 39.157943 ], [ -95.180287, 39.158015 ], [ -95.193148, 39.157555 ], [ -95.193557, 39.154748 ], [ -95.191446, 39.153954 ], [ -95.191575, 39.152155 ], [ -95.194577, 39.150144 ], [ -95.19501, 39.148065 ], [ -95.1937, 39.147471 ], [ -95.193533, 39.145663 ], [ -95.19184, 39.144057 ], [ -95.18951, 39.14331 ], [ -95.188935, 39.142041 ], [ -95.186971, 39.141941 ], [ -95.188438, 39.13948 ], [ -95.187052, 39.136768 ], [ -95.184933, 39.135606 ], [ -95.187199, 39.128907 ], [ -95.187963, 39.128909 ], [ -95.187816, 39.121537 ], [ -95.189268, 39.121466 ], [ -95.189519, 39.122972 ], [ -95.191149, 39.123813 ], [ -95.202219, 39.123952 ], [ -95.202219, 39.116864 ], [ -95.207332, 39.11656 ], [ -95.20708, 39.11127 ], [ -95.215121, 39.111972 ], [ -95.218145, 39.111503 ], [ -95.22521, 39.11149 ], [ -95.225658, 39.109661 ], [ -95.225528, 39.104893 ], [ -95.216084, 39.104988 ], [ -95.21606, 39.1022 ], [ -95.24313, 39.102323 ], [ -95.243089, 39.106579 ], [ -95.252148, 39.106819 ], [ -95.252262, 39.111963 ], [ -95.253261, 39.114201 ], [ -95.255869, 39.113158 ], [ -95.268334, 39.112981 ], [ -95.269473, 39.113834 ], [ -95.269389, 39.115624 ], [ -95.270149, 39.116282 ], [ -95.270779, 39.118463 ], [ -95.273294, 39.119983 ], [ -95.273206, 39.121708 ], [ -95.275501, 39.122559 ], [ -95.275979, 39.127129 ], [ -95.276796, 39.127477 ], [ -95.276393, 39.128978 ], [ -95.27693, 39.12875 ], [ -95.281462, 39.128935 ], [ -95.282441, 39.130507 ], [ -95.282471, 39.143426 ] ] ] ] } },
{ "type": "Feature", "properties": { "ZCTA5CE20": "64671", "AFFGEOID20": "860Z200US64671", "GEOID20": "64671", "NAME20": "64671", "LSAD20": "Z5", "ALAND20": 240252586.0, "AWATER20": 991399.0, "price_2012": 68225.393392469923, "price_2026": 286331.70235040149, "log_change": 1.4343341045190705, "pct_change": 3.1968494150449867, "dollar_change": 218106.30895793159, "mci": 63064.20275, "plaza": 71975.10412, "pnl": 66661.52403, "legends": 81335.73091, "lees_summit": 74706.50639, "cbd": 69318.314075000002, "log_population": 7.5938778446051183, "median_income": 75455.0, "poverty_rate": 0.1043872919818457, "bachelors_only": 0.12589928057553956, "college_plus": 0.16834532374100719, "no_college": 0.83165467625899281 }, "geometry": { "type": "MultiPolygon", "coordinates": [ [ [ [ -94.166274, 39.557179 ], [ -94.164006, 39.557151 ], [ -94.163954, 39.558977 ], [ -94.161567, 39.558965 ], [ -94.161531, 39.560324 ], [ -94.158472, 39.560294 ], [ -94.158431, 39.566572 ], [ -94.161369, 39.566585 ], [ -94.161287, 39.569802 ], [ -94.156568, 39.5698 ], [ -94.156294, 39.579685 ], [ -94.154017, 39.58067 ], [ -94.151645, 39.583813 ], [ -94.156131, 39.586439 ], [ -94.155844, 39.595085 ], [ -94.166084, 39.595204 ], [ -94.16525, 39.597486 ], [ -94.165774, 39.598069 ], [ -94.164814, 39.600096 ], [ -94.165165, 39.601058 ], [ -94.163975, 39.602676 ], [ -94.163815, 39.604331 ], [ -94.162083, 39.607523 ], [ -94.158197, 39.610664 ], [ -94.157608, 39.612055 ], [ -94.158205, 39.613722 ], [ -94.15718, 39.61392 ], [ -94.150666, 39.613665 ], [ -94.140769, 39.613735 ], [ -94.123361, 39.613286 ], [ -94.123629, 39.609577 ], [ -94.123374, 39.604091 ], [ -94.124969, 39.601323 ], [ -94.123638, 39.600375 ], [ -94.124118, 39.599318 ], [ -94.121351, 39.595774 ], [ -94.118644, 39.595781 ], [ -94.118112, 39.595073 ], [ -94.114873, 39.595106 ], [ -94.114304, 39.596713 ], [ -94.112094, 39.597608 ], [ -94.110507, 39.595465 ], [ -94.109193, 39.595781 ], [ -94.108535, 39.598095 ], [ -94.110416, 39.599696 ], [ -94.110153, 39.601095 ], [ -94.111922, 39.603391 ], [ -94.114172, 39.606905 ], [ -94.114459, 39.613102 ], [ -94.113466, 39.613068 ], [ -94.113763, 39.620415 ], [ -94.113538, 39.624035 ], [ -94.111402, 39.630013 ], [ -94.110538, 39.631311 ], [ -94.110161, 39.6337 ], [ -94.108858, 39.635708 ], [ -94.105548, 39.634091 ], [ -94.103926, 39.631612 ], [ -94.10125, 39.630454 ], [ -94.098191, 39.628376 ], [ -94.097169, 39.628301 ], [ -94.094848, 39.626238 ], [ -94.091621, 39.625815 ], [ -94.087607, 39.623574 ], [ -94.079341, 39.624227 ], [ -94.071943, 39.623898 ], [ -94.07181, 39.622503 ], [ -94.067176, 39.622413 ], [ -94.067241, 39.619919 ], [ -94.061366, 39.61879 ], [ -94.061416, 39.612211 ], [ -94.053662, 39.612143 ], [ -94.043534, 39.612097 ], [ -94.037474, 39.612088 ], [ -94.03721, 39.609828 ], [ -94.037984, 39.608248 ], [ -94.037657, 39.606916 ], [ -94.034475, 39.602868 ], [ -94.033938, 39.599145 ], [ -94.034127, 39.596742 ], [ -94.033224, 39.59688 ], [ -94.032197, 39.59496 ], [ -94.033501, 39.593218 ], [ -94.032764, 39.591693 ], [ -94.033965, 39.590752 ], [ -94.03406, 39.589355 ], [ -94.03245, 39.588691 ], [ -94.032732, 39.586641 ], [ -94.034096, 39.585076 ], [ -94.034528, 39.583183 ], [ -94.020739, 39.58278 ], [ -94.020888, 39.575716 ], [ -94.017395, 39.578981 ], [ -94.014608, 39.579789 ], [ -94.010961, 39.580102 ], [ -94.007978, 39.581501 ], [ -94.004494, 39.581988 ], [ -94.002376, 39.583308 ], [ -93.998622, 39.583154 ], [ -93.998997, 39.581405 ], [ -93.998461, 39.579301 ], [ -93.996571, 39.576627 ], [ -93.996714, 39.575579 ], [ -93.995176, 39.574234 ], [ -93.987328, 39.582935 ], [ -93.983843, 39.588196 ], [ -93.983306, 39.589605 ], [ -93.983306, 39.58543 ], [ -93.979755, 39.583721 ], [ -93.977248, 39.582236 ], [ -93.973155, 39.58211 ], [ -93.973434, 39.568087 ], [ -93.957283, 39.56806 ], [ -93.951879, 39.56838 ], [ -93.945072, 39.568117 ], [ -93.945277, 39.562669 ], [ -93.945644, 39.561801 ], [ -93.945397, 39.557772 ], [ -93.96164, 39.557148 ], [ -93.96893, 39.556223 ], [ -93.966842, 39.55353 ], [ -93.966481, 39.551936 ], [ -93.964978, 39.550848 ], [ -93.964178, 39.54769 ], [ -93.963437, 39.547788 ], [ -93.963045, 39.54444 ], [ -93.960608, 39.541433 ], [ -93.959932, 39.539675 ], [ -93.959944, 39.538912 ], [ -93.964814, 39.539004 ], [ -93.965122, 39.524473 ], [ -93.94634, 39.52463 ], [ -93.946689, 39.474602 ], [ -93.947778, 39.475627 ], [ -93.94812, 39.477213 ], [ -93.951857, 39.480425 ], [ -93.956583, 39.482087 ], [ -93.95782, 39.483932 ], [ -93.957868, 39.47092 ], [ -93.960668, 39.470395 ], [ -93.960704, 39.460843 ], [ -93.960114, 39.459965 ], [ -93.961906, 39.456207 ], [ -93.964173, 39.456338 ], [ -93.966562, 39.455597 ], [ -93.970622, 39.455322 ], [ -93.974228, 39.453197 ], [ -93.973735, 39.452459 ], [ -93.985643, 39.452331 ], [ -93.98775, 39.448453 ], [ -93.988937, 39.447767 ], [ -93.999559, 39.452264 ], [ -94.00417, 39.452156 ], [ -94.004254, 39.459199 ], [ -94.008858, 39.459229 ], [ -94.008806, 39.463129 ], [ -94.017463, 39.463224 ], [ -94.022797, 39.463287 ], [ -94.050696, 39.463719 ], [ -94.051126, 39.452845 ], [ -94.060371, 39.452959 ], [ -94.060261, 39.445694 ], [ -94.065071, 39.445807 ], [ -94.065237, 39.449478 ], [ -94.069629, 39.449562 ], [ -94.070276, 39.447954 ], [ -94.074611, 39.445994 ], [ -94.077296, 39.445664 ], [ -94.079251, 39.444568 ], [ -94.080826, 39.443615 ], [ -94.082965, 39.443693 ], [ -94.084029, 39.443285 ], [ -94.086126, 39.443214 ], [ -94.088775, 39.442775 ], [ -94.088983, 39.442489 ], [ -94.089771, 39.439104 ], [ -94.091533, 39.439046 ], [ -94.09425, 39.441929 ], [ -94.097999, 39.443392 ], [ -94.09915, 39.444674 ], [ -94.101099, 39.445245 ], [ -94.101306, 39.446023 ], [ -94.098857, 39.448084 ], [ -94.09747, 39.448473 ], [ -94.099389, 39.449342 ], [ -94.100482, 39.450829 ], [ -94.09883, 39.4525 ], [ -94.10023, 39.453763 ], [ -94.100248, 39.455429 ], [ -94.100729, 39.456397 ], [ -94.098741, 39.457357 ], [ -94.093121, 39.45877 ], [ -94.090044, 39.458957 ], [ -94.090064, 39.460304 ], [ -94.09173, 39.460302 ], [ -94.092542, 39.460302 ], [ -94.097322, 39.460259 ], [ -94.097239, 39.468511 ], [ -94.101886, 39.475593 ], [ -94.102056, 39.482681 ], [ -94.096938, 39.482639 ], [ -94.096963, 39.477866 ], [ -94.095476, 39.477286 ], [ -94.091608, 39.477287 ], [ -94.089393, 39.475686 ], [ -94.09022, 39.477539 ], [ -94.089394, 39.478409 ], [ -94.085377, 39.477014 ], [ -94.08402, 39.477312 ], [ -94.084935, 39.479806 ], [ -94.087032, 39.480607 ], [ -94.085497, 39.481522 ], [ -94.084671, 39.483948 ], [ -94.08143, 39.483819 ], [ -94.081607, 39.48978 ], [ -94.083022, 39.489796 ], [ -94.082741, 39.500728 ], [ -94.087428, 39.500817 ], [ -94.087288, 39.508177 ], [ -94.090313, 39.508231 ], [ -94.090188, 39.511907 ], [ -94.082499, 39.511794 ], [ -94.082451, 39.515417 ], [ -94.08715, 39.515487 ], [ -94.087081, 39.51911 ], [ -94.091919, 39.519181 ], [ -94.091875, 39.525883 ], [ -94.096729, 39.525947 ], [ -94.096992, 39.525949 ], [ -94.153327, 39.526229 ], [ -94.153448, 39.527735 ], [ -94.155249, 39.527727 ], [ -94.154666, 39.530282 ], [ -94.156398, 39.531998 ], [ -94.154556, 39.534856 ], [ -94.158692, 39.536433 ], [ -94.158491, 39.53905 ], [ -94.15968, 39.539297 ], [ -94.161542, 39.537558 ], [ -94.162493, 39.539027 ], [ -94.164809, 39.539719 ], [ -94.163755, 39.541011 ], [ -94.164223, 39.546368 ], [ -94.1635, 39.548046 ], [ -94.157328, 39.548036 ], [ -94.156992, 39.555105 ], [ -94.166331, 39.555136 ], [ -94.166274, 39.557179 ] ] ] ] } },
{ "type": "Feature", "properties": { "ZCTA5CE20": "64016", "AFFGEOID20": "860Z200US64016", "GEOID20": "64016", "NAME20": "64016", "LSAD20": "Z5", "ALAND20": 84026510.0, "AWATER20": 7094.0, "price_2012": 105277.5337783026, "price_2026": 251859.60265364507, "log_change": 0.87227175798417456, "pct_change": 1.3923395012654884, "dollar_change": 146582.06887534246, "mci": 48057.13482, "plaza": 33720.69954, "pnl": 31822.70268, "legends": 53389.91701, "lees_summit": 26763.44265, "cbd": 32771.70111, "log_population": 8.4344635438172411, "median_income": 98323.0, "poverty_rate": 0.085379100586573969, "bachelors_only": 0.1832036316472114, "college_plus": 0.24513618677042801, "no_college": 0.75486381322957197 }, "geometry": { "type": "MultiPolygon", "coordinates": [ [ [ [ -94.282099, 39.096725 ], [ -94.281985, 39.099109 ], [ -94.281685, 39.103093 ], [ -94.280994, 39.103931 ], [ -94.281618, 39.105317 ], [ -94.281504, 39.107972 ], [ -94.281567, 39.108777 ], [ -94.281527, 39.109761 ], [ -94.278613, 39.108182 ], [ -94.274093, 39.10737 ], [ -94.266301, 39.107559 ], [ -94.266253, 39.112478 ], [ -94.272183, 39.112604 ], [ -94.271971, 39.116506 ], [ -94.266085, 39.11636 ], [ -94.265837, 39.121868 ], [ -94.262717, 39.121788 ], [ -94.260986, 39.123079 ], [ -94.260869, 39.124429 ], [ -94.25864, 39.124353 ], [ -94.258596, 39.125273 ], [ -94.256856, 39.125232 ], [ -94.256306, 39.132468 ], [ -94.258603, 39.132539 ], [ -94.258147, 39.138634 ], [ -94.258642, 39.139331 ], [ -94.262769, 39.138312 ], [ -94.262195, 39.149243 ], [ -94.263438, 39.149444 ], [ -94.26494, 39.151451 ], [ -94.265278, 39.154408 ], [ -94.266354, 39.1574 ], [ -94.267661, 39.158733 ], [ -94.267334, 39.16061 ], [ -94.260832, 39.16301 ], [ -94.26063, 39.16469 ], [ -94.257363, 39.1648 ], [ -94.256713, 39.16315 ], [ -94.25468, 39.163679 ], [ -94.250888, 39.166603 ], [ -94.251092, 39.164989 ], [ -94.24856, 39.164434 ], [ -94.241774, 39.164293 ], [ -94.242117, 39.161124 ], [ -94.214007, 39.16027 ], [ -94.213268, 39.167763 ], [ -94.203237, 39.167388 ], [ -94.201852, 39.167342 ], [ -94.199, 39.16723 ], [ -94.198701, 39.167181 ], [ -94.195364, 39.165543 ], [ -94.194935, 39.164423 ], [ -94.196539, 39.145076 ], [ -94.196485, 39.145075 ], [ -94.18728, 39.144803 ], [ -94.1732, 39.144225 ], [ -94.170158, 39.143884 ], [ -94.165551, 39.141697 ], [ -94.1624, 39.142146 ], [ -94.158976, 39.1419 ], [ -94.155821, 39.14067 ], [ -94.155292, 39.139929 ], [ -94.155, 39.136556 ], [ -94.160116, 39.136036 ], [ -94.16126, 39.119055 ], [ -94.158985, 39.118957 ], [ -94.159115, 39.116963 ], [ -94.152277, 39.116739 ], [ -94.152533, 39.111275 ], [ -94.15485, 39.111343 ], [ -94.15696, 39.107751 ], [ -94.150912, 39.107631 ], [ -94.150134, 39.107201 ], [ -94.150899, 39.104134 ], [ -94.149952, 39.103661 ], [ -94.1496, 39.101232 ], [ -94.15118, 39.100805 ], [ -94.152328, 39.098135 ], [ -94.147561, 39.092959 ], [ -94.149179, 39.093026 ], [ -94.149168, 39.089607 ], [ -94.150497, 39.08963 ], [ -94.150672, 39.085934 ], [ -94.149172, 39.08589 ], [ -94.149471, 39.081188 ], [ -94.154038, 39.081329 ], [ -94.154146, 39.078846 ], [ -94.149444, 39.078356 ], [ -94.149584, 39.075354 ], [ -94.154335, 39.075433 ], [ -94.158902, 39.075045 ], [ -94.1588, 39.078731 ], [ -94.163022, 39.07882 ], [ -94.162723, 39.086204 ], [ -94.169506, 39.086258 ], [ -94.172539, 39.084662 ], [ -94.17695, 39.084723 ], [ -94.18147, 39.084262 ], [ -94.181921, 39.079077 ], [ -94.190187, 39.079119 ], [ -94.190968, 39.078751 ], [ -94.194986, 39.077913 ], [ -94.197446, 39.076912 ], [ -94.199138, 39.076476 ], [ -94.200445, 39.076299 ], [ -94.200607, 39.07216 ], [ -94.201157, 39.064995 ], [ -94.214765, 39.065249 ], [ -94.219519, 39.065392 ], [ -94.218921, 39.078955 ], [ -94.223518, 39.080039 ], [ -94.218863, 39.080349 ], [ -94.218937, 39.080359 ], [ -94.223582, 39.080533 ], [ -94.227795, 39.080095 ], [ -94.245762, 39.080688 ], [ -94.248312, 39.082723 ], [ -94.255772, 39.082993 ], [ -94.258015, 39.083385 ], [ -94.265573, 39.086932 ], [ -94.266821, 39.087727 ], [ -94.268851, 39.091055 ], [ -94.271317, 39.093358 ], [ -94.273102, 39.093615 ], [ -94.281396, 39.094928 ], [ -94.281505, 39.096149 ], [ -94.282107, 39.096568 ], [ -94.282099, 39.096725 ] ] ] ] } },
{ "type": "Feature", "properties": { "ZCTA5CE20": "64644", "AFFGEOID20": "860Z200US64644", "GEOID20": "64644", "NAME20": "64644", "LSAD20": "Z5", "ALAND20": 278422086.0, "AWATER20": 2612237.0, "price_2012": 75097.401680691386, "price_2026": 228773.68729929629, "log_change": 1.1139472897848215, "pct_change": 2.046359556779676, "dollar_change": 153676.28561860492, "mci": 80590.88303, "plaza": 94145.69194, "pnl": 88474.78412, "legends": 100772.5637, "lees_summit": 98346.27352, "cbd": 91310.23803000001, "log_population": 7.9803657651112463, "median_income": 74408.0, "poverty_rate": 0.090718771807397069, "bachelors_only": 0.13937282229965156, "college_plus": 0.25087108013937282, "no_college": 0.74912891986062724 }, "geometry": { "type": "MultiPolygon", "coordinates": [ [ [ [ -94.107909, 39.699042 ], [ -94.092973, 39.699011 ], [ -94.084896, 39.698933 ], [ -94.084858, 39.703658 ], [ -94.08054, 39.702312 ], [ -94.077703, 39.703231 ], [ -94.074858, 39.702605 ], [ -94.071848, 39.702816 ], [ -94.067883, 39.700609 ], [ -94.067345, 39.703035 ], [ -94.06624, 39.704123 ], [ -94.06928, 39.705805 ], [ -94.0682, 39.706424 ], [ -94.067534, 39.709764 ], [ -94.067837, 39.711556 ], [ -94.066378, 39.712996 ], [ -94.076973, 39.713141 ], [ -94.076932, 39.727661 ], [ -94.092987, 39.727657 ], [ -94.093009, 39.730557 ], [ -94.092971, 39.742145 ], [ -94.093007, 39.742302 ], [ -94.091823, 39.742169 ], [ -94.076904, 39.742231 ], [ -94.076967, 39.749396 ], [ -94.055972, 39.748816 ], [ -94.054409, 39.749459 ], [ -94.053728, 39.750605 ], [ -94.053875, 39.771245 ], [ -94.047911, 39.771233 ], [ -94.047826, 39.771572 ], [ -94.045776, 39.772887 ], [ -94.044675, 39.776562 ], [ -94.04299, 39.778582 ], [ -94.041376, 39.779025 ], [ -94.04, 39.781599 ], [ -94.040083, 39.785358 ], [ -94.040159, 39.785642 ], [ -94.054004, 39.785742 ], [ -94.054589, 39.786614 ], [ -94.054765, 39.794469 ], [ -94.053982, 39.795718 ], [ -94.050578, 39.796289 ], [ -94.050742, 39.797666 ], [ -94.052479, 39.799933 ], [ -94.054707, 39.801667 ], [ -94.054562, 39.802842 ], [ -94.053934, 39.803689 ], [ -94.048936, 39.804643 ], [ -94.046812, 39.806028 ], [ -94.045756, 39.809823 ], [ -94.044598, 39.811255 ], [ -94.044988, 39.812576 ], [ -94.047026, 39.814747 ], [ -94.041054, 39.81475 ], [ -94.041324, 39.829197 ], [ -94.048039, 39.829256 ], [ -94.048248, 39.830258 ], [ -94.046246, 39.832981 ], [ -94.045031, 39.83405 ], [ -94.043324, 39.833922 ], [ -94.040224, 39.835862 ], [ -94.039758, 39.837392 ], [ -94.038651, 39.837087 ], [ -94.036482, 39.838014 ], [ -94.03583, 39.839246 ], [ -94.032913, 39.84023 ], [ -94.030588, 39.840265 ], [ -94.027982, 39.837976 ], [ -94.026304, 39.837422 ], [ -94.023424, 39.838709 ], [ -94.022766, 39.842165 ], [ -94.020586, 39.842175 ], [ -94.020444, 39.836293 ], [ -94.022578, 39.831781 ], [ -94.022583, 39.829274 ], [ -93.999462, 39.829438 ], [ -93.999599, 39.831484 ], [ -93.997937, 39.834102 ], [ -93.996038, 39.835171 ], [ -93.993127, 39.835969 ], [ -93.990528, 39.838827 ], [ -93.987434, 39.838244 ], [ -93.987801, 39.834948 ], [ -93.985005, 39.835302 ], [ -93.985315, 39.851152 ], [ -93.983191, 39.848593 ], [ -93.980274, 39.847368 ], [ -93.977767, 39.847569 ], [ -93.975332, 39.846468 ], [ -93.976966, 39.843881 ], [ -93.976228, 39.841216 ], [ -93.976801, 39.840296 ], [ -93.978253, 39.840218 ], [ -93.980498, 39.838399 ], [ -93.98036, 39.836342 ], [ -93.978811, 39.835293 ], [ -93.977852, 39.830211 ], [ -93.979526, 39.829437 ], [ -93.970385, 39.82971 ], [ -93.969475, 39.828898 ], [ -93.966039, 39.828151 ], [ -93.964615, 39.827343 ], [ -93.962973, 39.823745 ], [ -93.962706, 39.821674 ], [ -93.961236, 39.819811 ], [ -93.957666, 39.818514 ], [ -93.955596, 39.816702 ], [ -93.95555, 39.814443 ], [ -93.946282, 39.821863 ], [ -93.945842, 39.815421 ], [ -93.921993, 39.815586 ], [ -93.923001, 39.812486 ], [ -93.923894, 39.811312 ], [ -93.923809, 39.81 ], [ -93.92264, 39.807829 ], [ -93.924175, 39.805496 ], [ -93.92343, 39.802661 ], [ -93.922136, 39.800451 ], [ -93.920986, 39.800459 ], [ -93.918129, 39.796679 ], [ -93.91586, 39.795324 ], [ -93.915136, 39.795775 ], [ -93.912692, 39.795521 ], [ -93.914472, 39.794372 ], [ -93.896092, 39.794339 ], [ -93.895228, 39.794403 ], [ -93.895283, 39.79314 ], [ -93.894432, 39.792955 ], [ -93.890859, 39.792979 ], [ -93.88879, 39.793198 ], [ -93.887895, 39.793001 ], [ -93.886514, 39.793881 ], [ -93.886778, 39.794321 ], [ -93.870518, 39.794365 ], [ -93.870526, 39.786798 ], [ -93.86589, 39.786683 ], [ -93.863865, 39.783885 ], [ -93.863532, 39.781678 ], [ -93.861875, 39.780114 ], [ -93.862699, 39.777097 ], [ -93.862142, 39.775656 ], [ -93.860536, 39.77472 ], [ -93.861093, 39.77397 ], [ -93.859416, 39.772828 ], [ -93.856791, 39.773 ], [ -93.85579, 39.772165 ], [ -93.856022, 39.767859 ], [ -93.857071, 39.765329 ], [ -93.857501, 39.764846 ], [ -93.870445, 39.764754 ], [ -93.870422, 39.757713 ], [ -93.870378, 39.735432 ], [ -93.870372, 39.728721 ], [ -93.870302, 39.714139 ], [ -93.87024, 39.706646 ], [ -93.870228, 39.702963 ], [ -93.870195, 39.699538 ], [ -93.869985, 39.67714 ], [ -93.869957, 39.676751 ], [ -93.871767, 39.678144 ], [ -93.874767, 39.676132 ], [ -93.877221, 39.675782 ], [ -93.879344, 39.674175 ], [ -93.883941, 39.675094 ], [ -93.885817, 39.674714 ], [ -93.888471, 39.671941 ], [ -93.891382, 39.67313 ], [ -93.892713, 39.67442 ], [ -93.895652, 39.67271 ], [ -93.896375, 39.671688 ], [ -93.89905, 39.672064 ], [ -93.900336, 39.671647 ], [ -93.902114, 39.667156 ], [ -93.902938, 39.667789 ], [ -93.902943, 39.670596 ], [ -93.915699, 39.670478 ], [ -93.917329, 39.671081 ], [ -93.927161, 39.657163 ], [ -93.93058, 39.652904 ], [ -93.931498, 39.653292 ], [ -93.934447, 39.654906 ], [ -93.936798, 39.657658 ], [ -93.939217, 39.65733 ], [ -93.941457, 39.657811 ], [ -93.941577, 39.659021 ], [ -93.946198, 39.659119 ], [ -93.946267, 39.66369 ], [ -93.951066, 39.66368 ], [ -93.960155, 39.663153 ], [ -93.960617, 39.670397 ], [ -93.974728, 39.670404 ], [ -93.983541, 39.670293 ], [ -93.983564, 39.666442 ], [ -93.992953, 39.666308 ], [ -93.996518, 39.667043 ], [ -93.999841, 39.666585 ], [ -94.002988, 39.666554 ], [ -94.001475, 39.669714 ], [ -94.001124, 39.673861 ], [ -94.00121, 39.676389 ], [ -94.001183, 39.676833 ], [ -94.001939, 39.677952 ], [ -94.002648, 39.684771 ], [ -94.00552, 39.68422 ], [ -94.010302, 39.684807 ], [ -94.012438, 39.68461 ], [ -94.012346, 39.683947 ], [ -94.017132, 39.684018 ], [ -94.021069, 39.684065 ], [ -94.021168, 39.690644 ], [ -94.024389, 39.690896 ], [ -94.025117, 39.691967 ], [ -94.027866, 39.689996 ], [ -94.029335, 39.688224 ], [ -94.029811, 39.686531 ], [ -94.029767, 39.676334 ], [ -94.030318, 39.67371 ], [ -94.032328, 39.669795 ], [ -94.05432, 39.669685 ], [ -94.055765, 39.664331 ], [ -94.05688, 39.664735 ], [ -94.05776, 39.66648 ], [ -94.058918, 39.667019 ], [ -94.060932, 39.670953 ], [ -94.06624, 39.672966 ], [ -94.066237, 39.676982 ], [ -94.070627, 39.677073 ], [ -94.07062, 39.684304 ], [ -94.075699, 39.684357 ], [ -94.078129, 39.676677 ], [ -94.077163, 39.673844 ], [ -94.078916, 39.67127 ], [ -94.078223, 39.670015 ], [ -94.081259, 39.670032 ], [ -94.091222, 39.670161 ], [ -94.092512, 39.670816 ], [ -94.09335, 39.670647 ], [ -94.093328, 39.672573 ], [ -94.093331, 39.678562 ], [ -94.093294, 39.679175 ], [ -94.09324, 39.681895 ], [ -94.093204, 39.682005 ], [ -94.097136, 39.682103 ], [ -94.097421, 39.68447 ], [ -94.101309, 39.685322 ], [ -94.101865, 39.687661 ], [ -94.101338, 39.688707 ], [ -94.103332, 39.690098 ], [ -94.1016, 39.690972 ], [ -94.102063, 39.694129 ], [ -94.103129, 39.695561 ], [ -94.107316, 39.695842 ], [ -94.109008, 39.697115 ], [ -94.107909, 39.699042 ] ] ] ] } },
{ "type": "Feature", "properties": { "ZCTA5CE20": "64701", "AFFGEOID20": "860Z200US64701", "GEOID20": "64701", "NAME20": "64701", "LSAD20": "Z5", "ALAND20": 321230217.0, "AWATER20": 2262555.0, "price_2012": 133658.80181298516, "price_2026": 296744.04977659642, "log_change": 0.79757968438530469, "pct_change": 1.220160930305207, "dollar_change": 163085.24796361127, "mci": 82319.16087000001, "plaza": 51763.32412, "pnl": 57155.38867, "legends": 70388.76189, "lees_summit": 32961.84708, "cbd": 54459.356394999995, "log_population": 9.5977093958149382, "median_income": 78648.0, "poverty_rate": 0.053083034521549603, "bachelors_only": 0.11149825783972125, "college_plus": 0.193827775012444, "no_college": 0.80617222498755603 }, "geometry": { "type": "MultiPolygon", "coordinates": [ [ [ [ -94.449307, 38.639926 ], [ -94.444664, 38.639825 ], [ -94.439366, 38.639112 ], [ -94.435613, 38.641442 ], [ -94.430651, 38.641294 ], [ -94.429873, 38.665301 ], [ -94.425953, 38.665156 ], [ -94.425645, 38.676028 ], [ -94.424842, 38.680207 ], [ -94.4249, 38.685572 ], [ -94.420471, 38.678046 ], [ -94.416142, 38.674774 ], [ -94.409573, 38.670332 ], [ -94.409129, 38.670753 ], [ -94.407143, 38.670422 ], [ -94.4057, 38.669354 ], [ -94.398608, 38.666324 ], [ -94.394525, 38.672556 ], [ -94.392175, 38.671682 ], [ -94.391531, 38.674009 ], [ -94.39509, 38.674466 ], [ -94.39475, 38.676229 ], [ -94.396897, 38.679247 ], [ -94.394914, 38.681115 ], [ -94.394423, 38.682944 ], [ -94.394884, 38.684341 ], [ -94.396151, 38.684063 ], [ -94.397826, 38.686045 ], [ -94.396462, 38.688469 ], [ -94.396316, 38.690077 ], [ -94.397791, 38.691894 ], [ -94.39913, 38.691454 ], [ -94.401361, 38.693937 ], [ -94.399696, 38.696065 ], [ -94.401976, 38.696844 ], [ -94.402019, 38.697666 ], [ -94.40116, 38.697612 ], [ -94.400873, 38.700643 ], [ -94.40569, 38.700773 ], [ -94.405259, 38.713239 ], [ -94.402671, 38.710636 ], [ -94.400931, 38.711928 ], [ -94.399493, 38.713912 ], [ -94.39598, 38.715404 ], [ -94.395678, 38.722417 ], [ -94.379409, 38.721659 ], [ -94.37919, 38.727893 ], [ -94.378113, 38.729124 ], [ -94.37484, 38.72899 ], [ -94.361607, 38.728491 ], [ -94.356332, 38.728303 ], [ -94.34727, 38.728024 ], [ -94.346428, 38.727241 ], [ -94.344191, 38.723831 ], [ -94.340629, 38.720963 ], [ -94.336413, 38.720328 ], [ -94.336455, 38.716196 ], [ -94.33105, 38.716123 ], [ -94.330881, 38.720223 ], [ -94.324636, 38.720035 ], [ -94.308854, 38.719521 ], [ -94.31072, 38.705027 ], [ -94.307775, 38.704892 ], [ -94.302827, 38.709638 ], [ -94.299015, 38.711861 ], [ -94.293865, 38.712743 ], [ -94.291846, 38.712626 ], [ -94.292205, 38.710559 ], [ -94.287339, 38.707649 ], [ -94.285441, 38.704392 ], [ -94.286219, 38.703289 ], [ -94.285107, 38.702266 ], [ -94.282767, 38.701891 ], [ -94.28384, 38.700829 ], [ -94.28129, 38.699054 ], [ -94.280047, 38.696752 ], [ -94.277635, 38.696993 ], [ -94.274743, 38.695618 ], [ -94.274527, 38.69427 ], [ -94.272185, 38.693471 ], [ -94.270148, 38.693741 ], [ -94.266579, 38.691645 ], [ -94.268577, 38.690729 ], [ -94.267611, 38.689745 ], [ -94.269299, 38.689322 ], [ -94.248789, 38.688665 ], [ -94.248779, 38.68139 ], [ -94.239803, 38.681026 ], [ -94.240136, 38.673709 ], [ -94.240303, 38.670111 ], [ -94.240745, 38.670119 ], [ -94.241004, 38.666638 ], [ -94.240732, 38.666165 ], [ -94.24026, 38.666449 ], [ -94.23989, 38.666537 ], [ -94.23555, 38.666407 ], [ -94.234766, 38.666383 ], [ -94.226722, 38.663982 ], [ -94.226918, 38.659957 ], [ -94.226709, 38.658798 ], [ -94.205879, 38.658201 ], [ -94.189959, 38.657715 ], [ -94.190751, 38.634614 ], [ -94.191885, 38.635701 ], [ -94.209084, 38.636183 ], [ -94.20962, 38.624949 ], [ -94.222392, 38.625237 ], [ -94.227664, 38.624518 ], [ -94.228022, 38.624974 ], [ -94.228422, 38.614829 ], [ -94.265469, 38.615848 ], [ -94.27378, 38.616035 ], [ -94.270689, 38.615019 ], [ -94.269324, 38.612773 ], [ -94.269574, 38.610735 ], [ -94.27108, 38.610388 ], [ -94.270087, 38.609306 ], [ -94.27155, 38.608094 ], [ -94.270221, 38.607169 ], [ -94.271291, 38.604484 ], [ -94.269898, 38.602577 ], [ -94.266106, 38.601537 ], [ -94.269869, 38.602304 ], [ -94.270819, 38.600314 ], [ -94.273328, 38.599963 ], [ -94.273097, 38.598877 ], [ -94.276145, 38.597945 ], [ -94.276375, 38.595764 ], [ -94.28038, 38.594252 ], [ -94.279804, 38.592902 ], [ -94.280239, 38.589621 ], [ -94.28134, 38.587116 ], [ -94.280903, 38.587107 ], [ -94.282208, 38.582536 ], [ -94.284893, 38.581491 ], [ -94.285858, 38.558158 ], [ -94.279419, 38.55795 ], [ -94.280206, 38.545971 ], [ -94.277245, 38.543549 ], [ -94.280681, 38.538624 ], [ -94.281291, 38.529101 ], [ -94.291795, 38.52931 ], [ -94.29208, 38.522263 ], [ -94.297183, 38.521932 ], [ -94.297598, 38.518482 ], [ -94.305598, 38.518574 ], [ -94.306043, 38.52224 ], [ -94.31152, 38.522393 ], [ -94.31487, 38.520765 ], [ -94.315417, 38.518303 ], [ -94.317737, 38.517456 ], [ -94.319326, 38.514105 ], [ -94.318074, 38.513448 ], [ -94.31665, 38.514065 ], [ -94.315909, 38.510747 ], [ -94.318853, 38.50799 ], [ -94.32503, 38.508155 ], [ -94.341283, 38.508485 ], [ -94.341122, 38.507617 ], [ -94.340879, 38.494372 ], [ -94.341148, 38.488827 ], [ -94.341473, 38.489096 ], [ -94.345352, 38.491645 ], [ -94.348074, 38.49454 ], [ -94.356991, 38.502605 ], [ -94.358705, 38.504863 ], [ -94.361152, 38.507128 ], [ -94.364231, 38.509086 ], [ -94.365904, 38.509953 ], [ -94.374383, 38.513024 ], [ -94.380102, 38.514826 ], [ -94.383746, 38.516374 ], [ -94.388668, 38.519762 ], [ -94.390774, 38.522639 ], [ -94.394222, 38.530475 ], [ -94.396648, 38.536787 ], [ -94.397959, 38.538837 ], [ -94.400843, 38.54226 ], [ -94.404992, 38.544776 ], [ -94.407844, 38.545905 ], [ -94.417941, 38.54903 ], [ -94.422942, 38.550802 ], [ -94.427158, 38.553378 ], [ -94.429549, 38.556163 ], [ -94.432024, 38.561104 ], [ -94.436622, 38.572362 ], [ -94.437831, 38.574699 ], [ -94.437597, 38.576535 ], [ -94.435314, 38.577193 ], [ -94.435429, 38.578745 ], [ -94.43815, 38.579095 ], [ -94.437845, 38.580813 ], [ -94.440597, 38.582938 ], [ -94.442327, 38.583107 ], [ -94.443058, 38.584143 ], [ -94.443066, 38.585845 ], [ -94.444044, 38.587488 ], [ -94.441806, 38.589026 ], [ -94.43642, 38.589256 ], [ -94.432966, 38.590466 ], [ -94.428605, 38.590347 ], [ -94.427983, 38.597321 ], [ -94.423355, 38.597772 ], [ -94.423022, 38.604444 ], [ -94.421735, 38.604706 ], [ -94.421281, 38.607424 ], [ -94.427695, 38.612106 ], [ -94.440944, 38.612416 ], [ -94.44079, 38.621817 ], [ -94.4498, 38.628343 ], [ -94.449307, 38.639926 ] ] ] ] } },
{ "type": "Feature", "properties": { "ZCTA5CE20": "66052", "AFFGEOID20": "860Z200US66052", "GEOID20": "66052", "NAME20": "66052", "LSAD20": "Z5", "ALAND20": 105795257.0, "AWATER20": 3971327.0, "price_2012": 156498.35374999928, "price_2026": 455152.08614260145, "log_change": 1.0675861276030236, "pct_change": 1.908350632682636, "dollar_change": 298653.73239260213, "mci": 42976.00534, "plaza": 39564.41592, "pnl": 41503.87556, "legends": 22537.51172, "lees_summit": 58396.6713, "cbd": 40534.14574, "log_population": 7.6449193449588568, "median_income": 82411.0, "poverty_rate": 0.055879494655004858, "bachelors_only": 0.21893491124260356, "college_plus": 0.33727810650887574, "no_college": 0.66272189349112431 }, "geometry": { "type": "MultiPolygon", "coordinates": [ [ [ [ -95.140502, 39.004332 ], [ -95.138297, 39.006836 ], [ -95.13519, 39.00863 ], [ -95.133805, 39.012747 ], [ -95.133005, 39.017833 ], [ -95.133352, 39.019414 ], [ -95.132316, 39.020621 ], [ -95.131129, 39.021685 ], [ -95.131136, 39.02271 ], [ -95.128686, 39.02376 ], [ -95.095884, 39.042622 ], [ -95.093429, 39.043906 ], [ -95.074972, 39.051294 ], [ -95.074919, 39.043838 ], [ -95.056286, 39.043788 ], [ -95.056283, 39.051038 ], [ -95.037742, 39.051009 ], [ -95.037762, 39.058379 ], [ -95.012723, 39.058254 ], [ -95.012237, 39.05448 ], [ -95.014211, 39.053998 ], [ -95.014331, 39.052291 ], [ -95.016801, 39.051251 ], [ -95.017583, 39.050055 ], [ -95.014203, 39.043756 ], [ -95.001649, 39.043739 ], [ -94.993443, 39.043677 ], [ -94.983067, 39.053895 ], [ -94.98319, 39.029131 ], [ -94.973849, 39.029098 ], [ -94.973884, 39.021836 ], [ -94.964564, 39.021832 ], [ -94.964587, 39.014528 ], [ -94.936604, 39.014463 ], [ -94.9344, 39.014476 ], [ -94.934431, 39.011187 ], [ -94.927613, 39.01124 ], [ -94.927474, 39.002039 ], [ -94.929936, 39.001959 ], [ -94.931924, 39.001108 ], [ -94.935174, 38.997474 ], [ -94.938925, 38.994662 ], [ -94.94055, 38.989982 ], [ -94.944388, 38.98639 ], [ -94.948275, 38.984214 ], [ -94.955086, 38.982378 ], [ -94.956545, 38.981972 ], [ -94.964883, 38.982141 ], [ -94.971604, 38.98519 ], [ -94.974716, 38.987874 ], [ -94.977595, 38.990871 ], [ -94.980362, 38.992407 ], [ -94.987656, 38.994085 ], [ -94.993559, 38.995044 ], [ -94.995798, 38.995716 ], [ -95.003617, 38.99893 ], [ -95.011429, 39.000806 ], [ -95.014057, 39.000858 ], [ -95.021817, 38.999624 ], [ -95.024636, 38.995846 ], [ -95.026045, 38.992337 ], [ -95.023638, 38.988238 ], [ -95.024175, 38.987236 ], [ -95.024509, 38.984111 ], [ -95.026253, 38.98086 ], [ -95.02818, 38.978569 ], [ -95.030549, 38.97695 ], [ -95.035092, 38.97489 ], [ -95.038373, 38.974204 ], [ -95.040672, 38.974156 ], [ -95.043907, 38.975126 ], [ -95.049859, 38.978034 ], [ -95.056258, 38.98212 ], [ -95.06071, 38.985625 ], [ -95.066631, 38.987052 ], [ -95.06876, 38.987104 ], [ -95.074967, 38.98551 ], [ -95.076289, 38.98517 ], [ -95.079993, 38.984216 ], [ -95.084768, 38.982365 ], [ -95.086688, 38.98022 ], [ -95.086269, 38.978497 ], [ -95.086878, 38.976623 ], [ -95.086799, 38.974327 ], [ -95.084785, 38.972389 ], [ -95.08214, 38.971249 ], [ -95.076661, 38.96695 ], [ -95.074453, 38.964369 ], [ -95.07456, 38.962114 ], [ -95.076416, 38.959858 ], [ -95.081105, 38.95698 ], [ -95.085232, 38.953836 ], [ -95.088156, 38.953838 ], [ -95.090602, 38.955076 ], [ -95.096492, 38.956319 ], [ -95.100856, 38.956219 ], [ -95.104541, 38.959069 ], [ -95.106035, 38.961858 ], [ -95.107529, 38.966674 ], [ -95.108597, 38.968103 ], [ -95.11091, 38.969338 ], [ -95.11517, 38.970046 ], [ -95.11823, 38.969664 ], [ -95.120358, 38.970159 ], [ -95.121881, 38.969927 ], [ -95.12505, 38.967935 ], [ -95.126889, 38.967699 ], [ -95.130543, 38.968428 ], [ -95.130375, 38.969613 ], [ -95.130469, 38.977401 ], [ -95.130778, 38.993139 ], [ -95.130941, 39.003931 ], [ -95.135783, 39.003137 ], [ -95.140766, 39.001667 ], [ -95.140502, 39.004332 ] ] ] ] } },
{ "type": "Feature", "properties": { "ZCTA5CE20": "66042", "AFFGEOID20": "860Z200US66042", "GEOID20": "66042", "NAME20": "66042", "LSAD20": "Z5", "ALAND20": 76962698.0, "AWATER20": 835195.0, "price_2012": 80194.769745647573, "price_2026": 288792.19307725527, "log_change": 1.2812490767680025, "pct_change": 2.6011350115875724, "dollar_change": 208597.42333160772, "mci": 101203.7652, "plaza": 79809.1175, "pnl": 85651.88978, "legends": 79609.2495, "lees_summit": 80798.9393, "cbd": 82730.50364, "log_population": 6.8341087388138382, "median_income": 67813.0, "poverty_rate": 0.055974165769644778, "bachelors_only": 0.074957410562180582, "college_plus": 0.11243611584327087, "no_college": 0.88756388415672915 }, "geometry": { "type": "MultiPolygon", "coordinates": [ [ [ [ -95.156987, 38.462749 ], [ -95.124377, 38.462612 ], [ -95.121205, 38.462741 ], [ -95.121191, 38.477295 ], [ -95.07487, 38.476968 ], [ -95.06559, 38.47721 ], [ -95.065354, 38.449844 ], [ -95.058383, 38.450124 ], [ -95.048495, 38.45135 ], [ -95.046927, 38.450406 ], [ -95.047069, 38.448016 ], [ -95.028647, 38.447934 ], [ -95.028698, 38.44038 ], [ -95.020008, 38.440388 ], [ -95.019781, 38.427926 ], [ -95.010589, 38.433147 ], [ -95.010444, 38.418495 ], [ -95.010464, 38.389457 ], [ -95.056645, 38.389886 ], [ -95.065831, 38.389945 ], [ -95.065894, 38.397206 ], [ -95.065945, 38.403272 ], [ -95.065955, 38.404328 ], [ -95.066429, 38.40502 ], [ -95.070337, 38.40727 ], [ -95.071879, 38.407068 ], [ -95.074905, 38.40795 ], [ -95.076598, 38.408009 ], [ -95.077048, 38.408943 ], [ -95.075306, 38.411432 ], [ -95.08648, 38.411545 ], [ -95.088532, 38.411985 ], [ -95.091749, 38.411565 ], [ -95.10247, 38.411597 ], [ -95.102727, 38.399203 ], [ -95.104392, 38.397065 ], [ -95.11601, 38.397195 ], [ -95.111901, 38.404731 ], [ -95.113423, 38.404717 ], [ -95.110766, 38.407333 ], [ -95.10451, 38.407892 ], [ -95.103515, 38.409887 ], [ -95.104224, 38.414119 ], [ -95.103491, 38.416191 ], [ -95.103834, 38.418374 ], [ -95.105182, 38.42026 ], [ -95.103946, 38.422486 ], [ -95.106844, 38.423533 ], [ -95.107914, 38.426424 ], [ -95.109863, 38.423983 ], [ -95.10922, 38.421967 ], [ -95.110532, 38.421538 ], [ -95.111805, 38.42511 ], [ -95.112989, 38.424377 ], [ -95.116429, 38.425144 ], [ -95.115855, 38.427186 ], [ -95.121169, 38.427139 ], [ -95.120002, 38.422799 ], [ -95.121083, 38.422089 ], [ -95.122615, 38.419334 ], [ -95.122452, 38.416485 ], [ -95.124605, 38.411776 ], [ -95.138877, 38.411751 ], [ -95.138641, 38.433521 ], [ -95.157164, 38.433632 ], [ -95.156987, 38.462749 ] ] ] ] } },
{ "type": "Feature", "properties": { "ZCTA5CE20": "66226", "AFFGEOID20": "860Z200US66226", "GEOID20": "66226", "NAME20": "66226", "LSAD20": "Z5", "ALAND20": 29850952.0, "AWATER20": 1731293.0, "price_2012": 239353.3636340939, "price_2026": 498496.79959621275, "log_change": 0.73365620037091794, "pct_change": 1.0826814047129021, "dollar_change": 259143.43596211885, "mci": 32386.63161, "plaza": 23285.47525, "pnl": 25335.50815, "legends": 10674.44516, "lees_summit": 43205.17207, "cbd": 24310.4917, "log_population": 9.6939386734876898, "median_income": 173667.0, "poverty_rate": 0.025402305937480732, "bachelors_only": 0.40259607522485691, "college_plus": 0.6709934587080949, "no_college": 0.3290065412919051 }, "geometry": { "type": "MultiPolygon", "coordinates": [ [ [ [ -94.908789, 38.98997 ], [ -94.908765, 38.991401 ], [ -94.903514, 38.997634 ], [ -94.894798, 39.007267 ], [ -94.889549, 39.014262 ], [ -94.888431, 39.016142 ], [ -94.888404, 39.020243 ], [ -94.890135, 39.023155 ], [ -94.891108, 39.02685 ], [ -94.891141, 39.030679 ], [ -94.889632, 39.034178 ], [ -94.888408, 39.036163 ], [ -94.88604, 39.041518 ], [ -94.884352, 39.048229 ], [ -94.883566, 39.050689 ], [ -94.879144, 39.054921 ], [ -94.876425, 39.057139 ], [ -94.871722, 39.059321 ], [ -94.871519, 39.059378 ], [ -94.867749, 39.060193 ], [ -94.862756, 39.060855 ], [ -94.854407, 39.061353 ], [ -94.84907, 39.061313 ], [ -94.848718, 39.061323 ], [ -94.845257, 39.061342 ], [ -94.842483, 39.060918 ], [ -94.839282, 39.059946 ], [ -94.834141, 39.057812 ], [ -94.82934, 39.055436 ], [ -94.821708, 39.051037 ], [ -94.820485, 39.050228 ], [ -94.81607, 39.048541 ], [ -94.80702, 39.045191 ], [ -94.803326, 39.04352 ], [ -94.800928, 39.043514 ], [ -94.791527, 39.043575 ], [ -94.80729, 39.03951 ], [ -94.80889, 39.040074 ], [ -94.80889, 39.040375 ], [ -94.817541, 39.044537 ], [ -94.819022, 39.045075 ], [ -94.833726, 39.048649 ], [ -94.834764, 39.046185 ], [ -94.834258, 39.043539 ], [ -94.834757, 39.043537 ], [ -94.834784, 39.037531 ], [ -94.834786, 39.037268 ], [ -94.834782, 39.035117 ], [ -94.834747, 39.029007 ], [ -94.839445, 39.028995 ], [ -94.839443, 39.024331 ], [ -94.839432, 39.017908 ], [ -94.839219, 39.016414 ], [ -94.83946, 39.008082 ], [ -94.839452, 38.999876 ], [ -94.839506, 38.999193 ], [ -94.841943, 38.999086 ], [ -94.844282, 38.999899 ], [ -94.849852, 38.999921 ], [ -94.851421, 39.004563 ], [ -94.848316, 39.006176 ], [ -94.845294, 39.006151 ], [ -94.845279, 39.007332 ], [ -94.853831, 39.007145 ], [ -94.854169, 39.007144 ], [ -94.853211, 38.999877 ], [ -94.862858, 38.999958 ], [ -94.872238, 39.000001 ], [ -94.881891, 38.999972 ], [ -94.881886, 39.000268 ], [ -94.89105, 38.999858 ], [ -94.891221, 39.003551 ], [ -94.895702, 39.003627 ], [ -94.904611, 38.99344 ], [ -94.908885, 38.9892 ], [ -94.908789, 38.98997 ] ] ] ] } },
{ "type": "Feature", "properties": { "ZCTA5CE20": "64012", "AFFGEOID20": "860Z200US64012", "GEOID20": "64012", "NAME20": "64012", "LSAD20": "Z5", "ALAND20": 122235410.0, "AWATER20": 890223.0, "price_2012": 128794.034331068, "price_2026": 287526.44383756159, "log_change": 0.80310033928086533, "pct_change": 1.232451567581681, "dollar_change": 158732.4095064936, "mci": 58518.22296, "plaza": 28326.12629, "pnl": 34488.83715, "legends": 44341.28258, "lees_summit": 20211.38947, "cbd": 31407.48172, "log_population": 10.285479304458651, "median_income": 71814.0, "poverty_rate": 0.094314888919552919, "bachelors_only": 0.19301101005265678, "college_plus": 0.27505983724269983, "no_college": 0.72494016275730022 }, "geometry": { "type": "MultiPolygon", "coordinates": [ [ [ [ -94.609508942173704, 38.7381018369191 ], [ -94.609499277490301, 38.738576135985902 ], [ -94.609456, 38.7407 ], [ -94.609399, 38.74244 ], [ -94.609196214602704, 38.752687382257101 ], [ -94.609039422514797, 38.760610578307499 ], [ -94.608908788061697, 38.767211947020201 ], [ -94.608614330130294, 38.782091829997299 ], [ -94.608462613333302, 38.789758555678901 ], [ -94.608398902997294, 38.792978038815598 ], [ -94.608041, 38.811064 ], [ -94.608040301989305, 38.811091678808701 ], [ -94.608040187173799, 38.811096231684303 ], [ -94.607906483084903, 38.816398113055499 ], [ -94.607673421286606, 38.825639909751203 ], [ -94.607668979358905, 38.825816049268198 ], [ -94.6076261774393, 38.827513310003297 ], [ -94.607625, 38.82756 ], [ -94.607670854313596, 38.829768087497897 ], [ -94.607711181096306, 38.83171 ], [ -94.6077362254333, 38.832915995318501 ], [ -94.607843215026506, 38.838068016241003 ], [ -94.608033, 38.847207 ], [ -94.593789, 38.846564 ], [ -94.585572, 38.8462 ], [ -94.585319, 38.846191 ], [ -94.564921, 38.845221 ], [ -94.56269, 38.844992 ], [ -94.56208, 38.845002 ], [ -94.554205, 38.844625 ], [ -94.554961, 38.841365 ], [ -94.552403, 38.841507 ], [ -94.550724, 38.834435 ], [ -94.549198, 38.834182 ], [ -94.545603, 38.835164 ], [ -94.543511, 38.835711 ], [ -94.5432, 38.84193 ], [ -94.543483, 38.844079 ], [ -94.541828, 38.843994 ], [ -94.537827, 38.84403 ], [ -94.532213, 38.843784 ], [ -94.529564, 38.843652 ], [ -94.526849, 38.843281 ], [ -94.521613, 38.843075 ], [ -94.515079, 38.842703 ], [ -94.510121, 38.842464 ], [ -94.509068, 38.842302 ], [ -94.499422, 38.842035 ], [ -94.49213, 38.841707 ], [ -94.490031, 38.841713 ], [ -94.480309, 38.841354 ], [ -94.481145, 38.839621 ], [ -94.481554, 38.831887 ], [ -94.483137, 38.819612 ], [ -94.491828, 38.82001 ], [ -94.492089, 38.81686 ], [ -94.491343, 38.816825 ], [ -94.491501, 38.814222 ], [ -94.492298, 38.814239 ], [ -94.492369, 38.812982 ], [ -94.492377, 38.812765 ], [ -94.493981, 38.812832 ], [ -94.497077, 38.812947 ], [ -94.497317, 38.80932 ], [ -94.496554, 38.809284 ], [ -94.496617, 38.807499 ], [ -94.49966, 38.807613 ], [ -94.497741, 38.80439 ], [ -94.498608, 38.804512 ], [ -94.497999, 38.802675 ], [ -94.497769, 38.798378 ], [ -94.497367, 38.789008 ], [ -94.497251, 38.786111 ], [ -94.496699, 38.781102 ], [ -94.491443, 38.769689 ], [ -94.490738, 38.76578 ], [ -94.489974, 38.763559 ], [ -94.488337, 38.761577 ], [ -94.482849, 38.756852 ], [ -94.48111, 38.753908 ], [ -94.482472, 38.75402 ], [ -94.488602, 38.754261 ], [ -94.498671, 38.754007 ], [ -94.510603, 38.754564 ], [ -94.510704, 38.743599 ], [ -94.506608, 38.743573 ], [ -94.506512, 38.737471 ], [ -94.515902, 38.737701 ], [ -94.515967, 38.735358 ], [ -94.521197, 38.735359 ], [ -94.521194, 38.733964 ], [ -94.530064, 38.734517 ], [ -94.53029, 38.728348 ], [ -94.533044, 38.728489 ], [ -94.533073, 38.727426 ], [ -94.534799, 38.727528 ], [ -94.537349, 38.727659 ], [ -94.553615, 38.7285 ], [ -94.553872, 38.721177 ], [ -94.562967, 38.721525 ], [ -94.562699, 38.736187 ], [ -94.57205, 38.736589 ], [ -94.571993, 38.73809 ], [ -94.574752, 38.73823 ], [ -94.573868, 38.740324 ], [ -94.573635, 38.744121 ], [ -94.576278, 38.744256 ], [ -94.576089, 38.747875 ], [ -94.58067, 38.748113 ], [ -94.581008, 38.7408 ], [ -94.584464, 38.740991 ], [ -94.585169, 38.73734 ], [ -94.590324, 38.737617 ], [ -94.590831, 38.722894 ], [ -94.609799638385397, 38.723835778096202 ], [ -94.609508942173704, 38.7381018369191 ] ] ] ] } },
{ "type": "Feature", "properties": { "ZCTA5CE20": "66104", "AFFGEOID20": "860Z200US66104", "GEOID20": "66104", "NAME20": "66104", "LSAD20": "Z5", "ALAND20": 41850617.0, "AWATER20": 1703337.0, "price_2012": 24370.948574189224, "price_2026": 171015.27590728947, "log_change": 1.9483610945757359, "pct_change": 6.0171776607993124, "dollar_change": 146644.32733310026, "mci": 16798.74725, "plaza": 14638.75894, "pnl": 10917.2734, "legends": 12679.80034, "lees_summit": 37116.34534, "cbd": 12778.01617, "log_population": 10.204813620903147, "median_income": 61338.0, "poverty_rate": 0.18657693026733968, "bachelors_only": 0.077998144282069123, "college_plus": 0.11975179772674553, "no_college": 0.88024820227325451 }, "geometry": { "type": "MultiPolygon", "coordinates": [ [ [ [ -94.743818, 39.16334 ], [ -94.743823, 39.164769 ], [ -94.742299, 39.166276 ], [ -94.742917, 39.167718 ], [ -94.742913, 39.168332 ], [ -94.741925581881503, 39.170200700774203 ], [ -94.736537, 39.169203 ], [ -94.723637, 39.169003 ], [ -94.714137, 39.170403 ], [ -94.696332, 39.178563 ], [ -94.696165853325297, 39.178653233572199 ], [ -94.687236, 39.183503 ], [ -94.680336, 39.184303 ], [ -94.669135, 39.182003 ], [ -94.663835, 39.179103 ], [ -94.659399644885895, 39.174379104771504 ], [ -94.659162, 39.174126 ], [ -94.660315, 39.168051 ], [ -94.661397, 39.162742 ], [ -94.65921, 39.157841 ], [ -94.655787, 39.15568 ], [ -94.650776990967501, 39.154116107631801 ], [ -94.651531, 39.152938 ], [ -94.647411, 39.151583 ], [ -94.635866, 39.14657 ], [ -94.633196, 39.14562 ], [ -94.63084, 39.144781 ], [ -94.63295, 39.143717 ], [ -94.63484, 39.142102 ], [ -94.634905, 39.139285 ], [ -94.632321, 39.139287 ], [ -94.632488, 39.13416 ], [ -94.635004, 39.134754 ], [ -94.63512, 39.131206 ], [ -94.635171, 39.128963 ], [ -94.634395, 39.128665 ], [ -94.632892, 39.127553 ], [ -94.632155, 39.127029 ], [ -94.632417, 39.126826 ], [ -94.632353, 39.123314 ], [ -94.635115, 39.123318 ], [ -94.640666, 39.124035 ], [ -94.643087, 39.12318 ], [ -94.649256, 39.123196 ], [ -94.649256, 39.122337 ], [ -94.653943, 39.122436 ], [ -94.653915, 39.12317 ], [ -94.653886, 39.12362 ], [ -94.655864, 39.124059 ], [ -94.656001, 39.124059 ], [ -94.661386, 39.124043 ], [ -94.662473, 39.124045 ], [ -94.666926, 39.124057 ], [ -94.666923, 39.124385 ], [ -94.667415, 39.124445 ], [ -94.668722, 39.124448 ], [ -94.668722, 39.12498 ], [ -94.66692, 39.124979 ], [ -94.66695, 39.128371 ], [ -94.66705, 39.128372 ], [ -94.668838, 39.128405 ], [ -94.676807, 39.128491 ], [ -94.679358, 39.128505 ], [ -94.679545, 39.128506 ], [ -94.679531, 39.128012 ], [ -94.681102, 39.128027 ], [ -94.681112, 39.127825 ], [ -94.682137, 39.12853 ], [ -94.682749, 39.128537 ], [ -94.685778, 39.128514 ], [ -94.686457, 39.128471 ], [ -94.696749, 39.128473 ], [ -94.705992, 39.12849 ], [ -94.715278, 39.12853 ], [ -94.717041, 39.128555 ], [ -94.728422, 39.128538 ], [ -94.733916, 39.128523 ], [ -94.735479, 39.128516 ], [ -94.734956, 39.130145 ], [ -94.73689, 39.133485 ], [ -94.736966, 39.134189 ], [ -94.73398, 39.134198 ], [ -94.733993, 39.136305 ], [ -94.734011, 39.13946 ], [ -94.736251, 39.139465 ], [ -94.73481, 39.141859 ], [ -94.734824, 39.143111 ], [ -94.733966, 39.143087 ], [ -94.733879, 39.150391 ], [ -94.738443, 39.150454 ], [ -94.737936, 39.151579 ], [ -94.738812, 39.153318 ], [ -94.743085, 39.154459 ], [ -94.744133, 39.156214 ], [ -94.74346, 39.157511 ], [ -94.744996, 39.162285 ], [ -94.743818, 39.16334 ] ] ] ] } },
{ "type": "Feature", "properties": { "ZCTA5CE20": "66021", "AFFGEOID20": "860Z200US66021", "GEOID20": "66021", "NAME20": "66021", "LSAD20": "Z5", "ALAND20": 132689866.0, "AWATER20": 10457079.0, "price_2012": 121431.34303301894, "price_2026": 304203.96993083361, "log_change": 0.91834940499088802, "pct_change": 1.5051519840978467, "dollar_change": 182772.62689781468, "mci": 65048.60594, "plaza": 47786.91399, "pnl": 52767.37998, "legends": 43231.38481, "lees_summit": 56777.48606, "cbd": 50277.146985, "log_population": 7.9441374911141125, "median_income": 88125.0, "poverty_rate": 0.031462281015373614, "bachelors_only": 0.16425120772946861, "college_plus": 0.21256038647342995, "no_college": 0.78743961352656999 }, "geometry": { "type": "MultiPolygon", "coordinates": [ [ [ [ -95.093412, 38.775316 ], [ -95.093398, 38.782195 ], [ -95.079179, 38.782202 ], [ -95.074807, 38.782185 ], [ -95.0748, 38.796782 ], [ -95.074802, 38.798754 ], [ -95.074814, 38.811347 ], [ -95.06677, 38.811381 ], [ -95.067231, 38.813168 ], [ -95.066418, 38.814013 ], [ -95.067572, 38.815289 ], [ -95.068468, 38.817919 ], [ -95.071271, 38.821482 ], [ -95.071624, 38.822758 ], [ -95.073911, 38.825326 ], [ -95.073725, 38.825996 ], [ -95.056178, 38.825983 ], [ -95.056197, 38.828292 ], [ -95.057402, 38.82893 ], [ -95.058939, 38.834382 ], [ -95.058403, 38.837806 ], [ -95.059721, 38.840598 ], [ -95.056159, 38.840591 ], [ -95.037675, 38.840615 ], [ -95.001401, 38.84036 ], [ -95.001392, 38.796786 ], [ -94.992171, 38.796766 ], [ -94.992251, 38.811177 ], [ -94.973572, 38.811161 ], [ -94.973729, 38.796743 ], [ -94.973584, 38.789438 ], [ -94.973569, 38.787932 ], [ -94.973572, 38.787389 ], [ -94.973527, 38.783901 ], [ -94.968061, 38.787335 ], [ -94.966295, 38.788982 ], [ -94.964067, 38.789215 ], [ -94.945812, 38.798378 ], [ -94.945794, 38.789334 ], [ -94.945793, 38.788671 ], [ -94.94579, 38.785695 ], [ -94.945789, 38.7821 ], [ -94.952627, 38.78213 ], [ -94.955027, 38.782078 ], [ -94.955125, 38.771149 ], [ -94.945909, 38.771275 ], [ -94.945907, 38.769301 ], [ -94.949459, 38.767359 ], [ -94.94353, 38.770488 ], [ -94.943515, 38.767479 ], [ -94.940102, 38.767475 ], [ -94.939909, 38.767475 ], [ -94.939896, 38.763865 ], [ -94.93641, 38.763853 ], [ -94.936367, 38.752996 ], [ -94.945776, 38.753023 ], [ -94.946084, 38.74198 ], [ -94.954984, 38.741907 ], [ -94.955169, 38.74211 ], [ -94.963996, 38.742127 ], [ -94.963993, 38.738479 ], [ -94.967919, 38.738636 ], [ -94.971142, 38.736236 ], [ -94.970703, 38.734736 ], [ -94.966391, 38.733921 ], [ -94.963232, 38.732724 ], [ -94.962208, 38.734227 ], [ -94.960683, 38.734982 ], [ -94.961839, 38.730568 ], [ -94.960333, 38.729426 ], [ -94.961155, 38.728465 ], [ -94.960335, 38.725685 ], [ -94.961413, 38.725498 ], [ -94.96294, 38.721112 ], [ -94.964032, 38.721337 ], [ -94.965407, 38.720764 ], [ -94.968451, 38.722092 ], [ -94.968458, 38.720938 ], [ -94.967227, 38.719873 ], [ -94.969373, 38.71976 ], [ -94.968918, 38.717624 ], [ -94.970277, 38.716366 ], [ -94.97049, 38.714403 ], [ -94.968645, 38.713046 ], [ -94.968659, 38.71146 ], [ -94.966855, 38.710963 ], [ -94.967708, 38.709151 ], [ -94.964079, 38.708669 ], [ -94.9631, 38.70913 ], [ -94.958519, 38.705084 ], [ -94.95829, 38.703534 ], [ -94.957166, 38.703855 ], [ -94.957038, 38.702097 ], [ -94.954324, 38.701352 ], [ -94.952722, 38.701987 ], [ -94.950122, 38.699206 ], [ -94.950225, 38.698307 ], [ -94.948732, 38.695525 ], [ -94.94654, 38.692904 ], [ -94.944952, 38.695665 ], [ -94.942959, 38.698109 ], [ -94.942813, 38.699255 ], [ -94.941786, 38.695456 ], [ -94.943046, 38.693638 ], [ -94.94232, 38.690302 ], [ -94.942558, 38.686099 ], [ -94.941214, 38.68614 ], [ -94.941327, 38.68785 ], [ -94.938339, 38.689427 ], [ -94.934941, 38.687749 ], [ -94.930242, 38.688543 ], [ -94.927045, 38.687541 ], [ -94.924976, 38.685174 ], [ -94.924965, 38.68175 ], [ -94.923807, 38.680044 ], [ -94.922419, 38.683116 ], [ -94.921848, 38.680378 ], [ -94.920797, 38.679561 ], [ -94.92327, 38.678354 ], [ -94.921169, 38.678249 ], [ -94.921405, 38.67724 ], [ -94.918942, 38.676256 ], [ -94.918902, 38.658634 ], [ -94.920778, 38.659864 ], [ -94.919823, 38.660601 ], [ -94.920611, 38.662241 ], [ -94.922001, 38.662101 ], [ -94.922465, 38.660706 ], [ -94.923757, 38.661915 ], [ -94.923938, 38.660074 ], [ -94.924969, 38.661336 ], [ -94.927689, 38.660156 ], [ -94.929974, 38.65783 ], [ -94.931555, 38.657659 ], [ -94.929847, 38.660152 ], [ -94.937273, 38.661507 ], [ -94.940453, 38.659684 ], [ -94.939672, 38.661409 ], [ -94.944358, 38.661898 ], [ -94.946855, 38.662561 ], [ -94.946856, 38.665193 ], [ -94.946795, 38.678339 ], [ -94.947233, 38.679512 ], [ -94.948508, 38.68 ], [ -94.974984, 38.680166 ], [ -94.984697, 38.680232 ], [ -94.986077, 38.683061 ], [ -94.986205, 38.694842 ], [ -94.993244, 38.694842 ], [ -95.011208, 38.694838 ], [ -95.010052, 38.697027 ], [ -95.008904, 38.697921 ], [ -95.012611, 38.697944 ], [ -95.013609, 38.697332 ], [ -95.016135, 38.698135 ], [ -95.018461, 38.701091 ], [ -95.021297, 38.703385 ], [ -95.023085, 38.701899 ], [ -95.025272, 38.702699 ], [ -95.027988, 38.701142 ], [ -95.028706, 38.702108 ], [ -95.028669, 38.709428 ], [ -95.056439, 38.709347 ], [ -95.056408, 38.711234 ], [ -95.056413, 38.719511 ], [ -95.050351, 38.721255 ], [ -95.0488, 38.722145 ], [ -95.02987, 38.738535 ], [ -95.047346, 38.738572 ], [ -95.056412, 38.738587 ], [ -95.056429, 38.746153 ], [ -95.056375, 38.759734 ], [ -95.05637, 38.760319 ], [ -95.05633, 38.767752 ], [ -95.093409, 38.767858 ], [ -95.093412, 38.775316 ] ] ] ] } },
{ "type": "Feature", "properties": { "ZCTA5CE20": "64139", "AFFGEOID20": "860Z200US64139", "GEOID20": "64139", "NAME20": "64139", "LSAD20": "Z5", "ALAND20": 12392765.0, "AWATER20": 67868.0, "price_2012": 225906.49831707263, "price_2026": 451587.45109830657, "log_change": 0.69264785483768954, "pct_change": 0.99900159784017306, "dollar_change": 225680.95278123394, "mci": 45597.10204, "plaza": 18010.07963, "pnl": 20926.37905, "legends": 40590.70194, "lees_summit": 6223.062049, "cbd": 19468.22934, "log_population": 7.935945103353701, "median_income": 122686.0, "poverty_rate": 0.0625, "bachelors_only": 0.23274478330658105, "college_plus": 0.41037988228999467, "no_college": 0.58962011771000533 }, "geometry": { "type": "MultiPolygon", "coordinates": [ [ [ [ -94.428435, 38.95809 ], [ -94.426945, 38.959907 ], [ -94.426196, 38.963107 ], [ -94.425842, 38.963286 ], [ -94.42669, 38.964133 ], [ -94.425036, 38.964241 ], [ -94.425011, 38.970337 ], [ -94.418242, 38.970232 ], [ -94.417678, 38.984744 ], [ -94.413298, 38.98437 ], [ -94.407823, 38.984244 ], [ -94.407711, 38.987352 ], [ -94.407774, 38.989616 ], [ -94.406205, 38.990595 ], [ -94.400729, 38.991295 ], [ -94.39744, 38.994658 ], [ -94.389495, 38.994492 ], [ -94.389495, 38.993428 ], [ -94.389196, 38.98349 ], [ -94.389196, 38.983462 ], [ -94.388429, 38.983405 ], [ -94.388439, 38.981481 ], [ -94.389415, 38.976231 ], [ -94.389998, 38.976267 ], [ -94.390195, 38.973132 ], [ -94.388478, 38.968863 ], [ -94.385564, 38.968784 ], [ -94.386017, 38.959862 ], [ -94.386099, 38.958146 ], [ -94.392518, 38.958153 ], [ -94.39561, 38.958297 ], [ -94.395639, 38.960347 ], [ -94.395618, 38.961207 ], [ -94.400555, 38.962211 ], [ -94.401952, 38.962251 ], [ -94.4012, 38.959916 ], [ -94.400987, 38.958552 ], [ -94.40822, 38.958744 ], [ -94.409011, 38.958709 ], [ -94.409264, 38.958589 ], [ -94.409724, 38.950748 ], [ -94.409625, 38.947549 ], [ -94.408769, 38.946269 ], [ -94.407425, 38.944316 ], [ -94.409139, 38.944243 ], [ -94.408378, 38.940658 ], [ -94.408891, 38.940686 ], [ -94.410206, 38.940751 ], [ -94.416372, 38.941056 ], [ -94.423786, 38.941416 ], [ -94.422157, 38.942711 ], [ -94.422232, 38.943175 ], [ -94.42634, 38.943912 ], [ -94.42625, 38.945286 ], [ -94.42201, 38.944633 ], [ -94.421641, 38.949146 ], [ -94.425986, 38.948498 ], [ -94.426013, 38.951856 ], [ -94.428573, 38.956636 ], [ -94.428435, 38.95809 ] ] ] ] } },
{ "type": "Feature", "properties": { "ZCTA5CE20": "64149", "AFFGEOID20": "860Z200US64149", "GEOID20": "64149", "NAME20": "64149", "LSAD20": "Z5", "ALAND20": 23423200.0, "AWATER20": 1238059.0, "price_2012": 195905.44683965217, "price_2026": 507952.81201155065, "log_change": 0.95275642477492184, "pct_change": 1.5928468054658431, "dollar_change": 312047.36517189851, "mci": 52940.33148, "plaza": 22455.4775, "pnl": 27773.69555, "legends": 42672.82955, "lees_summit": 9064.075597, "cbd": 25114.586525, "log_population": 6.0354814325247563, "median_income": 91250.0, "poverty_rate": 0.028708133971291867, "bachelors_only": 0.32549019607843138, "college_plus": 0.4, "no_college": 0.6 }, "geometry": { "type": "MultiPolygon", "coordinates": [ [ [ [ -94.493657, 38.8949 ], [ -94.490503, 38.900017 ], [ -94.490203, 38.900427 ], [ -94.488889, 38.901797 ], [ -94.484051, 38.906847 ], [ -94.482383, 38.90747 ], [ -94.471427, 38.904875 ], [ -94.469202, 38.905604 ], [ -94.469273, 38.904425 ], [ -94.467408, 38.901705 ], [ -94.468743, 38.900052 ], [ -94.466868, 38.901054 ], [ -94.464388, 38.899032 ], [ -94.469581, 38.899258 ], [ -94.470385, 38.88565 ], [ -94.471095, 38.873823 ], [ -94.462546, 38.873497 ], [ -94.462703, 38.870367 ], [ -94.462719, 38.869816 ], [ -94.443802, 38.86912 ], [ -94.443779, 38.869668 ], [ -94.434983, 38.869355 ], [ -94.434988, 38.868849 ], [ -94.432351, 38.868849 ], [ -94.429653, 38.868754 ], [ -94.430406, 38.85417 ], [ -94.430429, 38.854044 ], [ -94.431168, 38.839615 ], [ -94.432321, 38.839634 ], [ -94.436649, 38.839707 ], [ -94.436806, 38.839713 ], [ -94.436905, 38.839783 ], [ -94.441401, 38.839943 ], [ -94.45503, 38.840419 ], [ -94.472449, 38.841062 ], [ -94.480309, 38.841354 ], [ -94.490031, 38.841713 ], [ -94.49213, 38.841707 ], [ -94.4913, 38.855847 ], [ -94.490792, 38.865323 ], [ -94.490451, 38.870839 ], [ -94.489951, 38.879739 ], [ -94.489723, 38.885556 ], [ -94.491373, 38.885632 ], [ -94.491438, 38.885777 ], [ -94.494339, 38.885784 ], [ -94.493657, 38.8949 ] ] ] ] } },
{ "type": "Feature", "properties": { "ZCTA5CE20": "64117", "AFFGEOID20": "860Z200US64117", "GEOID20": "64117", "NAME20": "64117", "LSAD20": "Z5", "ALAND20": 15643898.0, "AWATER20": 621927.0, "price_2012": 67500.758452713591, "price_2026": 215091.53256740631, "log_change": 1.1589248362489393, "pct_change": 2.1865054185736992, "dollar_change": 147590.7741146927, "mci": 22543.18929, "plaza": 14897.47288, "pnl": 8931.609891, "legends": 27073.24033, "lees_summit": 30233.6456, "cbd": 11914.541385500001, "log_population": 9.610390847382849, "median_income": 59601.0, "poverty_rate": 0.20236257466944091, "bachelors_only": 0.15636612556229221, "college_plus": 0.20359867005671817, "no_college": 0.79640132994328183 }, "geometry": { "type": "MultiPolygon", "coordinates": [ [ [ [ -94.549316, 39.164176 ], [ -94.547777, 39.164459 ], [ -94.549019, 39.165734 ], [ -94.549113, 39.16654 ], [ -94.549262, 39.169867 ], [ -94.549013, 39.173001 ], [ -94.548958, 39.179774 ], [ -94.548944, 39.18083 ], [ -94.54137, 39.180905 ], [ -94.540627, 39.181156 ], [ -94.540347, 39.179428 ], [ -94.538891, 39.179198 ], [ -94.534471, 39.181342 ], [ -94.534479, 39.18242 ], [ -94.531898, 39.182666 ], [ -94.531877, 39.178588 ], [ -94.531476, 39.178562 ], [ -94.531152, 39.178602 ], [ -94.531056, 39.179732 ], [ -94.524464, 39.181985 ], [ -94.521261, 39.184091 ], [ -94.52127, 39.183657 ], [ -94.526028, 39.180758 ], [ -94.525704, 39.180758 ], [ -94.521302, 39.18075 ], [ -94.518904, 39.180596 ], [ -94.512638, 39.180659 ], [ -94.510542, 39.180718 ], [ -94.506966, 39.180466 ], [ -94.505707, 39.180405 ], [ -94.502784, 39.180366 ], [ -94.497357, 39.180683 ], [ -94.493086, 39.18058 ], [ -94.492831, 39.180581 ], [ -94.493154, 39.168361 ], [ -94.493428, 39.167532 ], [ -94.495892, 39.162168 ], [ -94.496162, 39.16165 ], [ -94.497526, 39.158805 ], [ -94.497852, 39.157623 ], [ -94.498161, 39.151317 ], [ -94.498349, 39.15132 ], [ -94.498387, 39.15046 ], [ -94.499031, 39.150603 ], [ -94.506406, 39.150914 ], [ -94.512679, 39.150451 ], [ -94.520887, 39.149219 ], [ -94.53079, 39.147082 ], [ -94.531298, 39.146864 ], [ -94.534061, 39.145908 ], [ -94.536162, 39.150275 ], [ -94.540114, 39.1482 ], [ -94.54081, 39.14792 ], [ -94.542381, 39.147473 ], [ -94.548673, 39.146814 ], [ -94.548041, 39.151543 ], [ -94.548035, 39.152038 ], [ -94.548158, 39.153548 ], [ -94.54931, 39.15565 ], [ -94.549283, 39.159228 ], [ -94.54705, 39.159172 ], [ -94.54672, 39.159168 ], [ -94.546748, 39.159886 ], [ -94.547748, 39.161948 ], [ -94.54953, 39.164322 ], [ -94.549316, 39.164176 ] ] ] ] } },
{ "type": "Feature", "properties": { "ZCTA5CE20": "64081", "AFFGEOID20": "860Z200US64081", "GEOID20": "64081", "NAME20": "64081", "LSAD20": "Z5", "ALAND20": 33698443.0, "AWATER20": 88829.0, "price_2012": 205411.1101497598, "price_2026": 425295.71556430525, "log_change": 0.72777134195263216, "pct_change": 1.0704611121289078, "dollar_change": 219884.60541454545, "mci": 50878.93881, "plaza": 21589.08508, "pnl": 25727.56935, "legends": 43563.50884, "lees_summit": 2296.733339, "cbd": 23658.327215000001, "log_population": 10.138757283648179, "median_income": 102119.0, "poverty_rate": 0.026975029059280932, "bachelors_only": 0.32045940772435538, "college_plus": 0.52358968584618848, "no_college": 0.47641031415381152 }, "geometry": { "type": "MultiPolygon", "coordinates": [ [ [ [ -94.458115, 38.912935 ], [ -94.458036, 38.913429 ], [ -94.450719, 38.913141 ], [ -94.450838, 38.914597 ], [ -94.45051, 38.91832 ], [ -94.450169, 38.922207 ], [ -94.449722, 38.927936 ], [ -94.448776, 38.928064 ], [ -94.448266, 38.935647 ], [ -94.448234, 38.936302 ], [ -94.448224, 38.936424 ], [ -94.448162, 38.937472 ], [ -94.448092, 38.93861 ], [ -94.447904, 38.942325 ], [ -94.439617, 38.942172 ], [ -94.438713, 38.942136 ], [ -94.431994, 38.941822 ], [ -94.429231, 38.94169 ], [ -94.423786, 38.941416 ], [ -94.416372, 38.941056 ], [ -94.410206, 38.940751 ], [ -94.408891, 38.940686 ], [ -94.408378, 38.940658 ], [ -94.408085, 38.940701 ], [ -94.403986, 38.925968 ], [ -94.404393, 38.925964 ], [ -94.401332, 38.918858 ], [ -94.401226, 38.918601 ], [ -94.400386, 38.917069 ], [ -94.393802, 38.911275 ], [ -94.392493, 38.91021 ], [ -94.386054, 38.906926 ], [ -94.380691, 38.904266 ], [ -94.377204, 38.903261 ], [ -94.377123, 38.903122 ], [ -94.37302, 38.902986 ], [ -94.373122, 38.903129 ], [ -94.363072, 38.902884 ], [ -94.357838, 38.902702 ], [ -94.353752, 38.902708 ], [ -94.339835, 38.902013 ], [ -94.329854, 38.901726 ], [ -94.330616, 38.89479 ], [ -94.340208, 38.895077 ], [ -94.340208, 38.895054 ], [ -94.34034, 38.892403 ], [ -94.348337, 38.892449 ], [ -94.348599, 38.886735 ], [ -94.356478, 38.886997 ], [ -94.356291, 38.889237 ], [ -94.359272, 38.88944 ], [ -94.35953, 38.884865 ], [ -94.357675, 38.880906 ], [ -94.357979, 38.879095 ], [ -94.361916, 38.879232 ], [ -94.36302, 38.88011 ], [ -94.362797, 38.884883 ], [ -94.365562, 38.888428 ], [ -94.37025, 38.888577 ], [ -94.37327, 38.888709 ], [ -94.374032, 38.887325 ], [ -94.37792, 38.887825 ], [ -94.377817, 38.888919 ], [ -94.396553, 38.889665 ], [ -94.399275, 38.889577 ], [ -94.414986, 38.890151 ], [ -94.43814, 38.890918 ], [ -94.442933, 38.891113 ], [ -94.442672, 38.894617 ], [ -94.442374, 38.89528 ], [ -94.442429, 38.898307 ], [ -94.447895, 38.898234 ], [ -94.448966, 38.898248 ], [ -94.44908, 38.898284 ], [ -94.449743, 38.898278 ], [ -94.451769, 38.898953 ], [ -94.451807, 38.901976 ], [ -94.451817, 38.902702 ], [ -94.451636, 38.903239 ], [ -94.451685, 38.904296 ], [ -94.451407, 38.905941 ], [ -94.453345, 38.905907 ], [ -94.453474, 38.904332 ], [ -94.458726, 38.9045 ], [ -94.458115, 38.912935 ] ] ] ] } },
{ "type": "Feature", "properties": { "ZCTA5CE20": "64151", "AFFGEOID20": "860Z200US64151", "GEOID20": "64151", "NAME20": "64151", "LSAD20": "Z5", "ALAND20": 33976791.0, "AWATER20": 506779.0, "price_2012": 151701.89516922875, "price_2026": 349063.31352644891, "log_change": 0.83333594071272366, "pct_change": 1.3009818904177606, "dollar_change": 197361.41835722016, "mci": 12051.96646, "plaza": 19459.34592, "pnl": 13585.2957, "legends": 20029.60215, "lees_summit": 39553.12197, "cbd": 16522.32081, "log_population": 10.258571231083367, "median_income": 92876.0, "poverty_rate": 0.086785563825305431, "bachelors_only": 0.29157894736842105, "college_plus": 0.45964912280701753, "no_college": 0.54035087719298247 }, "geometry": { "type": "MultiPolygon", "coordinates": [ [ [ [ -94.66416, 39.210637 ], [ -94.664152, 39.210903 ], [ -94.663037, 39.210898 ], [ -94.661651, 39.214192 ], [ -94.659275, 39.213998 ], [ -94.659249, 39.218029 ], [ -94.659178, 39.223643 ], [ -94.658882, 39.223658 ], [ -94.659838, 39.225158 ], [ -94.659577, 39.225518 ], [ -94.659538, 39.225572 ], [ -94.659228, 39.226002 ], [ -94.65894, 39.227389 ], [ -94.658881, 39.232371 ], [ -94.658468, 39.233082 ], [ -94.658861, 39.234626 ], [ -94.658844, 39.239669 ], [ -94.658555, 39.239689 ], [ -94.6585, 39.246849 ], [ -94.655005, 39.246786 ], [ -94.655136, 39.246241 ], [ -94.654684, 39.245927 ], [ -94.653609, 39.245913 ], [ -94.653624, 39.245145 ], [ -94.652819, 39.245156 ], [ -94.652457, 39.246166 ], [ -94.652475, 39.246834 ], [ -94.651324, 39.246805 ], [ -94.648771, 39.245982 ], [ -94.649487, 39.244873 ], [ -94.64735, 39.244253 ], [ -94.646811, 39.244951 ], [ -94.647141, 39.246754 ], [ -94.644697, 39.246721 ], [ -94.644807, 39.245941 ], [ -94.642996, 39.246145 ], [ -94.642983, 39.246678 ], [ -94.642795, 39.246674 ], [ -94.63398, 39.246537 ], [ -94.631021, 39.24651 ], [ -94.618599, 39.246362 ], [ -94.617677, 39.246358 ], [ -94.603703, 39.24625 ], [ -94.601859, 39.246397 ], [ -94.600977, 39.246375 ], [ -94.601372, 39.244399 ], [ -94.600886, 39.237232 ], [ -94.603692, 39.23711 ], [ -94.603728, 39.233357 ], [ -94.600969, 39.233365 ], [ -94.601, 39.231999 ], [ -94.601004, 39.231818 ], [ -94.60101, 39.224595 ], [ -94.601077, 39.218007 ], [ -94.601056, 39.217485 ], [ -94.601708, 39.217481 ], [ -94.603762, 39.215242 ], [ -94.604524, 39.210113 ], [ -94.60103, 39.210091 ], [ -94.601087, 39.209725 ], [ -94.601099, 39.206494 ], [ -94.601125, 39.202922 ], [ -94.601111, 39.195857 ], [ -94.603974, 39.195875 ], [ -94.604106, 39.19303 ], [ -94.601166, 39.193008 ], [ -94.601316, 39.188715 ], [ -94.601316, 39.188646 ], [ -94.601284, 39.187274 ], [ -94.599548, 39.186393 ], [ -94.600146, 39.184113 ], [ -94.600161, 39.183018 ], [ -94.600745, 39.182723 ], [ -94.601463, 39.181766 ], [ -94.605312, 39.180539 ], [ -94.605694, 39.183071 ], [ -94.608628, 39.183839 ], [ -94.607061, 39.185541 ], [ -94.608792, 39.185609 ], [ -94.609717, 39.188538 ], [ -94.612394, 39.188665 ], [ -94.613147, 39.188955 ], [ -94.613494, 39.188704 ], [ -94.614119, 39.189984 ], [ -94.615656, 39.191163 ], [ -94.615988, 39.190146 ], [ -94.617996, 39.18873 ], [ -94.618551, 39.188733 ], [ -94.624779, 39.18878 ], [ -94.63168, 39.18884 ], [ -94.631688, 39.188346 ], [ -94.631773, 39.184931 ], [ -94.632207, 39.184137 ], [ -94.633075, 39.183851 ], [ -94.633052, 39.183624 ], [ -94.634042, 39.183399 ], [ -94.634045, 39.182814 ], [ -94.633775, 39.182288 ], [ -94.633689, 39.181675 ], [ -94.641028, 39.181675 ], [ -94.641058, 39.179286 ], [ -94.642892, 39.178842 ], [ -94.642888, 39.179976 ], [ -94.644748, 39.179981 ], [ -94.644831, 39.181735 ], [ -94.645613, 39.181408 ], [ -94.646582, 39.180249 ], [ -94.649474, 39.180504 ], [ -94.649062, 39.179629 ], [ -94.648976, 39.179412 ], [ -94.64891, 39.179006 ], [ -94.649311, 39.178261 ], [ -94.658137, 39.17987 ], [ -94.659447, 39.180333 ], [ -94.659406, 39.180827 ], [ -94.65944, 39.18413 ], [ -94.65934, 39.188519 ], [ -94.659172, 39.204633 ], [ -94.659177, 39.210494 ], [ -94.664163, 39.210541 ], [ -94.66416, 39.210637 ] ] ] ] } },
{ "type": "Feature", "properties": { "ZCTA5CE20": "64024", "AFFGEOID20": "860Z200US64024", "GEOID20": "64024", "NAME20": "64024", "LSAD20": "Z5", "ALAND20": 182323234.0, "AWATER20": 1327010.0, "price_2012": 78426.710202648756, "price_2026": 245178.86987703911, "log_change": 1.1398234646013616, "pct_change": 2.1262164286059586, "dollar_change": 166752.15967439034, "mci": 42399.93121, "plaza": 44486.56017, "pnl": 39570.1483, "legends": 56752.47978, "lees_summit": 47498.83753, "cbd": 42028.354235, "log_population": 9.6533581361369318, "median_income": 77895.0, "poverty_rate": 0.1385306760453302, "bachelors_only": 0.12056538425535898, "college_plus": 0.16390527005522793, "no_college": 0.83609472994477207 }, "geometry": { "type": "MultiPolygon", "coordinates": [ [ [ [ -94.323764, 39.315803 ], [ -94.32376, 39.315991 ], [ -94.323462, 39.32333 ], [ -94.323481, 39.324659 ], [ -94.323187, 39.326262 ], [ -94.32335, 39.338936 ], [ -94.323436, 39.346134 ], [ -94.321968, 39.346447 ], [ -94.322904, 39.347655 ], [ -94.323292, 39.35136 ], [ -94.323226, 39.35136 ], [ -94.323218, 39.353167 ], [ -94.312225, 39.353396 ], [ -94.304995, 39.355207 ], [ -94.304984, 39.360651 ], [ -94.304294, 39.375148 ], [ -94.287156, 39.375084 ], [ -94.280802, 39.389255 ], [ -94.271172, 39.385637 ], [ -94.269696, 39.384418 ], [ -94.271149, 39.383188 ], [ -94.270293, 39.382205 ], [ -94.271676, 39.380174 ], [ -94.272001, 39.37766 ], [ -94.268983, 39.377379 ], [ -94.266992, 39.378158 ], [ -94.264665, 39.378886 ], [ -94.262749, 39.378642 ], [ -94.261615, 39.378064 ], [ -94.257051, 39.378195 ], [ -94.255843, 39.37902 ], [ -94.256637, 39.37982 ], [ -94.255802, 39.380551 ], [ -94.253342, 39.379718 ], [ -94.252557, 39.381309 ], [ -94.250324, 39.381322 ], [ -94.249619, 39.385322 ], [ -94.248356, 39.386312 ], [ -94.248183, 39.389827 ], [ -94.245937, 39.39031 ], [ -94.243909, 39.391866 ], [ -94.243965, 39.393026 ], [ -94.241872, 39.39536 ], [ -94.241007, 39.39506 ], [ -94.23908, 39.396685 ], [ -94.239, 39.396777 ], [ -94.238556, 39.39732 ], [ -94.236225, 39.398093 ], [ -94.234598, 39.396767 ], [ -94.216029, 39.396697 ], [ -94.216084, 39.39275 ], [ -94.216111, 39.390796 ], [ -94.215249, 39.391337 ], [ -94.214947, 39.391125 ], [ -94.212053, 39.3894 ], [ -94.211425, 39.389377 ], [ -94.21159, 39.385805 ], [ -94.208683, 39.386513 ], [ -94.20342, 39.386478 ], [ -94.203377, 39.393204 ], [ -94.211331, 39.393239 ], [ -94.211266, 39.394858 ], [ -94.211337, 39.395638 ], [ -94.211274, 39.396417 ], [ -94.201359, 39.396221 ], [ -94.20038, 39.395564 ], [ -94.200704, 39.393962 ], [ -94.198757, 39.392361 ], [ -94.198314, 39.390782 ], [ -94.19681, 39.389363 ], [ -94.193035, 39.387579 ], [ -94.18873, 39.388632 ], [ -94.186636, 39.387373 ], [ -94.187019, 39.385771 ], [ -94.186253, 39.384467 ], [ -94.182944, 39.383107 ], [ -94.183359, 39.381574 ], [ -94.178351, 39.381527 ], [ -94.177903, 39.381696 ], [ -94.1767, 39.381537 ], [ -94.178322, 39.376342 ], [ -94.177401, 39.37191 ], [ -94.179034, 39.369958 ], [ -94.180586, 39.371302 ], [ -94.182561, 39.369584 ], [ -94.182229, 39.368887 ], [ -94.182697, 39.367118 ], [ -94.174308, 39.367077 ], [ -94.173393, 39.365255 ], [ -94.173273, 39.363253 ], [ -94.173447, 39.361509 ], [ -94.171386, 39.361478 ], [ -94.170794, 39.360854 ], [ -94.166106, 39.360038 ], [ -94.159354, 39.359532 ], [ -94.159381, 39.350996 ], [ -94.158975, 39.349966 ], [ -94.157792, 39.350087 ], [ -94.154248, 39.349804 ], [ -94.149788, 39.348475 ], [ -94.145255, 39.348397 ], [ -94.145221, 39.342395 ], [ -94.140433, 39.341937 ], [ -94.13901, 39.342849 ], [ -94.139153, 39.347093 ], [ -94.132277, 39.346701 ], [ -94.130846, 39.345842 ], [ -94.127535, 39.345422 ], [ -94.125922, 39.344332 ], [ -94.122557, 39.344361 ], [ -94.120395, 39.344949 ], [ -94.117156, 39.343899 ], [ -94.117155, 39.326082 ], [ -94.113393, 39.326139 ], [ -94.112585, 39.324799 ], [ -94.112586, 39.309834 ], [ -94.112959, 39.309058 ], [ -94.112333, 39.308543 ], [ -94.112689, 39.303056 ], [ -94.124996, 39.300218 ], [ -94.12798, 39.299078 ], [ -94.135956, 39.297164 ], [ -94.135802, 39.308171 ], [ -94.149571, 39.308193 ], [ -94.150063, 39.307374 ], [ -94.150101, 39.301529 ], [ -94.162121, 39.301387 ], [ -94.164156, 39.298917 ], [ -94.165595, 39.298597 ], [ -94.165179, 39.296325 ], [ -94.167451, 39.295925 ], [ -94.167515, 39.294757 ], [ -94.170635, 39.293461 ], [ -94.170747, 39.294565 ], [ -94.172251, 39.293893 ], [ -94.174715, 39.295141 ], [ -94.175835, 39.294981 ], [ -94.177499, 39.292613 ], [ -94.179931, 39.291109 ], [ -94.181643, 39.291829 ], [ -94.181915, 39.289013 ], [ -94.183379, 39.288487 ], [ -94.183344, 39.288096 ], [ -94.18349, 39.287534 ], [ -94.190695, 39.276151 ], [ -94.192898, 39.272653 ], [ -94.192903, 39.267154 ], [ -94.192628, 39.266702 ], [ -94.189837, 39.265556 ], [ -94.186352, 39.26543 ], [ -94.18591, 39.265132 ], [ -94.185678, 39.26418 ], [ -94.18074, 39.263118 ], [ -94.17889, 39.262115 ], [ -94.172537, 39.261885 ], [ -94.171659, 39.261252 ], [ -94.172779, 39.261268 ], [ -94.174075, 39.259396 ], [ -94.175611, 39.259572 ], [ -94.176971, 39.260772 ], [ -94.179419, 39.261476 ], [ -94.180635, 39.26266 ], [ -94.180699, 39.260212 ], [ -94.181803, 39.258644 ], [ -94.184347, 39.259284 ], [ -94.186779, 39.260835 ], [ -94.19142, 39.259715 ], [ -94.192524, 39.260195 ], [ -94.192443, 39.261811 ], [ -94.194043, 39.262803 ], [ -94.195179, 39.260979 ], [ -94.198684, 39.260867 ], [ -94.196844, 39.262307 ], [ -94.196795, 39.264164 ], [ -94.198763, 39.263844 ], [ -94.204075, 39.265284 ], [ -94.212129, 39.265455 ], [ -94.212112, 39.254388 ], [ -94.216663, 39.254684 ], [ -94.221633, 39.256732 ], [ -94.221672, 39.243926 ], [ -94.226264, 39.244009 ], [ -94.226279, 39.237356 ], [ -94.2341, 39.238135 ], [ -94.245628, 39.238433 ], [ -94.243534, 39.240447 ], [ -94.239766, 39.242141 ], [ -94.235087, 39.245721 ], [ -94.233109, 39.248061 ], [ -94.232528, 39.25064 ], [ -94.230716, 39.250932 ], [ -94.230734, 39.253132 ], [ -94.231671, 39.255462 ], [ -94.234709, 39.259736 ], [ -94.241159, 39.264393 ], [ -94.244616, 39.264992 ], [ -94.249483, 39.264988 ], [ -94.255441, 39.264644 ], [ -94.258292, 39.264044 ], [ -94.259126, 39.261215 ], [ -94.263932, 39.25956 ], [ -94.270268, 39.258838 ], [ -94.274392, 39.25893 ], [ -94.277948, 39.258607 ], [ -94.278086, 39.252069 ], [ -94.285228, 39.25188 ], [ -94.287973, 39.252602 ], [ -94.290107, 39.255698 ], [ -94.29114, 39.255881 ], [ -94.293907, 39.260094 ], [ -94.295887, 39.260708 ], [ -94.299434, 39.2633 ], [ -94.29975, 39.264825 ], [ -94.302102, 39.26529 ], [ -94.30425, 39.266416 ], [ -94.291298, 39.26637 ], [ -94.291205, 39.273353 ], [ -94.291249, 39.274006 ], [ -94.291069, 39.280843 ], [ -94.288708, 39.280886 ], [ -94.289197, 39.281574 ], [ -94.289967, 39.287328 ], [ -94.287163, 39.288551 ], [ -94.284606, 39.28816 ], [ -94.280612, 39.291391 ], [ -94.279772, 39.292947 ], [ -94.279975, 39.294903 ], [ -94.279214, 39.295943 ], [ -94.277011, 39.296814 ], [ -94.27683, 39.300207 ], [ -94.278327, 39.302713 ], [ -94.281607, 39.301897 ], [ -94.284836, 39.299335 ], [ -94.289076, 39.297811 ], [ -94.295399, 39.297126 ], [ -94.295638, 39.297217 ], [ -94.295548, 39.310008 ], [ -94.314219, 39.310179 ], [ -94.314186, 39.31326 ], [ -94.313014, 39.313518 ], [ -94.315766, 39.315609 ], [ -94.319692, 39.313795 ], [ -94.323791, 39.31385 ], [ -94.323764, 39.315803 ] ] ] ] } },
{ "type": "Feature", "properties": { "ZCTA5CE20": "66202", "AFFGEOID20": "860Z200US66202", "GEOID20": "66202", "NAME20": "66202", "LSAD20": "Z5", "ALAND20": 13630476.0, "AWATER20": 33597.0, "price_2012": 139894.18582532482, "price_2026": 332220.8152674085, "log_change": 0.86491353275515337, "pct_change": 1.3748007346225757, "dollar_change": 192326.62944208368, "mci": 30949.38507, "plaza": 7000.245163, "pnl": 11286.40798, "legends": 17875.89996, "lees_summit": 27494.68854, "cbd": 9143.3265714999998, "log_population": 9.7646851496556692, "median_income": 75129.0, "poverty_rate": 0.12133049922444994, "bachelors_only": 0.339589905362776, "college_plus": 0.52618296529968456, "no_college": 0.47381703470031544 }, "geometry": { "type": "MultiPolygon", "coordinates": [ [ [ [ -94.694013, 39.007626 ], [ -94.693286, 39.014911 ], [ -94.692931, 39.018401 ], [ -94.69188, 39.022214 ], [ -94.691109, 39.025836 ], [ -94.6896, 39.03 ], [ -94.688946, 39.031208 ], [ -94.686556, 39.034119 ], [ -94.68646, 39.034144 ], [ -94.68646, 39.034232 ], [ -94.684554, 39.036124 ], [ -94.680643, 39.03853 ], [ -94.674562, 39.040882 ], [ -94.67161, 39.041712 ], [ -94.665465, 39.042376 ], [ -94.658844, 39.044038 ], [ -94.656102, 39.044029 ], [ -94.649141, 39.044029 ], [ -94.649102, 39.039665 ], [ -94.649055, 39.036786 ], [ -94.649044, 39.03317 ], [ -94.64904, 39.032749 ], [ -94.648491, 39.032741 ], [ -94.648463, 39.029917 ], [ -94.64902, 39.029953 ], [ -94.649018, 39.029488 ], [ -94.649008, 39.029368 ], [ -94.648443, 39.028847 ], [ -94.648289, 39.027809 ], [ -94.649043, 39.025836 ], [ -94.649056, 39.024003 ], [ -94.649062, 39.022289 ], [ -94.649072, 39.018542 ], [ -94.648982, 39.017082 ], [ -94.648986, 39.016068 ], [ -94.649003, 39.014893 ], [ -94.649072, 39.011285 ], [ -94.645569, 39.011309 ], [ -94.645569, 39.009487 ], [ -94.647905, 39.009481 ], [ -94.647893, 39.008609 ], [ -94.649064, 39.008124 ], [ -94.649064, 39.007624 ], [ -94.649063, 39.00716 ], [ -94.650255, 39.00717 ], [ -94.650638, 39.00763 ], [ -94.658377, 39.007655 ], [ -94.667695, 39.007688 ], [ -94.672145, 39.007687 ], [ -94.672233, 39.007787 ], [ -94.677068, 39.007756 ], [ -94.678631, 39.007788 ], [ -94.686453, 39.007684 ], [ -94.688264, 39.007669 ], [ -94.68826, 39.006143 ], [ -94.688444, 39.005862 ], [ -94.690012, 39.005772 ], [ -94.690526, 39.006108 ], [ -94.690553, 39.007648 ], [ -94.693866, 39.007628 ], [ -94.694013, 39.007626 ] ] ] ] } },
{ "type": "Feature", "properties": { "ZCTA5CE20": "66062", "AFFGEOID20": "860Z200US66062", "GEOID20": "66062", "NAME20": "66062", "LSAD20": "Z5", "ALAND20": 108956496.0, "AWATER20": 926377.0, "price_2012": 196921.45454857431, "price_2026": 441197.34438053303, "log_change": 0.80668732692051215, "pct_change": 1.2404737228451843, "dollar_change": 244275.88983195872, "mci": 51768.60039, "plaza": 28290.47839, "pnl": 34032.51103, "legends": 32121.6818, "lees_summit": 35830.33862, "cbd": 31161.49471, "log_population": 11.27518844510301, "median_income": 117585.0, "poverty_rate": 0.048926674298061711, "bachelors_only": 0.33794030137249254, "college_plus": 0.53945676168538248, "no_college": 0.46054323831461752 }, "geometry": { "type": "MultiPolygon", "coordinates": [ [ [ [ -94.871383, 38.815649 ], [ -94.871376, 38.816773 ], [ -94.867021, 38.819185 ], [ -94.858556, 38.825414 ], [ -94.853267, 38.82969 ], [ -94.84368, 38.835779 ], [ -94.836965, 38.839988 ], [ -94.836469, 38.839986 ], [ -94.834373, 38.841199 ], [ -94.83441, 38.841463 ], [ -94.828744, 38.845067 ], [ -94.816436, 38.854818 ], [ -94.81584, 38.854835 ], [ -94.815839, 38.855286 ], [ -94.806615, 38.862588 ], [ -94.800458, 38.867684 ], [ -94.796422, 38.871267 ], [ -94.795396, 38.872407 ], [ -94.794925, 38.873107 ], [ -94.791458, 38.88368 ], [ -94.791191, 38.883678 ], [ -94.787817, 38.894172 ], [ -94.78696, 38.895735 ], [ -94.785082, 38.898325 ], [ -94.785387, 38.898355 ], [ -94.782174, 38.902643 ], [ -94.779588, 38.905503 ], [ -94.777106, 38.907929 ], [ -94.771331, 38.912792 ], [ -94.76797, 38.915961 ], [ -94.764142, 38.920065 ], [ -94.763799, 38.920071 ], [ -94.760865, 38.920039 ], [ -94.751601, 38.920209 ], [ -94.751579, 38.921947 ], [ -94.747648, 38.921146 ], [ -94.744765, 38.921564 ], [ -94.74227, 38.920517 ], [ -94.742276, 38.920191 ], [ -94.742423, 38.912854 ], [ -94.742381, 38.906489 ], [ -94.742381, 38.906254 ], [ -94.742382, 38.900962 ], [ -94.742359, 38.898247 ], [ -94.742364, 38.89205 ], [ -94.742359, 38.887323 ], [ -94.742364, 38.883646 ], [ -94.742348, 38.876361 ], [ -94.742356, 38.872604 ], [ -94.742299, 38.869091 ], [ -94.723705, 38.869113 ], [ -94.719058, 38.86912 ], [ -94.719056, 38.865529 ], [ -94.714401, 38.865534 ], [ -94.714381, 38.861942 ], [ -94.719065, 38.861941 ], [ -94.719068, 38.858323 ], [ -94.714395, 38.858314 ], [ -94.714395, 38.854689 ], [ -94.723753, 38.854726 ], [ -94.733038, 38.854774 ], [ -94.733079, 38.847464 ], [ -94.736327, 38.847471 ], [ -94.736353, 38.840172 ], [ -94.73904, 38.840174 ], [ -94.74025, 38.840189 ], [ -94.742428, 38.840217 ], [ -94.742485, 38.832668 ], [ -94.742518, 38.825685 ], [ -94.742373, 38.810996 ], [ -94.736003, 38.810617 ], [ -94.734819, 38.810144 ], [ -94.733795, 38.810898 ], [ -94.732855, 38.810979 ], [ -94.723717, 38.810985 ], [ -94.717058, 38.810966 ], [ -94.717033, 38.806316 ], [ -94.715469, 38.803663 ], [ -94.72367, 38.803686 ], [ -94.723587, 38.796388 ], [ -94.732899, 38.796406 ], [ -94.74224, 38.796412 ], [ -94.742128, 38.786598 ], [ -94.742067, 38.781818 ], [ -94.760627, 38.781881 ], [ -94.779246, 38.781934 ], [ -94.779293, 38.78553 ], [ -94.788504, 38.785495 ], [ -94.788575, 38.789193 ], [ -94.792881, 38.789193 ], [ -94.792917, 38.786245 ], [ -94.797241, 38.786155 ], [ -94.797255, 38.781943 ], [ -94.801885, 38.781949 ], [ -94.801896, 38.789209 ], [ -94.806525, 38.789235 ], [ -94.806532, 38.792902 ], [ -94.815566, 38.792982 ], [ -94.81558, 38.796649 ], [ -94.825139, 38.796625 ], [ -94.825136, 38.792915 ], [ -94.834395, 38.792869 ], [ -94.834356, 38.789154 ], [ -94.839067, 38.789159 ], [ -94.839011, 38.781847 ], [ -94.861842, 38.78186 ], [ -94.861902, 38.796502 ], [ -94.861925, 38.80366 ], [ -94.853336, 38.803698 ], [ -94.853306, 38.810975 ], [ -94.862354, 38.810978 ], [ -94.871419, 38.810988 ], [ -94.871383, 38.815649 ] ] ] ] } },
{ "type": "Feature", "properties": { "ZCTA5CE20": "64747", "AFFGEOID20": "860Z200US64747", "GEOID20": "64747", "NAME20": "64747", "LSAD20": "Z5", "ALAND20": 324693403.0, "AWATER20": 2192228.0, "price_2012": 119389.07657860636, "price_2026": 293081.59489347151, "log_change": 0.89806334028147106, "pct_change": 1.4548443064680641, "dollar_change": 173692.51831486516, "mci": 93426.52168000001, "plaza": 63447.34803, "pnl": 68200.45322, "legends": 83580.66786, "lees_summit": 42098.40509, "cbd": 65823.900624999995, "log_population": 8.3430778711693829, "median_income": 82642.0, "poverty_rate": 0.09849749582637729, "bachelors_only": 0.094352617079889803, "college_plus": 0.14841597796143249, "no_college": 0.85158402203856753 }, "geometry": { "type": "MultiPolygon", "coordinates": [ [ [ [ -94.284893, 38.581491 ], [ -94.282208, 38.582536 ], [ -94.280903, 38.587107 ], [ -94.28134, 38.587116 ], [ -94.280239, 38.589621 ], [ -94.279804, 38.592902 ], [ -94.28038, 38.594252 ], [ -94.276375, 38.595764 ], [ -94.276145, 38.597945 ], [ -94.273097, 38.598877 ], [ -94.273328, 38.599963 ], [ -94.270819, 38.600314 ], [ -94.269869, 38.602304 ], [ -94.266106, 38.601537 ], [ -94.269898, 38.602577 ], [ -94.271291, 38.604484 ], [ -94.270221, 38.607169 ], [ -94.27155, 38.608094 ], [ -94.270087, 38.609306 ], [ -94.27108, 38.610388 ], [ -94.269574, 38.610735 ], [ -94.269324, 38.612773 ], [ -94.270689, 38.615019 ], [ -94.27378, 38.616035 ], [ -94.265469, 38.615848 ], [ -94.228422, 38.614829 ], [ -94.228022, 38.624974 ], [ -94.227664, 38.624518 ], [ -94.222392, 38.625237 ], [ -94.20962, 38.624949 ], [ -94.209084, 38.636183 ], [ -94.191885, 38.635701 ], [ -94.190751, 38.634614 ], [ -94.189959, 38.657715 ], [ -94.205879, 38.658201 ], [ -94.206795, 38.661598 ], [ -94.203454, 38.662798 ], [ -94.202966, 38.672704 ], [ -94.213689, 38.673031 ], [ -94.215388, 38.672954 ], [ -94.216418, 38.672095 ], [ -94.217276, 38.669761 ], [ -94.221964, 38.670034 ], [ -94.22177, 38.670471 ], [ -94.220869, 38.687772 ], [ -94.183522, 38.686757 ], [ -94.184447, 38.672123 ], [ -94.175886, 38.671845 ], [ -94.174015, 38.701125 ], [ -94.154854, 38.700592 ], [ -94.148441, 38.70047 ], [ -94.148293, 38.693184 ], [ -94.144632, 38.693098 ], [ -94.145161, 38.681707 ], [ -94.144814, 38.681565 ], [ -94.144554, 38.681315 ], [ -94.144406, 38.680782 ], [ -94.144415, 38.680349 ], [ -94.143859, 38.679472 ], [ -94.143405, 38.679134 ], [ -94.143082, 38.679044 ], [ -94.14229, 38.679075 ], [ -94.14212, 38.679303 ], [ -94.138727, 38.678111 ], [ -94.139622, 38.676687 ], [ -94.139359, 38.675546 ], [ -94.138421, 38.675362 ], [ -94.137209, 38.67671 ], [ -94.136118, 38.676256 ], [ -94.136336, 38.674579 ], [ -94.132742, 38.674375 ], [ -94.133114, 38.671803 ], [ -94.132165, 38.671265 ], [ -94.128531, 38.670962 ], [ -94.1264, 38.670617 ], [ -94.116587, 38.670289 ], [ -94.114982, 38.669609 ], [ -94.114603, 38.66878 ], [ -94.116206, 38.666032 ], [ -94.113218, 38.661952 ], [ -94.111319, 38.661069 ], [ -94.108818, 38.660817 ], [ -94.103669, 38.661561 ], [ -94.094885, 38.665106 ], [ -94.091739, 38.664613 ], [ -94.087801, 38.66329 ], [ -94.086519, 38.662357 ], [ -94.086267, 38.664466 ], [ -94.086315, 38.660236 ], [ -94.086811, 38.656243 ], [ -94.086586, 38.653804 ], [ -94.08496, 38.651794 ], [ -94.083586, 38.647427 ], [ -94.084516, 38.644241 ], [ -94.08469, 38.638336 ], [ -94.08458, 38.633234 ], [ -94.057952, 38.63258 ], [ -94.052226, 38.632645 ], [ -94.05284, 38.618292 ], [ -94.048192, 38.61784 ], [ -94.048495, 38.61075 ], [ -94.034574, 38.610384 ], [ -94.034662, 38.606822 ], [ -94.025324, 38.606451 ], [ -94.026209, 38.581092 ], [ -94.030347, 38.581171 ], [ -94.031056, 38.579486 ], [ -94.031568, 38.56666 ], [ -94.064317, 38.56738 ], [ -94.078007, 38.567731 ], [ -94.10116, 38.568137 ], [ -94.119664, 38.568712 ], [ -94.120237, 38.554161 ], [ -94.15697, 38.554953 ], [ -94.157911, 38.530462 ], [ -94.176311, 38.531032 ], [ -94.176397, 38.52633 ], [ -94.187921, 38.526595 ], [ -94.172467, 38.51185 ], [ -94.177033, 38.511806 ], [ -94.177078, 38.510447 ], [ -94.169214, 38.505482 ], [ -94.159153, 38.498696 ], [ -94.159982, 38.473895 ], [ -94.160335, 38.467916 ], [ -94.159595, 38.467896 ], [ -94.156562, 38.467817 ], [ -94.141941, 38.467441 ], [ -94.141366, 38.479622 ], [ -94.131914, 38.469338 ], [ -94.129875, 38.466806 ], [ -94.130317, 38.462903 ], [ -94.129822, 38.462102 ], [ -94.120009, 38.462028 ], [ -94.114999, 38.461353 ], [ -94.111533, 38.460002 ], [ -94.108005, 38.457653 ], [ -94.106085, 38.455884 ], [ -94.109233, 38.455789 ], [ -94.108155, 38.454665 ], [ -94.109959, 38.452651 ], [ -94.114481, 38.452215 ], [ -94.116713, 38.452901 ], [ -94.118286, 38.451826 ], [ -94.124848, 38.452941 ], [ -94.132773, 38.453834 ], [ -94.138329, 38.453366 ], [ -94.140929, 38.451725 ], [ -94.143006, 38.45124 ], [ -94.145955, 38.451181 ], [ -94.147682, 38.450673 ], [ -94.149111, 38.450857 ], [ -94.151386, 38.453422 ], [ -94.152843, 38.453229 ], [ -94.152263, 38.449892 ], [ -94.155347, 38.450025 ], [ -94.157205, 38.44863 ], [ -94.158326, 38.448814 ], [ -94.159082, 38.450714 ], [ -94.161033, 38.450783 ], [ -94.161528, 38.449844 ], [ -94.164439, 38.449227 ], [ -94.165602, 38.450372 ], [ -94.168076, 38.450189 ], [ -94.167553, 38.44758 ], [ -94.16863, 38.447213 ], [ -94.169416, 38.448221 ], [ -94.172384, 38.449869 ], [ -94.173781, 38.449846 ], [ -94.172821, 38.448038 ], [ -94.170609, 38.446848 ], [ -94.170959, 38.446001 ], [ -94.174043, 38.446917 ], [ -94.174102, 38.445452 ], [ -94.17662, 38.445921 ], [ -94.179515, 38.445635 ], [ -94.180795, 38.447421 ], [ -94.182163, 38.447627 ], [ -94.1826, 38.446116 ], [ -94.184899, 38.446139 ], [ -94.185976, 38.446848 ], [ -94.185918, 38.448405 ], [ -94.186674, 38.449366 ], [ -94.189643, 38.450625 ], [ -94.189992, 38.45003 ], [ -94.187664, 38.448725 ], [ -94.189963, 38.44726 ], [ -94.193164, 38.447626 ], [ -94.19491, 38.446894 ], [ -94.200524, 38.445358 ], [ -94.202566, 38.446368 ], [ -94.203729, 38.447877 ], [ -94.206173, 38.447099 ], [ -94.206611, 38.449662 ], [ -94.207512, 38.450784 ], [ -94.210661, 38.45004 ], [ -94.211239, 38.448904 ], [ -94.209375, 38.448219 ], [ -94.209811, 38.447121 ], [ -94.212023, 38.446754 ], [ -94.212955, 38.448379 ], [ -94.214788, 38.448195 ], [ -94.216186, 38.446753 ], [ -94.217933, 38.450186 ], [ -94.22282, 38.448309 ], [ -94.223812, 38.448696 ], [ -94.222474, 38.450937 ], [ -94.222883, 38.452904 ], [ -94.225065, 38.452741 ], [ -94.225938, 38.451046 ], [ -94.229257, 38.45237 ], [ -94.226667, 38.452667 ], [ -94.226144, 38.453318 ], [ -94.228776, 38.454808 ], [ -94.228315, 38.45572 ], [ -94.226405, 38.455631 ], [ -94.224979, 38.457425 ], [ -94.226694, 38.459239 ], [ -94.227168, 38.457275 ], [ -94.231541, 38.458392 ], [ -94.232927, 38.457821 ], [ -94.235298, 38.458016 ], [ -94.238403, 38.455801 ], [ -94.239824, 38.45648 ], [ -94.238048, 38.458332 ], [ -94.237787, 38.459728 ], [ -94.239326, 38.460262 ], [ -94.244878, 38.455635 ], [ -94.246892, 38.455071 ], [ -94.249865, 38.455912 ], [ -94.249827, 38.465018 ], [ -94.254255, 38.465127 ], [ -94.253998, 38.470202 ], [ -94.252604, 38.47016 ], [ -94.251871, 38.48471 ], [ -94.256504, 38.484828 ], [ -94.256326, 38.489834 ], [ -94.269811, 38.498748 ], [ -94.26907, 38.517895 ], [ -94.279054, 38.518184 ], [ -94.278511, 38.529033 ], [ -94.281291, 38.529101 ], [ -94.280681, 38.538624 ], [ -94.277245, 38.543549 ], [ -94.280206, 38.545971 ], [ -94.279419, 38.55795 ], [ -94.285858, 38.558158 ], [ -94.284893, 38.581491 ] ] ] ] } },
{ "type": "Feature", "properties": { "ZCTA5CE20": "66030", "AFFGEOID20": "860Z200US66030", "GEOID20": "66030", "NAME20": "66030", "LSAD20": "Z5", "ALAND20": 120221842.0, "AWATER20": 1190200.0, "price_2012": 155397.86349909185, "price_2026": 354655.17467727565, "log_change": 0.8251572890408454, "pct_change": 1.2822397083943708, "dollar_change": 199257.31117818379, "mci": 57208.09193, "plaza": 39417.85275, "pnl": 44344.19201, "legends": 35563.1625, "lees_summit": 49609.17667, "cbd": 41881.02238, "log_population": 10.178388290623175, "median_income": 97822.0, "poverty_rate": 0.060700299470168161, "bachelors_only": 0.2274884437596302, "college_plus": 0.33171032357473035, "no_college": 0.66828967642526971 }, "geometry": { "type": "MultiPolygon", "coordinates": [ [ [ [ -95.037648, 38.855193 ], [ -95.018974, 38.854949 ], [ -95.018938, 38.869516 ], [ -95.003528, 38.869463 ], [ -95.004964, 38.870797 ], [ -95.002169, 38.871626 ], [ -95.00306, 38.875628 ], [ -95.002028, 38.876945 ], [ -94.92733, 38.876851 ], [ -94.9274, 38.869219 ], [ -94.908901, 38.869113 ], [ -94.908981, 38.854561 ], [ -94.913461, 38.854592 ], [ -94.913316, 38.852174 ], [ -94.911293, 38.852101 ], [ -94.911138, 38.847377 ], [ -94.918186, 38.847286 ], [ -94.918192, 38.840116 ], [ -94.916488, 38.840101 ], [ -94.915254, 38.840056 ], [ -94.908968, 38.840018 ], [ -94.908989, 38.832782 ], [ -94.90899, 38.830752 ], [ -94.909008, 38.825507 ], [ -94.908978, 38.818237 ], [ -94.90471, 38.818102 ], [ -94.902422, 38.818117 ], [ -94.902016, 38.818125 ], [ -94.902039, 38.817505 ], [ -94.901776, 38.81681 ], [ -94.900704, 38.814995 ], [ -94.900656, 38.814911 ], [ -94.898217, 38.814841 ], [ -94.895656, 38.813855 ], [ -94.889878, 38.814905 ], [ -94.888744, 38.815224 ], [ -94.886985, 38.815843 ], [ -94.884901, 38.816809 ], [ -94.883023, 38.817938 ], [ -94.881917, 38.818747 ], [ -94.880879, 38.819635 ], [ -94.880877, 38.819148 ], [ -94.880885, 38.818128 ], [ -94.880909, 38.81335 ], [ -94.87826, 38.813947 ], [ -94.871374, 38.817045 ], [ -94.871376, 38.816773 ], [ -94.871383, 38.815649 ], [ -94.871419, 38.810988 ], [ -94.862354, 38.810978 ], [ -94.853306, 38.810975 ], [ -94.853336, 38.803698 ], [ -94.861925, 38.80366 ], [ -94.861902, 38.796502 ], [ -94.861842, 38.78186 ], [ -94.871538, 38.781862 ], [ -94.880629, 38.781862 ], [ -94.880511, 38.760201 ], [ -94.899043, 38.760211 ], [ -94.899088, 38.752848 ], [ -94.890066, 38.752883 ], [ -94.889992, 38.738358 ], [ -94.899331, 38.738323 ], [ -94.908606, 38.738281 ], [ -94.917842, 38.73833 ], [ -94.92718, 38.73836 ], [ -94.956814, 38.73851 ], [ -94.955126, 38.739638 ], [ -94.954984, 38.741907 ], [ -94.946084, 38.74198 ], [ -94.945776, 38.753023 ], [ -94.936367, 38.752996 ], [ -94.93641, 38.763853 ], [ -94.939896, 38.763865 ], [ -94.939909, 38.767475 ], [ -94.940102, 38.767475 ], [ -94.943515, 38.767479 ], [ -94.94353, 38.770488 ], [ -94.949459, 38.767359 ], [ -94.945907, 38.769301 ], [ -94.945909, 38.771275 ], [ -94.955125, 38.771149 ], [ -94.955027, 38.782078 ], [ -94.952627, 38.78213 ], [ -94.945789, 38.7821 ], [ -94.94579, 38.785695 ], [ -94.945793, 38.788671 ], [ -94.945794, 38.789334 ], [ -94.945812, 38.798378 ], [ -94.964067, 38.789215 ], [ -94.966295, 38.788982 ], [ -94.968061, 38.787335 ], [ -94.973527, 38.783901 ], [ -94.973572, 38.787389 ], [ -94.973569, 38.787932 ], [ -94.973584, 38.789438 ], [ -94.973729, 38.796743 ], [ -94.973572, 38.811161 ], [ -94.992251, 38.811177 ], [ -94.992171, 38.796766 ], [ -95.001392, 38.796786 ], [ -95.001401, 38.84036 ], [ -95.037675, 38.840615 ], [ -95.037648, 38.855193 ] ] ] ] } },
{ "type": "Feature", "properties": { "ZCTA5CE20": "64742", "AFFGEOID20": "860Z200US64742", "GEOID20": "64742", "NAME20": "64742", "LSAD20": "Z5", "ALAND20": 199775411.0, "AWATER20": 1110812.0, "price_2012": 131543.65715650524, "price_2026": 320258.1091084432, "log_change": 0.8897884715322455, "pct_change": 1.4346146065211889, "dollar_change": 188714.45195193795, "mci": 90074.21194, "plaza": 60324.82731, "pnl": 66540.07009, "legends": 73594.20323, "lees_summit": 48102.00654, "cbd": 63432.4487, "log_population": 7.6893711075296904, "median_income": 71442.0, "poverty_rate": 0.074125230202578274, "bachelors_only": 0.1164337990685296, "college_plus": 0.17697937458416502, "no_college": 0.82302062541583498 }, "geometry": { "type": "MultiPolygon", "coordinates": [ [ [ [ -94.613157934599997, 38.434190922527399 ], [ -94.613073936201502, 38.446672680550797 ], [ -94.612884400045402, 38.474836841746601 ], [ -94.612866, 38.477571 ], [ -94.612865045280202, 38.477602354121998 ], [ -94.612696, 38.483154 ], [ -94.612726, 38.484367 ], [ -94.612644, 38.491644 ], [ -94.612642649993504, 38.491848217513301 ], [ -94.612616264985604, 38.495839517380901 ], [ -94.612546823884998, 38.506343977209099 ], [ -94.6124647571678, 38.5187583330626 ], [ -94.612453132413094, 38.520516827204098 ], [ -94.612280198346397, 38.546676823801597 ], [ -94.612274182469505, 38.547586854546203 ], [ -94.612274048650306, 38.547607097579103 ], [ -94.612272, 38.547917 ], [ -94.612157, 38.549817 ], [ -94.612168172246797, 38.565533999166703 ], [ -94.612176, 38.576546 ], [ -94.611902, 38.58011 ], [ -94.611887, 38.580139 ], [ -94.611887069156197, 38.580234939400299 ], [ -94.585527, 38.579253 ], [ -94.585454, 38.576806 ], [ -94.584165, 38.575727 ], [ -94.581442, 38.575651 ], [ -94.580964, 38.574604 ], [ -94.576592, 38.574229 ], [ -94.576646, 38.572344 ], [ -94.575565, 38.571999 ], [ -94.575824, 38.564787 ], [ -94.566067, 38.564333 ], [ -94.56461, 38.564095 ], [ -94.562754, 38.564293 ], [ -94.545029, 38.563824 ], [ -94.526529, 38.563263 ], [ -94.526332, 38.563168 ], [ -94.516182, 38.562861 ], [ -94.508147, 38.562595 ], [ -94.507376, 38.577325 ], [ -94.485179, 38.576693 ], [ -94.484522, 38.576063 ], [ -94.484629, 38.573004 ], [ -94.466498, 38.572672 ], [ -94.465961, 38.576164 ], [ -94.464581, 38.576322 ], [ -94.465051, 38.569203 ], [ -94.465412, 38.561738 ], [ -94.465904, 38.555047 ], [ -94.460871, 38.554945 ], [ -94.461043, 38.551851 ], [ -94.459811, 38.550113 ], [ -94.458615, 38.549689 ], [ -94.45444, 38.55017 ], [ -94.451244, 38.549028 ], [ -94.449723, 38.55014 ], [ -94.447363, 38.548072 ], [ -94.444919, 38.548047 ], [ -94.443993, 38.546417 ], [ -94.444197, 38.543198 ], [ -94.451921, 38.543368 ], [ -94.454034, 38.54207 ], [ -94.458715, 38.540596 ], [ -94.459153, 38.539984 ], [ -94.459623, 38.534334 ], [ -94.460774, 38.532536 ], [ -94.462607, 38.532289 ], [ -94.46193, 38.530874 ], [ -94.463565, 38.531351 ], [ -94.463257, 38.529174 ], [ -94.463878, 38.527287 ], [ -94.465803, 38.525764 ], [ -94.463447, 38.520858 ], [ -94.46341, 38.516957 ], [ -94.462254, 38.516301 ], [ -94.463726, 38.514438 ], [ -94.468713, 38.513877 ], [ -94.470151, 38.513365 ], [ -94.470863, 38.512055 ], [ -94.470885, 38.511026 ], [ -94.468291, 38.510976 ], [ -94.468545, 38.503942 ], [ -94.468658, 38.500517 ], [ -94.46817, 38.500042 ], [ -94.464101, 38.499979 ], [ -94.464476, 38.489144 ], [ -94.455255, 38.488981 ], [ -94.455759, 38.474413 ], [ -94.491082, 38.475135 ], [ -94.491343, 38.472345 ], [ -94.49051, 38.471442 ], [ -94.490708, 38.464425 ], [ -94.493261, 38.462356 ], [ -94.494627, 38.458934 ], [ -94.494276, 38.457066 ], [ -94.49152, 38.451306 ], [ -94.489786, 38.449225 ], [ -94.488458, 38.448704 ], [ -94.489261, 38.447468 ], [ -94.488582, 38.44576 ], [ -94.487478, 38.445458 ], [ -94.485416, 38.443064 ], [ -94.48529, 38.442021 ], [ -94.486854, 38.441438 ], [ -94.48672, 38.440306 ], [ -94.492753, 38.438195 ], [ -94.494374, 38.438366 ], [ -94.496042, 38.437792 ], [ -94.498079, 38.435451 ], [ -94.498078, 38.43421 ], [ -94.49941, 38.432473 ], [ -94.502428, 38.431471 ], [ -94.50423, 38.430247 ], [ -94.509201, 38.430358 ], [ -94.50932, 38.426666 ], [ -94.527505, 38.427097 ], [ -94.534408, 38.427289 ], [ -94.534327, 38.426776 ], [ -94.536129, 38.425749 ], [ -94.535263, 38.424875 ], [ -94.536835, 38.424112 ], [ -94.53657, 38.42325 ], [ -94.537855, 38.4223 ], [ -94.540005, 38.422993 ], [ -94.541261, 38.42391 ], [ -94.541945, 38.425492 ], [ -94.545278, 38.42758 ], [ -94.582524, 38.428234 ], [ -94.582961, 38.41822 ], [ -94.584476, 38.417469 ], [ -94.586241, 38.417511 ], [ -94.587464, 38.416504 ], [ -94.587835, 38.406713 ], [ -94.594827, 38.406849 ], [ -94.612812, 38.40725 ], [ -94.613341647890906, 38.406892011089802 ], [ -94.613157934599997, 38.434190922527399 ] ] ] ] } },
{ "type": "Feature", "properties": { "ZCTA5CE20": "66212", "AFFGEOID20": "860Z200US66212", "GEOID20": "66212", "NAME20": "66212", "LSAD20": "Z5", "ALAND20": 19683325.0, "AWATER20": 51726.0, "price_2012": 154242.00135917185, "price_2026": 367353.27030961594, "log_change": 0.86780116806689378, "pct_change": 1.3816682036833001, "dollar_change": 213111.26895044409, "mci": 38300.02423, "plaza": 12317.76651, "pnl": 18067.56115, "legends": 22662.34655, "lees_summit": 26193.4227, "cbd": 15192.66383, "log_population": 10.401744520626263, "median_income": 81477.0, "poverty_rate": 0.070157740278796774, "bachelors_only": 0.32289559327997186, "college_plus": 0.49212771571818104, "no_college": 0.50787228428181896 }, "geometry": { "type": "MultiPolygon", "coordinates": [ [ [ [ -94.70535, 38.94595 ], [ -94.704925, 38.946029 ], [ -94.704955, 38.94931 ], [ -94.704959, 38.951798 ], [ -94.704963, 38.956584 ], [ -94.704437, 38.956587 ], [ -94.704445, 38.957338 ], [ -94.704958, 38.958076 ], [ -94.704968, 38.963862 ], [ -94.704783, 38.965153 ], [ -94.705011, 38.971136 ], [ -94.705017, 38.974745 ], [ -94.705016, 38.978376 ], [ -94.703745, 38.978388 ], [ -94.701941, 38.978392 ], [ -94.7003, 38.978297 ], [ -94.70029, 38.977632 ], [ -94.697451, 38.978728 ], [ -94.695704, 38.978466 ], [ -94.69514, 38.978464 ], [ -94.695144, 38.977593 ], [ -94.693424, 38.977884 ], [ -94.692311, 38.978189 ], [ -94.692395, 38.978498 ], [ -94.691029, 38.9785 ], [ -94.686359, 38.978519 ], [ -94.686354, 38.978137 ], [ -94.682481, 38.978183 ], [ -94.67949, 38.978526 ], [ -94.679349, 38.977911 ], [ -94.678253, 38.978733 ], [ -94.677018, 38.978041 ], [ -94.676924, 38.979007 ], [ -94.675521, 38.978525 ], [ -94.667653, 38.978548 ], [ -94.659464, 38.978566 ], [ -94.658889, 38.978067 ], [ -94.658901, 38.972278 ], [ -94.658308, 38.972277 ], [ -94.658313, 38.971317 ], [ -94.658324, 38.964037 ], [ -94.659351, 38.964031 ], [ -94.658329, 38.962989 ], [ -94.65834, 38.956749 ], [ -94.65889, 38.956746 ], [ -94.659923, 38.955196 ], [ -94.65819, 38.94981 ], [ -94.657675, 38.949943 ], [ -94.65696, 38.947458 ], [ -94.657932, 38.94209 ], [ -94.658244, 38.934782 ], [ -94.662993, 38.934771 ], [ -94.667562, 38.934239 ], [ -94.671732, 38.933387 ], [ -94.672526, 38.933619 ], [ -94.672589, 38.93289 ], [ -94.679453, 38.934105 ], [ -94.686347, 38.934277 ], [ -94.698479, 38.935006 ], [ -94.704748, 38.934949 ], [ -94.705029, 38.942029 ], [ -94.70535, 38.94595 ] ] ] ] } },
{ "type": "Feature", "properties": { "ZCTA5CE20": "64454", "AFFGEOID20": "860Z200US64454", "GEOID20": "64454", "NAME20": "64454", "LSAD20": "Z5", "ALAND20": 185804539.0, "AWATER20": 732189.0, "price_2012": 130756.1713126094, "price_2026": 310430.34156654379, "log_change": 0.86462523226127175, "pct_change": 1.3741161770817896, "dollar_change": 179674.1702539344, "mci": 35763.28968, "plaza": 62766.96902, "pnl": 56496.45219, "legends": 57474.58982, "lees_summit": 78991.98404, "cbd": 59631.710605, "log_population": 7.9865049385539955, "median_income": 87262.0, "poverty_rate": 0.1099092812281926, "bachelors_only": 0.21536066424494033, "college_plus": 0.3694862480539699, "no_college": 0.6305137519460301 }, "geometry": { "type": "MultiPolygon", "coordinates": [ [ [ [ -94.716238, 39.577126 ], [ -94.715767, 39.579037 ], [ -94.694434, 39.579426 ], [ -94.694387, 39.586761 ], [ -94.684067, 39.586914 ], [ -94.681278, 39.589997 ], [ -94.680352, 39.593573 ], [ -94.680322, 39.60149 ], [ -94.664561, 39.601487 ], [ -94.664259, 39.598594 ], [ -94.665574, 39.598446 ], [ -94.664247, 39.596988 ], [ -94.660703, 39.595562 ], [ -94.661864, 39.594198 ], [ -94.657943, 39.58986 ], [ -94.655652, 39.591489 ], [ -94.656843, 39.592177 ], [ -94.654264, 39.597491 ], [ -94.653078, 39.595135 ], [ -94.652166, 39.596565 ], [ -94.649169, 39.599169 ], [ -94.650091, 39.601558 ], [ -94.647718, 39.601686 ], [ -94.645821, 39.602434 ], [ -94.644258, 39.601763 ], [ -94.638175, 39.601909 ], [ -94.638171, 39.606314 ], [ -94.636585, 39.606878 ], [ -94.633825, 39.609872 ], [ -94.633439, 39.612041 ], [ -94.633345, 39.61684 ], [ -94.656371, 39.616836 ], [ -94.656708, 39.62018 ], [ -94.656384, 39.622752 ], [ -94.658619, 39.626054 ], [ -94.661664, 39.62699 ], [ -94.665266, 39.62694 ], [ -94.668025, 39.628468 ], [ -94.667943, 39.636843 ], [ -94.667592, 39.638835 ], [ -94.667307, 39.645119 ], [ -94.666595, 39.650443 ], [ -94.665586, 39.65307 ], [ -94.665474, 39.658947 ], [ -94.664368, 39.662161 ], [ -94.664336, 39.667581 ], [ -94.666203, 39.668552 ], [ -94.66155, 39.671999 ], [ -94.65848, 39.674391 ], [ -94.656665, 39.679059 ], [ -94.65629, 39.681774 ], [ -94.655399, 39.681883 ], [ -94.655076, 39.681164 ], [ -94.652535, 39.680904 ], [ -94.650463, 39.679646 ], [ -94.64662, 39.675748 ], [ -94.646699, 39.667534 ], [ -94.63257, 39.667446 ], [ -94.632216, 39.689161 ], [ -94.61559, 39.689027 ], [ -94.608957, 39.688965 ], [ -94.607061, 39.688966 ], [ -94.604632, 39.68467 ], [ -94.604464, 39.674678 ], [ -94.602904, 39.672683 ], [ -94.602247, 39.672885 ], [ -94.602271, 39.667324 ], [ -94.574677, 39.667282 ], [ -94.571834, 39.667149 ], [ -94.532006, 39.6671 ], [ -94.53146, 39.666549 ], [ -94.531347, 39.663759 ], [ -94.526759, 39.663304 ], [ -94.526731, 39.653544 ], [ -94.522089, 39.649041 ], [ -94.521576, 39.646434 ], [ -94.517822, 39.645204 ], [ -94.517773, 39.64516 ], [ -94.517391, 39.644602 ], [ -94.517267, 39.641432 ], [ -94.516875, 39.639204 ], [ -94.515684, 39.638583 ], [ -94.511128, 39.638489 ], [ -94.508628, 39.637738 ], [ -94.508079, 39.636675 ], [ -94.50785, 39.629788 ], [ -94.504191, 39.623664 ], [ -94.500987, 39.623227 ], [ -94.500934, 39.6171 ], [ -94.499118, 39.615965 ], [ -94.494391, 39.608726 ], [ -94.494187, 39.598059 ], [ -94.512287, 39.598166 ], [ -94.513146, 39.597585 ], [ -94.513273, 39.591564 ], [ -94.512054, 39.59087 ], [ -94.509728, 39.590839 ], [ -94.508608, 39.590052 ], [ -94.508693, 39.583823 ], [ -94.527392, 39.583642 ], [ -94.528081, 39.543536 ], [ -94.499207, 39.543356 ], [ -94.500019, 39.542995 ], [ -94.500522, 39.539755 ], [ -94.508273, 39.539784 ], [ -94.508558, 39.539852 ], [ -94.509754, 39.540647 ], [ -94.522857, 39.540805 ], [ -94.523431, 39.540773 ], [ -94.52377, 39.539831 ], [ -94.528178, 39.539871 ], [ -94.528277, 39.539871 ], [ -94.54535, 39.540045 ], [ -94.564308, 39.540191 ], [ -94.565813, 39.540204 ], [ -94.601243, 39.540508 ], [ -94.601252, 39.541479 ], [ -94.601246, 39.543738 ], [ -94.601252, 39.558063 ], [ -94.628693, 39.558135 ], [ -94.627696, 39.553167 ], [ -94.630423, 39.551744 ], [ -94.631055, 39.550849 ], [ -94.635346, 39.548816 ], [ -94.637725, 39.548298 ], [ -94.640768, 39.545922 ], [ -94.645733, 39.545833 ], [ -94.647094, 39.546961 ], [ -94.650341, 39.546865 ], [ -94.651106, 39.547705 ], [ -94.65442, 39.54781 ], [ -94.657078, 39.546821 ], [ -94.65701, 39.557853 ], [ -94.636482, 39.558708 ], [ -94.63632, 39.560313 ], [ -94.634702, 39.563431 ], [ -94.635606, 39.564206 ], [ -94.636815, 39.567538 ], [ -94.639025, 39.569511 ], [ -94.642268, 39.570558 ], [ -94.642858, 39.571612 ], [ -94.642147, 39.572937 ], [ -94.644507, 39.571659 ], [ -94.644434, 39.570018 ], [ -94.6478, 39.569343 ], [ -94.649714, 39.569494 ], [ -94.650961, 39.570519 ], [ -94.653428, 39.570459 ], [ -94.653015, 39.568695 ], [ -94.657385, 39.567686 ], [ -94.65866, 39.567645 ], [ -94.661653, 39.568821 ], [ -94.662961, 39.570622 ], [ -94.66485, 39.569062 ], [ -94.66896, 39.570377 ], [ -94.670419, 39.570072 ], [ -94.671131, 39.568395 ], [ -94.673272, 39.567412 ], [ -94.672339, 39.566071 ], [ -94.675301, 39.565426 ], [ -94.67438, 39.563494 ], [ -94.674313, 39.561335 ], [ -94.672139, 39.559198 ], [ -94.669445, 39.559076 ], [ -94.665327, 39.557103 ], [ -94.664091, 39.555879 ], [ -94.662076, 39.551399 ], [ -94.661212, 39.548216 ], [ -94.659499, 39.547882 ], [ -94.658657, 39.546192 ], [ -94.658857, 39.545913 ], [ -94.660567, 39.548034 ], [ -94.664424, 39.5477 ], [ -94.666654, 39.546469 ], [ -94.668892, 39.546299 ], [ -94.675998, 39.546684 ], [ -94.676726, 39.548061 ], [ -94.676261, 39.549977 ], [ -94.676745, 39.551196 ], [ -94.678229, 39.552134 ], [ -94.680822, 39.551355 ], [ -94.683567, 39.552144 ], [ -94.685419, 39.554922 ], [ -94.686459, 39.555651 ], [ -94.694379, 39.554161 ], [ -94.69512, 39.555083 ], [ -94.695243, 39.557469 ], [ -94.695939, 39.559046 ], [ -94.698745, 39.559312 ], [ -94.701286, 39.560837 ], [ -94.702652, 39.562271 ], [ -94.706076, 39.563959 ], [ -94.707311, 39.565026 ], [ -94.70846, 39.567363 ], [ -94.710917, 39.568929 ], [ -94.714771, 39.570201 ], [ -94.714428, 39.572107 ], [ -94.717882, 39.574402 ], [ -94.716238, 39.577126 ] ] ] ] } },
{ "type": "Feature", "properties": { "ZCTA5CE20": "66010", "AFFGEOID20": "860Z200US66010", "GEOID20": "66010", "NAME20": "66010", "LSAD20": "Z5", "ALAND20": 230033373.0, "AWATER20": 1146734.0, "price_2012": 53890.281652132689, "price_2026": 239233.49151293305, "log_change": 1.4904898686031025, "pct_change": 3.4392696452620131, "dollar_change": 185343.20986080036, "mci": 136137.9191, "plaza": 110987.9778, "pnl": 117248.2197, "legends": 115324.0029, "lees_summit": 105474.7022, "cbd": 114118.09875, "log_population": 6.4393503711000983, "median_income": 44318.0, "poverty_rate": 0.15015974440894569, "bachelors_only": 0.16041666666666668, "college_plus": 0.16041666666666668, "no_college": 0.83958333333333335 }, "geometry": { "type": "MultiPolygon", "coordinates": [ [ [ [ -95.077067, 38.095891 ], [ -95.076769, 38.096444 ], [ -95.076712, 38.15412 ], [ -95.076667, 38.168252 ], [ -95.076751, 38.182665 ], [ -95.048652, 38.182801 ], [ -95.05849, 38.171898 ], [ -95.058384, 38.154029 ], [ -95.036319, 38.153808 ], [ -95.035321, 38.155357 ], [ -95.033129, 38.157256 ], [ -95.032187, 38.157332 ], [ -95.030164, 38.160832 ], [ -95.031334, 38.163505 ], [ -95.029731, 38.164471 ], [ -95.027031, 38.164325 ], [ -95.025027, 38.166289 ], [ -95.024775, 38.168256 ], [ -95.006883, 38.168207 ], [ -95.006891, 38.153712 ], [ -94.988562, 38.153676 ], [ -94.988486, 38.168123 ], [ -94.970061, 38.168038 ], [ -94.970057, 38.160869 ], [ -94.915395, 38.16062 ], [ -94.915133, 38.153351 ], [ -94.9129, 38.153324 ], [ -94.912839, 38.149911 ], [ -94.914805, 38.148467 ], [ -94.915202, 38.146099 ], [ -94.91775, 38.146118 ], [ -94.919633, 38.144722 ], [ -94.921649, 38.144525 ], [ -94.924649, 38.142553 ], [ -94.932996, 38.142428 ], [ -94.933302, 38.109807 ], [ -94.915286, 38.109878 ], [ -94.915391, 38.095317 ], [ -94.869434, 38.095374 ], [ -94.869416, 38.080759 ], [ -94.870218, 38.073651 ], [ -94.841926, 38.073902 ], [ -94.842103, 38.052032 ], [ -94.867665, 38.051817 ], [ -94.878999, 38.051825 ], [ -94.878348, 38.073628 ], [ -94.897095, 38.073275 ], [ -94.897439, 38.037289 ], [ -94.915215, 38.037539 ], [ -94.933163, 38.037177 ], [ -94.950827, 38.037111 ], [ -94.969678, 38.037569 ], [ -94.969478, 38.022837 ], [ -94.98798, 38.022987 ], [ -94.987789, 38.017621 ], [ -94.98964, 38.018894 ], [ -94.993406, 38.019372 ], [ -94.996261, 38.020847 ], [ -94.999115, 38.019158 ], [ -95.000248, 38.017596 ], [ -95.001636, 38.018432 ], [ -95.004221, 38.018356 ], [ -95.006118, 38.017685 ], [ -95.008593, 38.015058 ], [ -95.014283, 38.015989 ], [ -95.016664, 38.014088 ], [ -95.01897, 38.01464 ], [ -95.023732, 38.014643 ], [ -95.024561, 38.012973 ], [ -95.026907, 38.011661 ], [ -95.029149, 38.011153 ], [ -95.030856, 38.013982 ], [ -95.032946, 38.015792 ], [ -95.034246, 38.016172 ], [ -95.035181, 38.01896 ], [ -95.034389, 38.020239 ], [ -95.035235, 38.022216 ], [ -95.037428, 38.022206 ], [ -95.041499, 38.02123 ], [ -95.041303, 38.030412 ], [ -95.05965, 38.030521 ], [ -95.059549, 38.037671 ], [ -95.077876, 38.037706 ], [ -95.077067, 38.095891 ] ] ] ] } },
{ "type": "Feature", "properties": { "ZCTA5CE20": "64720", "AFFGEOID20": "860Z200US64720", "GEOID20": "64720", "NAME20": "64720", "LSAD20": "Z5", "ALAND20": 343992353.0, "AWATER20": 1898010.0, "price_2012": 91823.292487880593, "price_2026": 280042.68411057472, "log_change": 1.1150760385559835, "pct_change": 2.0498000727597137, "dollar_change": 188219.39162269412, "mci": 104669.2036, "plaza": 74089.84722, "pnl": 79852.57831, "legends": 90562.88126, "lees_summit": 56741.87879, "cbd": 76971.212765000004, "log_population": 8.4104984527452746, "median_income": 75479.0, "poverty_rate": 0.074673864147548355, "bachelors_only": 0.085911784068466099, "college_plus": 0.13199473337722187, "no_college": 0.8680052666227781 }, "geometry": { "type": "MultiPolygon", "coordinates": [ [ [ [ -94.50932, 38.426666 ], [ -94.509201, 38.430358 ], [ -94.50423, 38.430247 ], [ -94.502428, 38.431471 ], [ -94.49941, 38.432473 ], [ -94.498078, 38.43421 ], [ -94.498079, 38.435451 ], [ -94.496042, 38.437792 ], [ -94.494374, 38.438366 ], [ -94.492753, 38.438195 ], [ -94.48672, 38.440306 ], [ -94.486854, 38.441438 ], [ -94.48529, 38.442021 ], [ -94.485416, 38.443064 ], [ -94.487478, 38.445458 ], [ -94.488582, 38.44576 ], [ -94.489261, 38.447468 ], [ -94.488458, 38.448704 ], [ -94.489786, 38.449225 ], [ -94.49152, 38.451306 ], [ -94.494276, 38.457066 ], [ -94.494627, 38.458934 ], [ -94.493261, 38.462356 ], [ -94.490708, 38.464425 ], [ -94.49051, 38.471442 ], [ -94.491343, 38.472345 ], [ -94.491082, 38.475135 ], [ -94.455759, 38.474413 ], [ -94.428027, 38.473881 ], [ -94.426056, 38.473851 ], [ -94.425358, 38.473772 ], [ -94.4149, 38.473582 ], [ -94.399901, 38.473379 ], [ -94.398782, 38.473356 ], [ -94.399163, 38.453262 ], [ -94.358709, 38.452503 ], [ -94.35735, 38.452435 ], [ -94.356512, 38.439447 ], [ -94.354557, 38.434555 ], [ -94.35438, 38.43382 ], [ -94.353024, 38.430747 ], [ -94.342806, 38.430539 ], [ -94.342324, 38.445073 ], [ -94.305501, 38.44451 ], [ -94.305178, 38.451758 ], [ -94.293917, 38.451478 ], [ -94.293292, 38.454719 ], [ -94.288034, 38.45229 ], [ -94.288042, 38.452555 ], [ -94.283418, 38.451389 ], [ -94.275415, 38.451277 ], [ -94.271092, 38.452073 ], [ -94.265195, 38.453319 ], [ -94.26711, 38.450464 ], [ -94.26396, 38.449783 ], [ -94.263485, 38.451587 ], [ -94.259784, 38.452936 ], [ -94.258399, 38.450502 ], [ -94.257162, 38.450072 ], [ -94.255193, 38.452273 ], [ -94.252385, 38.453043 ], [ -94.250907, 38.455562 ], [ -94.249865, 38.455912 ], [ -94.246892, 38.455071 ], [ -94.244878, 38.455635 ], [ -94.239326, 38.460262 ], [ -94.237787, 38.459728 ], [ -94.238048, 38.458332 ], [ -94.239824, 38.45648 ], [ -94.238403, 38.455801 ], [ -94.235298, 38.458016 ], [ -94.232927, 38.457821 ], [ -94.231541, 38.458392 ], [ -94.227168, 38.457275 ], [ -94.226694, 38.459239 ], [ -94.224979, 38.457425 ], [ -94.226405, 38.455631 ], [ -94.228315, 38.45572 ], [ -94.228776, 38.454808 ], [ -94.226144, 38.453318 ], [ -94.226667, 38.452667 ], [ -94.229257, 38.45237 ], [ -94.225938, 38.451046 ], [ -94.225065, 38.452741 ], [ -94.222883, 38.452904 ], [ -94.222474, 38.450937 ], [ -94.223812, 38.448696 ], [ -94.22282, 38.448309 ], [ -94.217933, 38.450186 ], [ -94.216186, 38.446753 ], [ -94.214788, 38.448195 ], [ -94.212955, 38.448379 ], [ -94.212023, 38.446754 ], [ -94.209811, 38.447121 ], [ -94.209375, 38.448219 ], [ -94.211239, 38.448904 ], [ -94.210661, 38.45004 ], [ -94.207512, 38.450784 ], [ -94.206611, 38.449662 ], [ -94.206173, 38.447099 ], [ -94.203729, 38.447877 ], [ -94.202566, 38.446368 ], [ -94.200524, 38.445358 ], [ -94.19491, 38.446894 ], [ -94.193164, 38.447626 ], [ -94.189963, 38.44726 ], [ -94.187664, 38.448725 ], [ -94.189992, 38.45003 ], [ -94.189643, 38.450625 ], [ -94.186674, 38.449366 ], [ -94.185918, 38.448405 ], [ -94.185976, 38.446848 ], [ -94.184899, 38.446139 ], [ -94.1826, 38.446116 ], [ -94.182163, 38.447627 ], [ -94.180795, 38.447421 ], [ -94.179515, 38.445635 ], [ -94.17662, 38.445921 ], [ -94.174102, 38.445452 ], [ -94.174043, 38.446917 ], [ -94.170959, 38.446001 ], [ -94.170609, 38.446848 ], [ -94.172821, 38.448038 ], [ -94.173781, 38.449846 ], [ -94.172384, 38.449869 ], [ -94.169416, 38.448221 ], [ -94.16863, 38.447213 ], [ -94.167553, 38.44758 ], [ -94.168076, 38.450189 ], [ -94.165602, 38.450372 ], [ -94.164439, 38.449227 ], [ -94.161528, 38.449844 ], [ -94.161033, 38.450783 ], [ -94.159082, 38.450714 ], [ -94.158326, 38.448814 ], [ -94.157205, 38.44863 ], [ -94.155347, 38.450025 ], [ -94.152263, 38.449892 ], [ -94.152843, 38.453229 ], [ -94.151386, 38.453422 ], [ -94.149111, 38.450857 ], [ -94.147682, 38.450673 ], [ -94.145955, 38.451181 ], [ -94.142699, 38.450963 ], [ -94.143517, 38.448982 ], [ -94.143972, 38.440658 ], [ -94.148147, 38.440777 ], [ -94.148526, 38.43739 ], [ -94.151127, 38.437143 ], [ -94.153119, 38.435475 ], [ -94.153741, 38.423395 ], [ -94.153638, 38.422794 ], [ -94.148311, 38.422652 ], [ -94.147125, 38.422098 ], [ -94.146392, 38.418837 ], [ -94.135837, 38.418653 ], [ -94.135926, 38.411387 ], [ -94.112378, 38.399798 ], [ -94.116842, 38.399874 ], [ -94.11908, 38.400296 ], [ -94.130257, 38.400447 ], [ -94.131106, 38.400142 ], [ -94.131837, 38.398638 ], [ -94.132269, 38.389689 ], [ -94.157581, 38.390345 ], [ -94.179095, 38.390842 ], [ -94.180962, 38.347405 ], [ -94.217596, 38.348135 ], [ -94.21692, 38.369806 ], [ -94.234483, 38.37019 ], [ -94.235043, 38.370341 ], [ -94.236183, 38.349758 ], [ -94.23724, 38.34872 ], [ -94.27308, 38.349318 ], [ -94.272065, 38.378213 ], [ -94.286131, 38.378625 ], [ -94.286048, 38.37651 ], [ -94.288393, 38.375082 ], [ -94.289707, 38.375631 ], [ -94.290088, 38.364529 ], [ -94.290343, 38.364514 ], [ -94.345506, 38.365526 ], [ -94.346146, 38.344083 ], [ -94.382957, 38.344703 ], [ -94.383282, 38.337128 ], [ -94.40247, 38.337417 ], [ -94.420966, 38.337784 ], [ -94.439056, 38.338147 ], [ -94.438946, 38.342602 ], [ -94.444918, 38.342808 ], [ -94.445047, 38.33831 ], [ -94.448402, 38.338408 ], [ -94.457465, 38.338675 ], [ -94.457063, 38.353129 ], [ -94.475444, 38.353592 ], [ -94.493799, 38.354051 ], [ -94.493029, 38.380599 ], [ -94.491096, 38.380649 ], [ -94.4903, 38.379859 ], [ -94.483141, 38.379911 ], [ -94.483617, 38.381581 ], [ -94.485968, 38.381635 ], [ -94.486422, 38.382833 ], [ -94.492944, 38.382985 ], [ -94.492475, 38.397412 ], [ -94.510019, 38.397816 ], [ -94.50932, 38.426666 ] ] ] ] } },
{ "type": "Feature", "properties": { "ZCTA5CE20": "66072", "AFFGEOID20": "860Z200US66072", "GEOID20": "66072", "NAME20": "66072", "LSAD20": "Z5", "ALAND20": 196180518.0, "AWATER20": 1057987.0, "price_2012": 104985.49611067912, "price_2026": 336711.86851189827, "log_change": 1.1654053667242312, "pct_change": 2.2072227210978332, "dollar_change": 231726.37240121915, "mci": 111310.9599, "plaza": 87048.47604, "pnl": 93217.00974, "legends": 90342.49279, "lees_summit": 83903.7026, "cbd": 90132.74289, "log_population": 7.0992017435530919, "median_income": 101875.0, "poverty_rate": 0.038810900082576386, "bachelors_only": 0.19679633867276888, "college_plus": 0.29405034324942791, "no_college": 0.70594965675057209 }, "geometry": { "type": "MultiPolygon", "coordinates": [ [ [ [ -95.065828, 38.346201 ], [ -95.056631, 38.346086 ], [ -95.038209, 38.345949 ], [ -95.038204, 38.350441 ], [ -95.038722, 38.351658 ], [ -95.038164, 38.353403 ], [ -95.038304, 38.375038 ], [ -95.056558, 38.375182 ], [ -95.056645, 38.389886 ], [ -95.010464, 38.389457 ], [ -94.973491, 38.389308 ], [ -94.973439, 38.398535 ], [ -94.973261, 38.39976 ], [ -94.970673, 38.397883 ], [ -94.970678, 38.396545 ], [ -94.968292, 38.396274 ], [ -94.968338, 38.395201 ], [ -94.966626, 38.39541 ], [ -94.965188, 38.393903 ], [ -94.965042, 38.392702 ], [ -94.962699, 38.395164 ], [ -94.958501, 38.401327 ], [ -94.957703, 38.403744 ], [ -94.953222, 38.403592 ], [ -94.936609, 38.4037 ], [ -94.936266, 38.40365 ], [ -94.918258, 38.403639 ], [ -94.918137, 38.389142 ], [ -94.941464, 38.389117 ], [ -94.941307, 38.374643 ], [ -94.936518, 38.374631 ], [ -94.936429, 38.360129 ], [ -94.918018, 38.36005 ], [ -94.917905, 38.336342 ], [ -94.917786, 38.295518 ], [ -94.917941, 38.287482 ], [ -94.89948, 38.287472 ], [ -94.899584, 38.301982 ], [ -94.881089, 38.301953 ], [ -94.880999, 38.272926 ], [ -94.872459, 38.272833 ], [ -94.862815, 38.272775 ], [ -94.825169, 38.272753 ], [ -94.82644, 38.26905 ], [ -94.8253, 38.26534 ], [ -94.842584, 38.26549 ], [ -94.843893, 38.265048 ], [ -94.846144, 38.262655 ], [ -94.848974, 38.262955 ], [ -94.851788, 38.265497 ], [ -94.861311, 38.26568 ], [ -94.862546, 38.265523 ], [ -94.871767, 38.265498 ], [ -94.871869, 38.258497 ], [ -94.868997, 38.258433 ], [ -94.86914, 38.248492 ], [ -94.874009, 38.248439 ], [ -94.877042, 38.248795 ], [ -94.879182, 38.24845 ], [ -94.883989, 38.248533 ], [ -94.885856, 38.250557 ], [ -94.887975, 38.250504 ], [ -94.888368, 38.252618 ], [ -94.891313, 38.252104 ], [ -94.891418, 38.253515 ], [ -94.893511, 38.252735 ], [ -94.897119, 38.253162 ], [ -94.89721, 38.248454 ], [ -94.905637, 38.248972 ], [ -94.905637, 38.247608 ], [ -94.910351, 38.24735 ], [ -94.913224, 38.247774 ], [ -94.929186, 38.247507 ], [ -94.93112, 38.247907 ], [ -94.932533, 38.249519 ], [ -94.935278, 38.249713 ], [ -94.934899, 38.248724 ], [ -94.932921, 38.248517 ], [ -94.93373, 38.246371 ], [ -94.936419, 38.248625 ], [ -94.936332, 38.249535 ], [ -94.938647, 38.250387 ], [ -94.93984, 38.251818 ], [ -94.941898, 38.251375 ], [ -94.943059, 38.252045 ], [ -94.945613, 38.251393 ], [ -94.945809, 38.25306 ], [ -94.946676, 38.253443 ], [ -94.948887, 38.252532 ], [ -94.951603, 38.25438 ], [ -94.954088, 38.255101 ], [ -94.955459, 38.256336 ], [ -94.957477, 38.25709 ], [ -94.958412, 38.254724 ], [ -94.960355, 38.256183 ], [ -94.962327, 38.255344 ], [ -94.964213, 38.256966 ], [ -94.965112, 38.25679 ], [ -94.969805, 38.25819 ], [ -94.972115, 38.25852 ], [ -94.989877, 38.25854 ], [ -94.988318, 38.256636 ], [ -94.988343, 38.245077 ], [ -94.988902, 38.243496 ], [ -94.991851, 38.241854 ], [ -94.995768, 38.240843 ], [ -94.998213, 38.24073 ], [ -95.006483, 38.240734 ], [ -95.006787, 38.240684 ], [ -95.006807, 38.25854 ], [ -95.009849, 38.258546 ], [ -95.010082, 38.273131 ], [ -95.046782, 38.273129 ], [ -95.047265, 38.287729 ], [ -95.06525, 38.287654 ], [ -95.065096, 38.316715 ], [ -95.065886, 38.333738 ], [ -95.065828, 38.346201 ] ] ] ] } },
{ "type": "Feature", "properties": { "ZCTA5CE20": "64061", "AFFGEOID20": "860Z200US64061", "GEOID20": "64061", "NAME20": "64061", "LSAD20": "Z5", "ALAND20": 160868386.0, "AWATER20": 1343214.0, "price_2012": 140031.49647345286, "price_2026": 353497.87124005635, "log_change": 0.92601009125010059, "pct_change": 1.5244168643664562, "dollar_change": 213466.37476660349, "mci": 79397.62181, "plaza": 52488.9266, "pnl": 55489.43046, "legends": 74850.8625, "lees_summit": 29736.57241, "cbd": 53989.17853, "log_population": 8.058643712215618, "median_income": 85987.0, "poverty_rate": 0.04741521238063879, "bachelors_only": 0.13934065934065934, "college_plus": 0.23736263736263735, "no_college": 0.76263736263736259 }, "geometry": { "type": "MultiPolygon", "coordinates": [ [ [ [ -94.16127, 38.759976 ], [ -94.158139, 38.75967 ], [ -94.152692, 38.760973 ], [ -94.148125, 38.765412 ], [ -94.14754, 38.767884 ], [ -94.145267, 38.768196 ], [ -94.145802, 38.769778 ], [ -94.148309, 38.769337 ], [ -94.149478, 38.770893 ], [ -94.148198, 38.771858 ], [ -94.146548, 38.776033 ], [ -94.148577, 38.777041 ], [ -94.147771, 38.780182 ], [ -94.146058, 38.781726 ], [ -94.147265, 38.782333 ], [ -94.145564, 38.782838 ], [ -94.146559, 38.784264 ], [ -94.14461, 38.785466 ], [ -94.141012, 38.785788 ], [ -94.140295, 38.800961 ], [ -94.140929, 38.801863 ], [ -94.140783, 38.804158 ], [ -94.136322, 38.804018 ], [ -94.135243, 38.804088 ], [ -94.134292, 38.80303 ], [ -94.134793, 38.801078 ], [ -94.133761, 38.799296 ], [ -94.132239, 38.799435 ], [ -94.130964, 38.797359 ], [ -94.124193, 38.796903 ], [ -94.124508, 38.788773 ], [ -94.121789, 38.788677 ], [ -94.121265, 38.800516 ], [ -94.121361, 38.803422 ], [ -94.116527, 38.803246 ], [ -94.116266, 38.808052 ], [ -94.117655, 38.80813 ], [ -94.117527, 38.810711 ], [ -94.116033, 38.810671 ], [ -94.115937, 38.812615 ], [ -94.111337, 38.812508 ], [ -94.110875, 38.821628 ], [ -94.120319, 38.821919 ], [ -94.119578, 38.832872 ], [ -94.119096, 38.833167 ], [ -94.120778, 38.833006 ], [ -94.12344, 38.833065 ], [ -94.122972, 38.840625 ], [ -94.127679, 38.84077 ], [ -94.127359, 38.848139 ], [ -94.117848, 38.847813 ], [ -94.117158, 38.853598 ], [ -94.116513, 38.86956 ], [ -94.079837, 38.868265 ], [ -94.079839, 38.868643 ], [ -94.061094, 38.868679 ], [ -94.051981, 38.868076 ], [ -94.037682, 38.867589 ], [ -94.037221, 38.868413 ], [ -94.031924, 38.868665 ], [ -94.028203, 38.870847 ], [ -94.027148, 38.874534 ], [ -94.026936, 38.874526 ], [ -94.02785, 38.859772 ], [ -94.02768, 38.854249 ], [ -94.026281, 38.853556 ], [ -94.026196, 38.852416 ], [ -94.023598, 38.852288 ], [ -94.023615, 38.851974 ], [ -94.033311, 38.852602 ], [ -94.033724, 38.852697 ], [ -94.034184, 38.852452 ], [ -94.034839, 38.849008 ], [ -94.028565, 38.848787 ], [ -94.029106, 38.838728 ], [ -94.024399, 38.838644 ], [ -94.024488, 38.837495 ], [ -94.043355, 38.838267 ], [ -94.042531, 38.837447 ], [ -94.039911, 38.837194 ], [ -94.03878, 38.836408 ], [ -94.039968, 38.833843 ], [ -94.040362, 38.831629 ], [ -94.038045, 38.828696 ], [ -94.038109, 38.827465 ], [ -94.039851, 38.826158 ], [ -94.036552, 38.82173 ], [ -94.035985, 38.819 ], [ -94.04452, 38.8193 ], [ -94.045782, 38.80091 ], [ -94.036235, 38.800586 ], [ -94.036252, 38.80029 ], [ -94.035115, 38.800267 ], [ -94.034954, 38.80029 ], [ -94.034013, 38.800556 ], [ -94.026879, 38.80032 ], [ -94.027746, 38.785598 ], [ -94.036994, 38.785922 ], [ -94.037246, 38.781104 ], [ -94.042101, 38.781086 ], [ -94.039858, 38.778006 ], [ -94.037535, 38.777275 ], [ -94.037795, 38.775847 ], [ -94.035375, 38.774479 ], [ -94.035888, 38.773172 ], [ -94.033762, 38.772589 ], [ -94.030478, 38.771264 ], [ -94.028461, 38.773364 ], [ -94.028864, 38.769226 ], [ -94.028767, 38.767197 ], [ -94.028896, 38.759769 ], [ -94.029295, 38.759024 ], [ -94.029661, 38.752904 ], [ -94.030795, 38.734073 ], [ -94.021376, 38.731566 ], [ -94.02165, 38.727579 ], [ -94.025585, 38.725623 ], [ -94.027029, 38.725728 ], [ -94.026926, 38.722333 ], [ -94.028841, 38.719988 ], [ -94.028431, 38.719188 ], [ -94.031552, 38.719331 ], [ -94.031164, 38.726668 ], [ -94.068596, 38.727832 ], [ -94.06947, 38.713084 ], [ -94.069909, 38.705993 ], [ -94.071723, 38.705894 ], [ -94.074678, 38.704524 ], [ -94.076208, 38.703639 ], [ -94.077076, 38.702029 ], [ -94.07927, 38.701128 ], [ -94.086091, 38.701165 ], [ -94.086427, 38.699907 ], [ -94.089469, 38.698539 ], [ -94.091298, 38.698829 ], [ -94.092302, 38.698157 ], [ -94.096189, 38.698792 ], [ -94.103624, 38.698925 ], [ -94.103996, 38.691889 ], [ -94.116043, 38.692195 ], [ -94.116353, 38.689144 ], [ -94.108788, 38.688741 ], [ -94.108947, 38.685205 ], [ -94.127492, 38.693912 ], [ -94.127598, 38.69507 ], [ -94.139372, 38.70014 ], [ -94.145741, 38.70043 ], [ -94.148441, 38.70047 ], [ -94.154854, 38.700592 ], [ -94.155584, 38.707374 ], [ -94.154622, 38.71118 ], [ -94.15389, 38.71974 ], [ -94.153907, 38.723624 ], [ -94.153011, 38.725016 ], [ -94.153738, 38.72732 ], [ -94.152311, 38.728233 ], [ -94.151813, 38.729785 ], [ -94.151901, 38.735265 ], [ -94.150195, 38.736889 ], [ -94.149938, 38.740558 ], [ -94.149055, 38.742878 ], [ -94.149102, 38.74471 ], [ -94.148013, 38.745572 ], [ -94.147187, 38.745335 ], [ -94.146802, 38.745482 ], [ -94.147231, 38.745445 ], [ -94.146572, 38.751459 ], [ -94.147307, 38.751799 ], [ -94.148988, 38.750602 ], [ -94.151596, 38.751176 ], [ -94.152698, 38.752274 ], [ -94.152674, 38.753805 ], [ -94.154681, 38.753905 ], [ -94.158677, 38.756745 ], [ -94.160726, 38.75895 ], [ -94.160862, 38.759263 ], [ -94.16127, 38.759976 ] ] ] ] } },
{ "type": "Feature", "properties": { "ZCTA5CE20": "64084", "AFFGEOID20": "860Z200US64084", "GEOID20": "64084", "NAME20": "64084", "LSAD20": "Z5", "ALAND20": 140094932.0, "AWATER20": 116425.0, "price_2012": 94739.670183993978, "price_2026": 342696.91674526187, "log_change": 1.2857136156757552, "pct_change": 2.6172483615333464, "dollar_change": 247957.24656126788, "mci": 57056.35499, "plaza": 59422.77327, "pnl": 54818.39778, "legends": 72271.13248, "lees_summit": 59178.38515, "cbd": 57120.585525000002, "log_population": 7.2298387781512501, "median_income": 65060.0, "poverty_rate": 0.086956521739130432, "bachelors_only": 0.14937759336099585, "college_plus": 0.2095435684647303, "no_college": 0.79045643153526968 }, "geometry": { "type": "MultiPolygon", "coordinates": [ [ [ [ -94.173273, 39.363253 ], [ -94.171946, 39.363974 ], [ -94.168329, 39.367078 ], [ -94.165721, 39.367126 ], [ -94.154563, 39.367054 ], [ -94.154502, 39.374205 ], [ -94.145161, 39.374288 ], [ -94.145179, 39.376282 ], [ -94.146355, 39.380493 ], [ -94.144844, 39.381315 ], [ -94.141217, 39.381289 ], [ -94.141148, 39.384509 ], [ -94.13575, 39.384613 ], [ -94.135842, 39.389526 ], [ -94.1359, 39.392608 ], [ -94.135586, 39.393656 ], [ -94.133048, 39.394731 ], [ -94.128211, 39.394385 ], [ -94.127073, 39.395753 ], [ -94.125226, 39.395194 ], [ -94.098262, 39.395756 ], [ -94.098244, 39.395545 ], [ -94.098035, 39.409462 ], [ -94.077022, 39.409551 ], [ -94.077059, 39.402339 ], [ -94.075843, 39.402105 ], [ -94.074902, 39.401856 ], [ -94.074538, 39.401831 ], [ -94.073687, 39.401864 ], [ -94.073483, 39.401899 ], [ -94.073171, 39.402126 ], [ -94.070227, 39.406081 ], [ -94.068257, 39.406346 ], [ -94.066621, 39.407879 ], [ -94.064772, 39.40782 ], [ -94.063001, 39.409205 ], [ -94.058485, 39.409343 ], [ -94.058331, 39.416033 ], [ -94.059279, 39.41605 ], [ -94.059338, 39.414403 ], [ -94.060694, 39.413922 ], [ -94.06149, 39.415707 ], [ -94.062877, 39.41438 ], [ -94.062523, 39.412091 ], [ -94.063496, 39.411931 ], [ -94.065621, 39.413121 ], [ -94.066004, 39.414746 ], [ -94.069043, 39.414586 ], [ -94.068483, 39.416438 ], [ -94.06866, 39.418315 ], [ -94.070755, 39.42026 ], [ -94.071994, 39.42058 ], [ -94.072408, 39.423555 ], [ -94.070755, 39.424768 ], [ -94.070519, 39.425707 ], [ -94.072083, 39.427057 ], [ -94.073824, 39.426874 ], [ -94.075061, 39.42767 ], [ -94.076682, 39.427405 ], [ -94.082367, 39.427808 ], [ -94.08796, 39.427755 ], [ -94.091345, 39.425288 ], [ -94.097853, 39.424714 ], [ -94.097671, 39.439243 ], [ -94.091533, 39.439046 ], [ -94.089771, 39.439104 ], [ -94.088983, 39.442489 ], [ -94.088775, 39.442775 ], [ -94.086126, 39.443214 ], [ -94.084029, 39.443285 ], [ -94.082965, 39.443693 ], [ -94.080826, 39.443615 ], [ -94.079251, 39.444568 ], [ -94.077296, 39.445664 ], [ -94.074611, 39.445994 ], [ -94.070276, 39.447954 ], [ -94.069629, 39.449562 ], [ -94.065237, 39.449478 ], [ -94.065071, 39.445807 ], [ -94.060261, 39.445694 ], [ -94.060371, 39.452959 ], [ -94.051126, 39.452845 ], [ -94.050696, 39.463719 ], [ -94.022797, 39.463287 ], [ -94.017463, 39.463224 ], [ -94.008806, 39.463129 ], [ -94.008858, 39.459229 ], [ -94.004254, 39.459199 ], [ -94.00417, 39.452156 ], [ -93.999559, 39.452264 ], [ -93.988937, 39.447767 ], [ -93.98775, 39.448453 ], [ -93.985643, 39.452331 ], [ -93.973735, 39.452459 ], [ -93.973445, 39.451861 ], [ -93.973278, 39.450945 ], [ -93.973418, 39.450625 ], [ -93.973733, 39.449466 ], [ -93.973912, 39.449292 ], [ -93.974958, 39.448724 ], [ -93.975129, 39.448504 ], [ -93.975293, 39.444802 ], [ -93.980212, 39.444747 ], [ -93.980346, 39.437757 ], [ -93.980838, 39.436571 ], [ -93.980204, 39.434801 ], [ -93.980053, 39.430575 ], [ -93.982761, 39.430333 ], [ -93.985271, 39.429471 ], [ -93.985611, 39.428603 ], [ -93.985049, 39.408498 ], [ -93.985397, 39.40797 ], [ -93.985918, 39.408229 ], [ -94.002653, 39.408613 ], [ -94.002598, 39.401293 ], [ -94.002893, 39.401285 ], [ -94.002639, 39.379381 ], [ -94.02117, 39.379755 ], [ -94.021249, 39.369498 ], [ -94.021069, 39.350512 ], [ -94.041239, 39.350918 ], [ -94.043393, 39.349839 ], [ -94.046044, 39.347324 ], [ -94.048249, 39.348205 ], [ -94.048274, 39.343392 ], [ -94.061479, 39.343731 ], [ -94.062214, 39.343745 ], [ -94.06225, 39.340207 ], [ -94.062263, 39.331092 ], [ -94.066968, 39.3312 ], [ -94.066965, 39.329388 ], [ -94.067873, 39.328788 ], [ -94.068302, 39.325126 ], [ -94.069803, 39.326728 ], [ -94.071807, 39.326658 ], [ -94.073752, 39.328305 ], [ -94.077582, 39.327595 ], [ -94.081044, 39.328438 ], [ -94.081041, 39.325991 ], [ -94.076814, 39.32601 ], [ -94.076014, 39.324018 ], [ -94.074509, 39.324133 ], [ -94.073939, 39.322233 ], [ -94.071648, 39.3207 ], [ -94.071584, 39.315243 ], [ -94.070688, 39.314457 ], [ -94.071728, 39.312348 ], [ -94.071753, 39.307738 ], [ -94.071791, 39.307466 ], [ -94.071813, 39.30472 ], [ -94.072081, 39.304746 ], [ -94.07469, 39.304526 ], [ -94.072982, 39.304115 ], [ -94.074042, 39.303291 ], [ -94.073483, 39.299286 ], [ -94.071671, 39.297683 ], [ -94.071727, 39.293111 ], [ -94.079456, 39.293148 ], [ -94.085799, 39.297367 ], [ -94.085786, 39.29941 ], [ -94.095429, 39.299243 ], [ -94.098484, 39.300672 ], [ -94.098567, 39.303738 ], [ -94.098717, 39.304317 ], [ -94.098498, 39.30711 ], [ -94.103417, 39.305899 ], [ -94.104915, 39.305076 ], [ -94.106791, 39.305373 ], [ -94.112333, 39.308543 ], [ -94.112959, 39.309058 ], [ -94.112586, 39.309834 ], [ -94.112585, 39.324799 ], [ -94.113393, 39.326139 ], [ -94.117155, 39.326082 ], [ -94.117156, 39.343899 ], [ -94.120395, 39.344949 ], [ -94.122557, 39.344361 ], [ -94.125922, 39.344332 ], [ -94.127535, 39.345422 ], [ -94.130846, 39.345842 ], [ -94.132277, 39.346701 ], [ -94.139153, 39.347093 ], [ -94.13901, 39.342849 ], [ -94.140433, 39.341937 ], [ -94.145221, 39.342395 ], [ -94.145255, 39.348397 ], [ -94.149788, 39.348475 ], [ -94.154248, 39.349804 ], [ -94.157792, 39.350087 ], [ -94.158975, 39.349966 ], [ -94.159381, 39.350996 ], [ -94.159354, 39.359532 ], [ -94.166106, 39.360038 ], [ -94.170794, 39.360854 ], [ -94.171386, 39.361478 ], [ -94.173447, 39.361509 ], [ -94.173273, 39.363253 ] ] ] ] } },
{ "type": "Feature", "properties": { "ZCTA5CE20": "64086", "AFFGEOID20": "860Z200US64086", "GEOID20": "64086", "NAME20": "64086", "LSAD20": "Z5", "ALAND20": 97856536.0, "AWATER20": 5170583.0, "price_2012": 178974.23809084299, "price_2026": 378523.73619435797, "log_change": 0.74903690792197786, "pct_change": 1.1149621321602079, "dollar_change": 199549.49810351498, "mci": 56643.0943, "plaza": 29678.90471, "pnl": 32475.84344, "legends": 52218.58063, "lees_summit": 7914.146345, "cbd": 31077.374075, "log_population": 10.06895961723459, "median_income": 102099.0, "poverty_rate": 0.051214652138890066, "bachelors_only": 0.28749085588880763, "college_plus": 0.45555961960497438, "no_college": 0.54444038039502562 }, "geometry": { "type": "MultiPolygon", "coordinates": [ [ [ [ -94.409139, 38.944243 ], [ -94.407425, 38.944316 ], [ -94.404584, 38.944483 ], [ -94.403, 38.944595 ], [ -94.401038, 38.944735 ], [ -94.398768, 38.944894 ], [ -94.399373, 38.94623 ], [ -94.399476, 38.949055 ], [ -94.400987, 38.958552 ], [ -94.4012, 38.959916 ], [ -94.401952, 38.962251 ], [ -94.400555, 38.962211 ], [ -94.395618, 38.961207 ], [ -94.395639, 38.960347 ], [ -94.39561, 38.958297 ], [ -94.392518, 38.958153 ], [ -94.386099, 38.958146 ], [ -94.387109, 38.95052 ], [ -94.382562, 38.950392 ], [ -94.382773, 38.946629 ], [ -94.381575, 38.94671 ], [ -94.378133, 38.946622 ], [ -94.364584, 38.946284 ], [ -94.364324, 38.946272 ], [ -94.361357, 38.946193 ], [ -94.361038, 38.946189 ], [ -94.35953, 38.946141 ], [ -94.359216, 38.956804 ], [ -94.358847, 38.960031 ], [ -94.357723, 38.960666 ], [ -94.347209, 38.960432 ], [ -94.343334, 38.961543 ], [ -94.342696, 38.961543 ], [ -94.33571, 38.958473 ], [ -94.335233, 38.96756 ], [ -94.335073, 38.970148 ], [ -94.333763, 38.970283 ], [ -94.332334, 38.967471 ], [ -94.325047, 38.967242 ], [ -94.324903, 38.970709 ], [ -94.320562, 38.970564 ], [ -94.320606, 38.967126 ], [ -94.316505, 38.966769 ], [ -94.314242, 38.960845 ], [ -94.314465, 38.959507 ], [ -94.312114, 38.959423 ], [ -94.312541, 38.948475 ], [ -94.311031, 38.948437 ], [ -94.311179, 38.944865 ], [ -94.305054, 38.944672 ], [ -94.28962, 38.944259 ], [ -94.282138, 38.944055 ], [ -94.277755, 38.944061 ], [ -94.27554, 38.943957 ], [ -94.275466, 38.943954 ], [ -94.270617, 38.943817 ], [ -94.27061, 38.943943 ], [ -94.261618, 38.943722 ], [ -94.26153, 38.945972 ], [ -94.261346, 38.945969 ], [ -94.258582, 38.945932 ], [ -94.256949, 38.944635 ], [ -94.257013, 38.943443 ], [ -94.25574, 38.943395 ], [ -94.247321, 38.943098 ], [ -94.245935, 38.943054 ], [ -94.245799, 38.941463 ], [ -94.245716, 38.94021 ], [ -94.242652, 38.93972 ], [ -94.242576, 38.938019 ], [ -94.242349, 38.932858 ], [ -94.242379, 38.931858 ], [ -94.242631, 38.92353 ], [ -94.242337, 38.921213 ], [ -94.240637, 38.919939 ], [ -94.238874, 38.919879 ], [ -94.239618, 38.916321 ], [ -94.237483, 38.916309 ], [ -94.23591, 38.914704 ], [ -94.23638, 38.907472 ], [ -94.232296, 38.906698 ], [ -94.231873, 38.904301 ], [ -94.231736, 38.90745 ], [ -94.22787, 38.907427 ], [ -94.227966, 38.88564 ], [ -94.218896, 38.885617 ], [ -94.218267, 38.897718 ], [ -94.218899, 38.899379 ], [ -94.221833, 38.902486 ], [ -94.222562, 38.904894 ], [ -94.222243, 38.91107 ], [ -94.203696, 38.910992 ], [ -94.203966, 38.904374 ], [ -94.203556, 38.903679 ], [ -94.204087, 38.90272 ], [ -94.204939, 38.885595 ], [ -94.190979, 38.885583 ], [ -94.190993, 38.883661 ], [ -94.19142, 38.878331 ], [ -94.198197, 38.87834 ], [ -94.20476, 38.88088 ], [ -94.205156, 38.879945 ], [ -94.205335, 38.877072 ], [ -94.191758, 38.872583 ], [ -94.191817, 38.871469 ], [ -94.192011, 38.868016 ], [ -94.192042, 38.867465 ], [ -94.192251, 38.86385 ], [ -94.19284, 38.852928 ], [ -94.194578, 38.852927 ], [ -94.209682, 38.852929 ], [ -94.210576, 38.853723 ], [ -94.211269, 38.854395 ], [ -94.211273, 38.849314 ], [ -94.21615, 38.849321 ], [ -94.220674, 38.84935 ], [ -94.220551, 38.854789 ], [ -94.224158, 38.854728 ], [ -94.224097, 38.856256 ], [ -94.229415, 38.856378 ], [ -94.229171, 38.860107 ], [ -94.233878, 38.860168 ], [ -94.234, 38.858151 ], [ -94.238829, 38.858033 ], [ -94.238505, 38.863923 ], [ -94.23828, 38.868522 ], [ -94.240606, 38.869234 ], [ -94.240764, 38.870876 ], [ -94.245118, 38.872988 ], [ -94.245238, 38.873459 ], [ -94.246885, 38.873442 ], [ -94.246909, 38.878415 ], [ -94.242801, 38.87833 ], [ -94.242489, 38.885699 ], [ -94.255543, 38.885717 ], [ -94.25623, 38.878679 ], [ -94.265459, 38.878519 ], [ -94.269725, 38.878502 ], [ -94.269518, 38.886944 ], [ -94.274409, 38.887067 ], [ -94.27429, 38.892841 ], [ -94.278703, 38.89289 ], [ -94.279029, 38.885814 ], [ -94.284833, 38.885836 ], [ -94.284455, 38.893188 ], [ -94.287019, 38.893959 ], [ -94.293518, 38.897209 ], [ -94.294102, 38.886356 ], [ -94.29879, 38.886486 ], [ -94.298876, 38.884637 ], [ -94.303536, 38.884795 ], [ -94.303622, 38.882994 ], [ -94.304234, 38.872022 ], [ -94.304657, 38.865542 ], [ -94.306567, 38.8653 ], [ -94.308104, 38.863349 ], [ -94.30892, 38.863114 ], [ -94.311143, 38.864926 ], [ -94.323836, 38.865423 ], [ -94.341811, 38.865999 ], [ -94.34034, 38.892403 ], [ -94.340208, 38.895054 ], [ -94.340208, 38.895077 ], [ -94.330616, 38.89479 ], [ -94.329854, 38.901726 ], [ -94.329823, 38.90201 ], [ -94.326141, 38.9019 ], [ -94.318705, 38.901698 ], [ -94.317105, 38.901647 ], [ -94.311956, 38.901472 ], [ -94.302687, 38.901143 ], [ -94.300454, 38.900802 ], [ -94.298563, 38.900187 ], [ -94.298229, 38.901815 ], [ -94.299349, 38.901852 ], [ -94.30258, 38.904706 ], [ -94.302058, 38.914845 ], [ -94.297502, 38.914706 ], [ -94.297445, 38.915657 ], [ -94.304214, 38.915885 ], [ -94.311143, 38.91604 ], [ -94.312187, 38.91609 ], [ -94.312119, 38.917338 ], [ -94.315112, 38.917257 ], [ -94.315193, 38.916181 ], [ -94.317022, 38.916223 ], [ -94.317583, 38.916241 ], [ -94.318811, 38.916281 ], [ -94.320384, 38.916307 ], [ -94.320982, 38.916316 ], [ -94.339056, 38.916865 ], [ -94.340821, 38.916946 ], [ -94.353588, 38.917305 ], [ -94.35943, 38.917503 ], [ -94.3619, 38.917631 ], [ -94.36123, 38.921677 ], [ -94.362002, 38.922013 ], [ -94.361901, 38.924433 ], [ -94.365044, 38.924503 ], [ -94.364993, 38.925868 ], [ -94.37035, 38.926466 ], [ -94.372813, 38.925508 ], [ -94.375867, 38.926212 ], [ -94.375984, 38.924952 ], [ -94.379834, 38.925044 ], [ -94.387731, 38.925248 ], [ -94.403986, 38.925968 ], [ -94.408085, 38.940701 ], [ -94.408378, 38.940658 ], [ -94.409139, 38.944243 ] ] ] ] } },
{ "type": "Feature", "properties": { "ZCTA5CE20": "64034", "AFFGEOID20": "860Z200US64034", "GEOID20": "64034", "NAME20": "64034", "LSAD20": "Z5", "ALAND20": 59033787.0, "AWATER20": 1256042.0, "price_2012": 170872.50750678274, "price_2026": 412662.4212254053, "log_change": 0.88171216841014477, "pct_change": 1.4150311085534035, "dollar_change": 241789.91371862256, "mci": 61518.68036, "plaza": 32926.74146, "pnl": 36673.66698, "legends": 54967.05484, "lees_summit": 10105.69799, "cbd": 34800.20422, "log_population": 9.1047576094011173, "median_income": 120041.0, "poverty_rate": 0.023227383863080684, "bachelors_only": 0.26422508645080162, "college_plus": 0.41983652939327254, "no_college": 0.58016347060672746 }, "geometry": { "type": "MultiPolygon", "coordinates": [ [ [ [ -94.376147, 38.835133 ], [ -94.376002, 38.838005 ], [ -94.361971, 38.837602 ], [ -94.361564, 38.846388 ], [ -94.361222, 38.85208 ], [ -94.360464, 38.865813 ], [ -94.360438, 38.866545 ], [ -94.348777, 38.866208 ], [ -94.348449, 38.866197 ], [ -94.341811, 38.865999 ], [ -94.323836, 38.865423 ], [ -94.311143, 38.864926 ], [ -94.30892, 38.863114 ], [ -94.308104, 38.863349 ], [ -94.306567, 38.8653 ], [ -94.304657, 38.865542 ], [ -94.304234, 38.872022 ], [ -94.303622, 38.882994 ], [ -94.303536, 38.884795 ], [ -94.298876, 38.884637 ], [ -94.29879, 38.886486 ], [ -94.294102, 38.886356 ], [ -94.293518, 38.897209 ], [ -94.287019, 38.893959 ], [ -94.284455, 38.893188 ], [ -94.284833, 38.885836 ], [ -94.279029, 38.885814 ], [ -94.278703, 38.89289 ], [ -94.27429, 38.892841 ], [ -94.274409, 38.887067 ], [ -94.269518, 38.886944 ], [ -94.269725, 38.878502 ], [ -94.265459, 38.878519 ], [ -94.25623, 38.878679 ], [ -94.255543, 38.885717 ], [ -94.242489, 38.885699 ], [ -94.242801, 38.87833 ], [ -94.246909, 38.878415 ], [ -94.246885, 38.873442 ], [ -94.245238, 38.873459 ], [ -94.245118, 38.872988 ], [ -94.240764, 38.870876 ], [ -94.240606, 38.869234 ], [ -94.23828, 38.868522 ], [ -94.238505, 38.863923 ], [ -94.238829, 38.858033 ], [ -94.234, 38.858151 ], [ -94.233878, 38.860168 ], [ -94.229171, 38.860107 ], [ -94.229415, 38.856378 ], [ -94.224097, 38.856256 ], [ -94.224158, 38.854728 ], [ -94.220551, 38.854789 ], [ -94.220674, 38.84935 ], [ -94.21615, 38.849321 ], [ -94.211273, 38.849314 ], [ -94.211269, 38.854395 ], [ -94.210576, 38.853723 ], [ -94.209682, 38.852929 ], [ -94.194578, 38.852927 ], [ -94.195293, 38.850283 ], [ -94.197501, 38.847377 ], [ -94.198649, 38.839202 ], [ -94.199811, 38.839115 ], [ -94.200048, 38.837641 ], [ -94.201862, 38.837314 ], [ -94.201892, 38.838367 ], [ -94.204992, 38.840246 ], [ -94.206326, 38.843646 ], [ -94.207809, 38.843896 ], [ -94.208003, 38.844345 ], [ -94.211304, 38.845036 ], [ -94.212652, 38.844889 ], [ -94.214079, 38.845904 ], [ -94.217635, 38.847054 ], [ -94.220462, 38.846229 ], [ -94.225166, 38.846959 ], [ -94.226206, 38.834863 ], [ -94.227235, 38.834864 ], [ -94.227122, 38.83668 ], [ -94.22838, 38.836685 ], [ -94.22829, 38.838499 ], [ -94.229222, 38.838505 ], [ -94.229121, 38.842129 ], [ -94.230404, 38.842134 ], [ -94.230215, 38.845746 ], [ -94.240925, 38.84579 ], [ -94.240806, 38.847846 ], [ -94.248684, 38.847811 ], [ -94.2486, 38.849414 ], [ -94.267144, 38.849491 ], [ -94.267951, 38.835037 ], [ -94.271604, 38.835043 ], [ -94.278167, 38.835056 ], [ -94.287593, 38.835084 ], [ -94.31657, 38.836101 ], [ -94.320327, 38.836055 ], [ -94.324627, 38.83659 ], [ -94.327195, 38.836599 ], [ -94.335364, 38.836923 ], [ -94.335254, 38.836117 ], [ -94.332815, 38.834849 ], [ -94.329548, 38.832755 ], [ -94.329538, 38.822123 ], [ -94.320981, 38.821791 ], [ -94.320834, 38.819658 ], [ -94.31703, 38.815449 ], [ -94.316938, 38.811153 ], [ -94.326342, 38.811441 ], [ -94.326559, 38.807338 ], [ -94.335899, 38.807704 ], [ -94.335771, 38.809378 ], [ -94.33728, 38.809413 ], [ -94.337408, 38.807751 ], [ -94.341307, 38.807996 ], [ -94.341689, 38.812708 ], [ -94.34322, 38.814272 ], [ -94.345622, 38.815382 ], [ -94.352566, 38.815824 ], [ -94.353023, 38.815858 ], [ -94.35344, 38.808583 ], [ -94.356734, 38.80864 ], [ -94.356739, 38.80757 ], [ -94.363735, 38.807792 ], [ -94.363829, 38.808965 ], [ -94.368312, 38.809011 ], [ -94.368322, 38.813143 ], [ -94.37298, 38.813002 ], [ -94.373021, 38.815994 ], [ -94.372834, 38.823018 ], [ -94.373131, 38.824846 ], [ -94.373564, 38.826114 ], [ -94.375578, 38.829824 ], [ -94.376105, 38.831285 ], [ -94.376265, 38.832562 ], [ -94.376147, 38.835133 ] ] ] ] } },
{ "type": "Feature", "properties": { "ZCTA5CE20": "64124", "AFFGEOID20": "860Z200US64124", "GEOID20": "64124", "NAME20": "64124", "LSAD20": "Z5", "ALAND20": 4363562.0, "AWATER20": 0.0, "price_2012": 22458.228131801425, "price_2026": 123641.75432858028, "log_change": 1.7057312499164574, "pct_change": 4.5054100262478141, "dollar_change": 101183.52619677885, "mci": 26401.53849, "plaza": 8517.402614000001, "pnl": 3746.659018, "legends": 25328.48469, "lees_summit": 25184.67047, "cbd": 6132.030816, "log_population": 9.2988090199637909, "median_income": 46241.0, "poverty_rate": 0.2144757361709935, "bachelors_only": 0.14724919093851133, "college_plus": 0.21050308914386584, "no_college": 0.78949691085613416 }, "geometry": { "type": "MultiPolygon", "coordinates": [ [ [ [ -94.560673, 39.113072 ], [ -94.556734, 39.115157 ], [ -94.549177, 39.117197 ], [ -94.54881, 39.115081 ], [ -94.549409, 39.113576 ], [ -94.548152, 39.113575 ], [ -94.548158, 39.112576 ], [ -94.548174, 39.110909 ], [ -94.54663, 39.111576 ], [ -94.545722, 39.111561 ], [ -94.54375, 39.110592 ], [ -94.542405, 39.111316 ], [ -94.542001, 39.111427 ], [ -94.540254, 39.110482 ], [ -94.538802, 39.111335 ], [ -94.537374, 39.110855 ], [ -94.537352, 39.11128 ], [ -94.532775, 39.111135 ], [ -94.530395, 39.111052 ], [ -94.528102, 39.110974 ], [ -94.52347, 39.110717 ], [ -94.523358, 39.112613 ], [ -94.521016, 39.112544 ], [ -94.518686, 39.11247 ], [ -94.518805, 39.11063 ], [ -94.518348, 39.108833 ], [ -94.518905, 39.108846 ], [ -94.518913, 39.108337 ], [ -94.51838, 39.108333 ], [ -94.518437, 39.107372 ], [ -94.518981, 39.107386 ], [ -94.519107, 39.105208 ], [ -94.51874, 39.105194 ], [ -94.514491, 39.105036 ], [ -94.51433, 39.10503 ], [ -94.513021, 39.104986 ], [ -94.518438, 39.101438 ], [ -94.518983, 39.101458 ], [ -94.519003, 39.101104 ], [ -94.52051, 39.100408 ], [ -94.526034, 39.098931 ], [ -94.525977, 39.101383 ], [ -94.52821, 39.101516 ], [ -94.531279, 39.101707 ], [ -94.531675, 39.101897 ], [ -94.534434, 39.101998 ], [ -94.534446, 39.101537 ], [ -94.537442, 39.101597 ], [ -94.53981, 39.101448 ], [ -94.540645, 39.101797 ], [ -94.542327, 39.102171 ], [ -94.544241, 39.102255 ], [ -94.544272, 39.101795 ], [ -94.54906, 39.10242 ], [ -94.551213, 39.102471 ], [ -94.555849, 39.102611 ], [ -94.55825, 39.102702 ], [ -94.558132, 39.104752 ], [ -94.560361, 39.104814 ], [ -94.560244, 39.10665 ], [ -94.560076, 39.106643 ], [ -94.559963, 39.10831 ], [ -94.558441, 39.10919 ], [ -94.558595, 39.109196 ], [ -94.558613, 39.110146 ], [ -94.558948, 39.111157 ], [ -94.560673, 39.113072 ] ] ] ] } },
{ "type": "Feature", "properties": { "ZCTA5CE20": "64128", "AFFGEOID20": "860Z200US64128", "GEOID20": "64128", "NAME20": "64128", "LSAD20": "Z5", "ALAND20": 7785742.0, "AWATER20": 0.0, "price_2012": 17252.114104662858, "price_2026": 97018.918343344223, "log_change": 1.7269713011941512, "pct_change": 4.6235959114785929, "dollar_change": 79766.804238681361, "mci": 30467.82123, "plaza": 5561.314741, "pnl": 5461.932288, "legends": 26442.5439, "lees_summit": 21186.50029, "cbd": 5511.6235145000001, "log_population": 9.3853015743638455, "median_income": 36088.0, "poverty_rate": 0.31642778390297682, "bachelors_only": 0.070300061236987135, "college_plus": 0.098591549295774641, "no_college": 0.90140845070422537 }, "geometry": { "type": "MultiPolygon", "coordinates": [ [ [ [ -94.554115, 39.056622 ], [ -94.554079, 39.057325 ], [ -94.553487, 39.057315 ], [ -94.553457, 39.057855 ], [ -94.554027, 39.057876 ], [ -94.554368, 39.062668 ], [ -94.553203, 39.062627 ], [ -94.553107, 39.06444 ], [ -94.553707, 39.064459 ], [ -94.553617, 39.066258 ], [ -94.553013, 39.066236 ], [ -94.552932, 39.068053 ], [ -94.554071, 39.068094 ], [ -94.554012, 39.069906 ], [ -94.553717, 39.075341 ], [ -94.552567, 39.075284 ], [ -94.55248, 39.077094 ], [ -94.548359, 39.076941 ], [ -94.54825, 39.076419 ], [ -94.545973, 39.076326 ], [ -94.543285, 39.076506 ], [ -94.54327, 39.076773 ], [ -94.538701, 39.076629 ], [ -94.536755, 39.076573 ], [ -94.535281, 39.075513 ], [ -94.534116, 39.076111 ], [ -94.534101, 39.076482 ], [ -94.533269, 39.076454 ], [ -94.53105, 39.075749 ], [ -94.528326, 39.075981 ], [ -94.528305, 39.076299 ], [ -94.52585, 39.076227 ], [ -94.524871, 39.0762 ], [ -94.522924, 39.076145 ], [ -94.520262, 39.076063 ], [ -94.519616, 39.076044 ], [ -94.519636, 39.075685 ], [ -94.518227, 39.075641 ], [ -94.518208, 39.075997 ], [ -94.516774, 39.075939 ], [ -94.515662, 39.075917 ], [ -94.516, 39.068626 ], [ -94.516022, 39.068117 ], [ -94.518201, 39.06826 ], [ -94.519482, 39.068585 ], [ -94.52021, 39.068782 ], [ -94.51823, 39.066391 ], [ -94.517621, 39.06524 ], [ -94.514135, 39.065161 ], [ -94.512442, 39.064988 ], [ -94.512974, 39.064443 ], [ -94.513137, 39.063849 ], [ -94.513081, 39.062424 ], [ -94.511899, 39.059887 ], [ -94.512135, 39.058454 ], [ -94.512909, 39.058963 ], [ -94.515709, 39.061506 ], [ -94.516531, 39.062929 ], [ -94.51996, 39.061593 ], [ -94.520043, 39.059959 ], [ -94.516564, 39.059813 ], [ -94.516617, 39.056245 ], [ -94.516741, 39.05384 ], [ -94.516758, 39.053457 ], [ -94.518169, 39.053411 ], [ -94.520655, 39.054353 ], [ -94.521247, 39.054434 ], [ -94.522322, 39.054168 ], [ -94.524926, 39.054702 ], [ -94.524928, 39.055067 ], [ -94.527578, 39.055632 ], [ -94.530525, 39.054687 ], [ -94.530545, 39.054291 ], [ -94.53345, 39.054779 ], [ -94.53517, 39.054831 ], [ -94.535191, 39.054421 ], [ -94.539783, 39.054972 ], [ -94.544373, 39.055122 ], [ -94.546711, 39.055222 ], [ -94.548987, 39.055283 ], [ -94.550145, 39.055314 ], [ -94.55016, 39.055001 ], [ -94.551295, 39.05504 ], [ -94.551278, 39.055358 ], [ -94.55359, 39.055445 ], [ -94.554704, 39.055477 ], [ -94.554115, 39.056622 ] ] ] ] } },
{ "type": "Feature", "properties": { "ZCTA5CE20": "66064", "AFFGEOID20": "860Z200US66064", "GEOID20": "66064", "NAME20": "66064", "LSAD20": "Z5", "ALAND20": 191211866.0, "AWATER20": 2518709.0, "price_2012": 64826.836466176646, "price_2026": 200929.82766001727, "log_change": 1.1312360703632987, "pct_change": 2.0994853152344133, "dollar_change": 136102.99119384063, "mci": 94177.9793, "plaza": 71415.5727, "pnl": 77395.72849, "legends": 72924.52991, "lees_summit": 71433.42692, "cbd": 74405.650595, "log_population": 8.6981805251970545, "median_income": 67321.0, "poverty_rate": 0.13116197183098591, "bachelors_only": 0.078509316770186341, "college_plus": 0.16919254658385094, "no_college": 0.83080745341614903 }, "geometry": { "type": "MultiPolygon", "coordinates": [ [ [ [ -95.083864, 38.521713 ], [ -95.08379, 38.534457 ], [ -95.074222, 38.525397 ], [ -95.068516, 38.518899 ], [ -95.065663, 38.516388 ], [ -95.065526, 38.51655 ], [ -95.065299, 38.53529 ], [ -95.065074, 38.557125 ], [ -95.046618, 38.557145 ], [ -95.046589, 38.542496 ], [ -95.028067, 38.542329 ], [ -95.028083, 38.549598 ], [ -95.006562, 38.549685 ], [ -95.007775, 38.546383 ], [ -95.007488, 38.543847 ], [ -95.008687, 38.541655 ], [ -95.008803, 38.53776 ], [ -95.010799, 38.53678 ], [ -95.010784, 38.535113 ], [ -95.001529, 38.535066 ], [ -94.99232, 38.535005 ], [ -94.992378, 38.549686 ], [ -94.991183, 38.549617 ], [ -94.987992, 38.549596 ], [ -94.973769, 38.544325 ], [ -94.973723, 38.534905 ], [ -94.973684, 38.520327 ], [ -94.955145, 38.520184 ], [ -94.95515, 38.519374 ], [ -94.954003, 38.519354 ], [ -94.953703, 38.519478 ], [ -94.953415, 38.519836 ], [ -94.952851, 38.520111 ], [ -94.952546, 38.520138 ], [ -94.949667, 38.520114 ], [ -94.948961, 38.521849 ], [ -94.948232, 38.522857 ], [ -94.941449, 38.52872 ], [ -94.940636, 38.528325 ], [ -94.936643, 38.528395 ], [ -94.927434, 38.52849 ], [ -94.918168, 38.528599 ], [ -94.906126, 38.528724 ], [ -94.907462, 38.522682 ], [ -94.907608, 38.522057 ], [ -94.907694, 38.521692 ], [ -94.907818, 38.521134 ], [ -94.90812, 38.519722 ], [ -94.900589, 38.519684 ], [ -94.900667, 38.512394 ], [ -94.900556, 38.497856 ], [ -94.900371, 38.490564 ], [ -94.882069, 38.490397 ], [ -94.872728, 38.490843 ], [ -94.867508, 38.490881 ], [ -94.86782, 38.486504 ], [ -94.866709, 38.483264 ], [ -94.866399, 38.483265 ], [ -94.869334, 38.481282 ], [ -94.872456, 38.47984 ], [ -94.873717, 38.479436 ], [ -94.878719, 38.479622 ], [ -94.879991, 38.480656 ], [ -94.881553, 38.482714 ], [ -94.881868, 38.48314 ], [ -94.883305, 38.484933 ], [ -94.88555, 38.486452 ], [ -94.886292, 38.486352 ], [ -94.887232, 38.485468 ], [ -94.888038, 38.484191 ], [ -94.889706, 38.483146 ], [ -94.894897, 38.480612 ], [ -94.896341, 38.480018 ], [ -94.900019, 38.478292 ], [ -94.900018, 38.47815 ], [ -94.901807, 38.477056 ], [ -94.902827, 38.47649 ], [ -94.903388, 38.476261 ], [ -94.903923, 38.476257 ], [ -94.905428, 38.475995 ], [ -94.906311, 38.475789 ], [ -94.906962, 38.475545 ], [ -94.908082, 38.474984 ], [ -94.909006, 38.474885 ], [ -94.909062, 38.468909 ], [ -94.900062, 38.46879 ], [ -94.899843, 38.446958 ], [ -94.918352, 38.447228 ], [ -94.918298, 38.432669 ], [ -94.936739, 38.432725 ], [ -94.936763, 38.418202 ], [ -94.936609, 38.4037 ], [ -94.953222, 38.403592 ], [ -94.957703, 38.403744 ], [ -94.958501, 38.401327 ], [ -94.962699, 38.395164 ], [ -94.965042, 38.392702 ], [ -94.965188, 38.393903 ], [ -94.966626, 38.39541 ], [ -94.968338, 38.395201 ], [ -94.968292, 38.396274 ], [ -94.970678, 38.396545 ], [ -94.970673, 38.397883 ], [ -94.973261, 38.39976 ], [ -94.973439, 38.398535 ], [ -94.973491, 38.389308 ], [ -95.010464, 38.389457 ], [ -95.010444, 38.418495 ], [ -95.010589, 38.433147 ], [ -95.019781, 38.427926 ], [ -95.020008, 38.440388 ], [ -95.028698, 38.44038 ], [ -95.028647, 38.447934 ], [ -95.047069, 38.448016 ], [ -95.046927, 38.450406 ], [ -95.048495, 38.45135 ], [ -95.058383, 38.450124 ], [ -95.065354, 38.449844 ], [ -95.06559, 38.47721 ], [ -95.07487, 38.476968 ], [ -95.074862, 38.498753 ], [ -95.084123, 38.498863 ], [ -95.083863, 38.517615 ], [ -95.085422, 38.518534 ], [ -95.083864, 38.521713 ] ] ] ] } },
{ "type": "Feature", "properties": { "ZCTA5CE20": "66206", "AFFGEOID20": "860Z200US66206", "GEOID20": "66206", "NAME20": "66206", "LSAD20": "Z5", "ALAND20": 10453404.0, "AWATER20": 57368.0, "price_2012": 323568.74126685574, "price_2026": 767116.41798914841, "log_change": 0.86322698971572187, "pct_change": 1.3707989065497743, "dollar_change": 443547.67672229267, "mci": 38868.83668, "plaza": 9607.078283000001, "pnl": 15935.88412, "legends": 25946.75031, "lees_summit": 20951.84692, "cbd": 12771.481201500001, "log_population": 9.4053313318707996, "median_income": 174394.0, "poverty_rate": 0.025968672712283595, "bachelors_only": 0.38494167550371156, "college_plus": 0.78025215034759043, "no_college": 0.21974784965240957 }, "geometry": { "type": "MultiPolygon", "coordinates": [ [ [ [ -94.63293, 38.976214 ], [ -94.630308, 38.975416 ], [ -94.630315, 38.977071 ], [ -94.630319, 38.978704 ], [ -94.625677, 38.978705 ], [ -94.625702, 38.982344 ], [ -94.621059, 38.982341 ], [ -94.621067, 38.983988 ], [ -94.619966, 38.98412 ], [ -94.616449, 38.984163 ], [ -94.613379, 38.98416 ], [ -94.613313, 38.98471 ], [ -94.608284542888597, 38.985578138847401 ], [ -94.608300616654702, 38.984352178091697 ], [ -94.608334, 38.981806 ], [ -94.608318515554799, 38.9787245953992 ], [ -94.608298290742894, 38.974699857835503 ], [ -94.608294325620903, 38.973910798552801 ], [ -94.608262108024903, 38.967499496944598 ], [ -94.608207994421704, 38.956730889918198 ], [ -94.608207947805695, 38.956721613327602 ], [ -94.608170778496003, 38.949324920711099 ], [ -94.608134326897499, 38.942071052608298 ], [ -94.608134, 38.942006 ], [ -94.608134, 38.940006 ], [ -94.607866, 38.937398 ], [ -94.607926744844804, 38.937111631445802 ], [ -94.607978, 38.93687 ], [ -94.607978022843497, 38.936847961007999 ], [ -94.607978023842804, 38.9368469969152 ], [ -94.617589, 38.933803 ], [ -94.620673, 38.933092 ], [ -94.630234, 38.932806 ], [ -94.630199, 38.942168 ], [ -94.630303, 38.949433 ], [ -94.630388, 38.955366 ], [ -94.633004, 38.955224 ], [ -94.63276, 38.956838 ], [ -94.630406, 38.956834 ], [ -94.630336, 38.963213 ], [ -94.630294, 38.967743 ], [ -94.63026, 38.971411 ], [ -94.630874, 38.971419 ], [ -94.631441, 38.971557 ], [ -94.631409, 38.973193 ], [ -94.63027, 38.973194 ], [ -94.630283, 38.974408 ], [ -94.633562, 38.97538 ], [ -94.63293, 38.976214 ] ] ] ] } },
{ "type": "Feature", "properties": { "ZCTA5CE20": "66020", "AFFGEOID20": "860Z200US66020", "GEOID20": "66020", "NAME20": "66020", "LSAD20": "Z5", "ALAND20": 163997220.0, "AWATER20": 457373.0, "price_2012": 138932.80284272853, "price_2026": 416751.16282976349, "log_change": 1.0984989284071336, "pct_change": 1.9996599384921672, "dollar_change": 277818.35998703493, "mci": 33953.30135, "plaza": 55583.10518, "pnl": 52853.80255, "legends": 33973.05519, "lees_summit": 78454.42273000001, "cbd": 54218.453865000003, "log_population": 7.5005294853952948, "median_income": 78594.0, "poverty_rate": 0.12797281993204984, "bachelors_only": 0.13943355119825709, "college_plus": 0.24836601307189543, "no_college": 0.75163398692810457 }, "geometry": { "type": "MultiPolygon", "coordinates": [ [ [ [ -95.180196, 39.375613 ], [ -95.179973, 39.378412 ], [ -95.180036, 39.379057 ], [ -95.179936, 39.383298 ], [ -95.179928, 39.390088 ], [ -95.179914, 39.404678 ], [ -95.142411, 39.404631 ], [ -95.141723, 39.405075 ], [ -95.139984, 39.404525 ], [ -95.131904, 39.39794 ], [ -95.130306, 39.397298 ], [ -95.124002, 39.397281 ], [ -95.120537, 39.395286 ], [ -95.119338, 39.395857 ], [ -95.117451, 39.394177 ], [ -95.11683, 39.391106 ], [ -95.117183, 39.390036 ], [ -95.115061, 39.38968 ], [ -95.115094, 39.394416 ], [ -95.112514, 39.394466 ], [ -95.111655, 39.39512 ], [ -95.110955, 39.397583 ], [ -95.109199, 39.398591 ], [ -95.105757, 39.397945 ], [ -95.105113, 39.399114 ], [ -95.101881, 39.401796 ], [ -95.099388, 39.401265 ], [ -95.098209, 39.401752 ], [ -95.093186, 39.401098 ], [ -95.088925, 39.397826 ], [ -95.085624, 39.397203 ], [ -95.067103, 39.397166 ], [ -95.067189, 39.399472 ], [ -95.066977, 39.418981 ], [ -95.066441, 39.41898 ], [ -95.057225, 39.418967 ], [ -95.047721, 39.418954 ], [ -95.018169, 39.418893 ], [ -95.018897, 39.415272 ], [ -95.020511, 39.414925 ], [ -95.021497, 39.41321 ], [ -95.019626, 39.409641 ], [ -95.018178, 39.408714 ], [ -95.018633, 39.407513 ], [ -95.0241, 39.404334 ], [ -95.029566, 39.404345 ], [ -95.020455, 39.391753 ], [ -95.019424, 39.389798 ], [ -95.025126, 39.389936 ], [ -95.025105, 39.386148 ], [ -95.023017, 39.386191 ], [ -95.023126, 39.382559 ], [ -95.025845, 39.382407 ], [ -95.027802, 39.381015 ], [ -95.029847, 39.381384 ], [ -95.029868, 39.379862 ], [ -95.036589, 39.379818 ], [ -95.036589, 39.380754 ], [ -95.040156, 39.380514 ], [ -95.040526, 39.378666 ], [ -95.043701, 39.379035 ], [ -95.043767, 39.375447 ], [ -95.041244, 39.375403 ], [ -95.041222, 39.372771 ], [ -95.042657, 39.372793 ], [ -95.042651, 39.371723 ], [ -95.035584, 39.370743 ], [ -95.029905, 39.370205 ], [ -95.03039, 39.363233 ], [ -95.03794, 39.365133 ], [ -95.044754, 39.366164 ], [ -95.048176, 39.367536 ], [ -95.04993, 39.368689 ], [ -95.052024, 39.36812 ], [ -95.05583, 39.368129 ], [ -95.057973, 39.366578 ], [ -95.057982, 39.363299 ], [ -95.056586, 39.363227 ], [ -95.056402, 39.362984 ], [ -95.056628, 39.361957 ], [ -95.057133, 39.361521 ], [ -95.058, 39.361371 ], [ -95.058004, 39.36092 ], [ -95.067398, 39.360946 ], [ -95.067363, 39.331865 ], [ -95.058231, 39.331862 ], [ -95.058464, 39.317088 ], [ -95.044422, 39.317111 ], [ -95.044368, 39.310077 ], [ -95.04918, 39.310211 ], [ -95.049236, 39.30281 ], [ -95.05375, 39.302873 ], [ -95.053884, 39.29571 ], [ -95.058694, 39.295687 ], [ -95.059074, 39.266733 ], [ -95.05903, 39.259156 ], [ -95.068254, 39.259186 ], [ -95.074128, 39.259628 ], [ -95.077576, 39.259257 ], [ -95.077708, 39.266626 ], [ -95.086145, 39.266612 ], [ -95.083839, 39.26514 ], [ -95.082976, 39.260533 ], [ -95.083279, 39.259625 ], [ -95.105689, 39.259435 ], [ -95.132661, 39.259451 ], [ -95.133061, 39.25942 ], [ -95.133373, 39.274872 ], [ -95.132913, 39.278398 ], [ -95.136827, 39.278376 ], [ -95.136496, 39.28179 ], [ -95.152223, 39.281206 ], [ -95.151546, 39.277736 ], [ -95.16123, 39.277521 ], [ -95.161258, 39.285084 ], [ -95.162011, 39.28604 ], [ -95.16112, 39.28869 ], [ -95.161336, 39.317754 ], [ -95.17988, 39.317906 ], [ -95.18024, 39.374998 ], [ -95.180196, 39.375613 ] ] ] ] } },
{ "type": "Feature", "properties": { "ZCTA5CE20": "64093", "AFFGEOID20": "860Z200US64093", "GEOID20": "64093", "NAME20": "64093", "LSAD20": "Z5", "ALAND20": 493105905.0, "AWATER20": 1855517.0, "price_2012": 147387.71192274822, "price_2026": 267583.31770198239, "log_change": 0.59636437512192764, "pct_change": 0.81550628754067023, "dollar_change": 120195.60577923417, "mci": 102378.9908, "plaza": 79633.91673, "pnl": 81180.84583000001, "legends": 102201.6835, "lees_summit": 58267.03766, "cbd": 80407.38128, "log_population": 10.247041795304542, "median_income": 61094.0, "poverty_rate": 0.13791848617176128, "bachelors_only": 0.20271859887596394, "college_plus": 0.33832178800156842, "no_college": 0.66167821199843158 }, "geometry": { "type": "MultiPolygon", "coordinates": [ [ [ [ -93.850071, 38.90891 ], [ -93.849987, 38.909057 ], [ -93.836319, 38.908709 ], [ -93.834719, 38.937909 ], [ -93.816661, 38.937196 ], [ -93.798027, 38.936458 ], [ -93.792884, 38.936253 ], [ -93.77902, 38.935836 ], [ -93.735885, 38.934684 ], [ -93.723733, 38.934485 ], [ -93.724444, 38.912796 ], [ -93.715067, 38.912592 ], [ -93.714676, 38.920877 ], [ -93.711251, 38.920008 ], [ -93.711574, 38.918431 ], [ -93.708164, 38.917421 ], [ -93.707565, 38.915784 ], [ -93.704893, 38.913752 ], [ -93.704794, 38.911456 ], [ -93.703451, 38.910281 ], [ -93.700462, 38.908111 ], [ -93.699197, 38.908985 ], [ -93.696701, 38.907244 ], [ -93.694692, 38.904971 ], [ -93.694553, 38.904803 ], [ -93.691716, 38.902745 ], [ -93.692257, 38.90013 ], [ -93.691322, 38.899801 ], [ -93.690563, 38.898191 ], [ -93.689579, 38.898433 ], [ -93.687519, 38.897466 ], [ -93.685389, 38.897725 ], [ -93.682577, 38.897142 ], [ -93.681396, 38.897615 ], [ -93.679976, 38.896906 ], [ -93.676778, 38.897395 ], [ -93.67663, 38.895379 ], [ -93.674725, 38.896565 ], [ -93.675035, 38.895582 ], [ -93.67185, 38.896296 ], [ -93.671724, 38.895076 ], [ -93.669644, 38.894719 ], [ -93.666846, 38.895779 ], [ -93.666122, 38.895345 ], [ -93.66113, 38.896365 ], [ -93.659514, 38.895266 ], [ -93.656688, 38.895485 ], [ -93.654397, 38.895073 ], [ -93.652865, 38.8941 ], [ -93.65283, 38.893034 ], [ -93.649265, 38.895714 ], [ -93.645933, 38.895329 ], [ -93.642875, 38.896937 ], [ -93.641174, 38.896766 ], [ -93.641067, 38.898288 ], [ -93.63943, 38.897002 ], [ -93.637238, 38.89605 ], [ -93.633396, 38.896665 ], [ -93.63392, 38.888769 ], [ -93.633941, 38.888378 ], [ -93.634617, 38.873951 ], [ -93.629147, 38.871827 ], [ -93.622276, 38.869905 ], [ -93.622981, 38.868228 ], [ -93.624173, 38.859207 ], [ -93.62456, 38.858326 ], [ -93.626195, 38.856003 ], [ -93.632668, 38.852942 ], [ -93.634869, 38.851257 ], [ -93.636794, 38.84894 ], [ -93.639386, 38.846646 ], [ -93.643451, 38.841217 ], [ -93.646017, 38.837418 ], [ -93.646342, 38.834793 ], [ -93.646626, 38.829008 ], [ -93.646865, 38.828055 ], [ -93.648033, 38.824279 ], [ -93.648105, 38.823794 ], [ -93.648448, 38.821378 ], [ -93.65003, 38.818792 ], [ -93.650592, 38.818187 ], [ -93.652874, 38.816434 ], [ -93.65305, 38.816438 ], [ -93.654419, 38.815906 ], [ -93.665765, 38.813516 ], [ -93.666442, 38.813458 ], [ -93.666734, 38.801524 ], [ -93.658278, 38.801184 ], [ -93.657052, 38.799042 ], [ -93.657651, 38.795898 ], [ -93.658299, 38.786777 ], [ -93.619722, 38.785735 ], [ -93.620836, 38.784904 ], [ -93.621395, 38.776309 ], [ -93.626927, 38.776996 ], [ -93.630951, 38.776525 ], [ -93.6354, 38.775126 ], [ -93.644813, 38.770605 ], [ -93.642183, 38.770702 ], [ -93.623604, 38.767365 ], [ -93.626164, 38.76256 ], [ -93.627119, 38.759047 ], [ -93.628785, 38.756654 ], [ -93.628004, 38.753488 ], [ -93.630503, 38.751182 ], [ -93.634074, 38.750356 ], [ -93.63394, 38.749709 ], [ -93.627617, 38.749584 ], [ -93.628059, 38.742325 ], [ -93.619096, 38.74224 ], [ -93.597996, 38.741411 ], [ -93.595496, 38.741332 ], [ -93.595015, 38.741334 ], [ -93.594427, 38.740469 ], [ -93.594327, 38.738832 ], [ -93.592052, 38.734084 ], [ -93.595455, 38.734012 ], [ -93.595745, 38.733896 ], [ -93.595989, 38.730424 ], [ -93.591737, 38.730294 ], [ -93.591911, 38.726691 ], [ -93.596235, 38.726859 ], [ -93.596839, 38.726894 ], [ -93.604576, 38.727255 ], [ -93.604904, 38.725779 ], [ -93.605583, 38.725089 ], [ -93.60861, 38.724688 ], [ -93.611045, 38.721701 ], [ -93.613291, 38.721973 ], [ -93.616884, 38.721513 ], [ -93.617662, 38.720919 ], [ -93.615875, 38.718111 ], [ -93.613859, 38.716847 ], [ -93.612095, 38.71687 ], [ -93.60981, 38.715384 ], [ -93.609374, 38.71278 ], [ -93.607264, 38.713907 ], [ -93.606248, 38.715305 ], [ -93.605484, 38.71549 ], [ -93.604544, 38.715259 ], [ -93.603913, 38.714738 ], [ -93.603344, 38.713672 ], [ -93.603681, 38.713463 ], [ -93.60509, 38.713029 ], [ -93.605475, 38.712479 ], [ -93.605629, 38.711606 ], [ -93.606329, 38.71021 ], [ -93.606689, 38.709188 ], [ -93.60836, 38.706452 ], [ -93.608204, 38.704892 ], [ -93.61124, 38.705099 ], [ -93.612179, 38.704154 ], [ -93.611259, 38.701908 ], [ -93.608091, 38.703057 ], [ -93.607126, 38.702699 ], [ -93.607228, 38.70106 ], [ -93.609674, 38.700881 ], [ -93.609982, 38.699799 ], [ -93.611685, 38.697833 ], [ -93.610546, 38.696745 ], [ -93.609251, 38.697613 ], [ -93.608108, 38.696861 ], [ -93.610448, 38.695327 ], [ -93.612621, 38.694507 ], [ -93.614647, 38.694693 ], [ -93.617211, 38.693313 ], [ -93.616242, 38.691353 ], [ -93.616122, 38.689782 ], [ -93.617515, 38.687441 ], [ -93.619462, 38.686044 ], [ -93.618258, 38.683753 ], [ -93.624118, 38.684009 ], [ -93.624043, 38.682565 ], [ -93.626365, 38.67916 ], [ -93.628978, 38.680545 ], [ -93.631475, 38.678849 ], [ -93.629814, 38.678085 ], [ -93.629162, 38.676847 ], [ -93.627827, 38.676806 ], [ -93.627878, 38.675531 ], [ -93.630559, 38.675388 ], [ -93.63384, 38.673725 ], [ -93.636974, 38.671617 ], [ -93.635736, 38.668144 ], [ -93.637764, 38.667486 ], [ -93.638062, 38.662518 ], [ -93.640921, 38.662573 ], [ -93.643769, 38.664489 ], [ -93.64722, 38.664578 ], [ -93.648374, 38.662803 ], [ -93.656244, 38.662993 ], [ -93.656498, 38.664799 ], [ -93.661263, 38.664692 ], [ -93.66572, 38.665004 ], [ -93.665628, 38.66685 ], [ -93.668023, 38.666923 ], [ -93.668676, 38.663379 ], [ -93.675418, 38.663584 ], [ -93.675642, 38.659869 ], [ -93.684803, 38.660181 ], [ -93.685583, 38.656669 ], [ -93.694368, 38.656919 ], [ -93.694589, 38.653298 ], [ -93.703897, 38.653492 ], [ -93.704493, 38.642591 ], [ -93.751273, 38.643806 ], [ -93.751129, 38.658489 ], [ -93.759966, 38.658861 ], [ -93.760153, 38.655153 ], [ -93.774331, 38.655218 ], [ -93.774805, 38.644498 ], [ -93.776503, 38.644541 ], [ -93.776937, 38.634449 ], [ -93.783425, 38.634517 ], [ -93.786088, 38.634562 ], [ -93.807018, 38.634843 ], [ -93.810481, 38.638601 ], [ -93.810383, 38.642424 ], [ -93.81205, 38.645314 ], [ -93.810558, 38.648604 ], [ -93.807196, 38.652779 ], [ -93.816924, 38.653125 ], [ -93.816016, 38.675113 ], [ -93.815853, 38.678833 ], [ -93.80707, 38.678447 ], [ -93.806387, 38.678776 ], [ -93.805857, 38.689541 ], [ -93.805578, 38.693962 ], [ -93.80556, 38.696814 ], [ -93.804088, 38.725287 ], [ -93.803622, 38.730011 ], [ -93.799093, 38.729844 ], [ -93.798835, 38.733601 ], [ -93.778873, 38.732884 ], [ -93.778773, 38.735377 ], [ -93.779466, 38.739442 ], [ -93.777717, 38.745545 ], [ -93.775519, 38.749521 ], [ -93.773468, 38.751513 ], [ -93.771184, 38.75527 ], [ -93.769204, 38.760751 ], [ -93.768215, 38.760954 ], [ -93.770115, 38.761451 ], [ -93.777426, 38.761758 ], [ -93.776951, 38.769014 ], [ -93.773288, 38.768857 ], [ -93.772791, 38.776112 ], [ -93.776501, 38.776258 ], [ -93.791615, 38.777076 ], [ -93.801299, 38.777105 ], [ -93.801516, 38.769979 ], [ -93.801679, 38.771262 ], [ -93.804823, 38.773306 ], [ -93.807672, 38.776887 ], [ -93.810455, 38.777683 ], [ -93.81997, 38.778027 ], [ -93.819591, 38.785269 ], [ -93.82887, 38.78563 ], [ -93.828761, 38.787576 ], [ -93.831461, 38.789398 ], [ -93.83824, 38.789519 ], [ -93.836298, 38.824 ], [ -93.83561, 38.834885 ], [ -93.843924, 38.836336 ], [ -93.846014, 38.838993 ], [ -93.849313, 38.83911 ], [ -93.847964, 38.864084 ], [ -93.849931, 38.866304 ], [ -93.850256, 38.868263 ], [ -93.849432, 38.867843 ], [ -93.849519, 38.871337 ], [ -93.846491, 38.872733 ], [ -93.844207, 38.876307 ], [ -93.842008, 38.877214 ], [ -93.841532, 38.883121 ], [ -93.85158, 38.882849 ], [ -93.850071, 38.90891 ] ] ] ] } }
]
}
